ticker,pdf_stem,section_instance_id,section_code,section_title,section_file,source_start_char,source_end_char,provenance_version,page_start,page_end,char_count,word_count,split_method,confidence,source_size_bytes,source_mtime_utc,source_sha256
ETSY,ETSY-Etsy-2024,about_this_report__0001,about_this_report,SASB Disclosure,data/99_debug_etsy/03_sections/ETSY/ETSY-Etsy-2024__about_this_report__0001.txt,45561,46129,contiguous_v1,13,13,568,83,heading_regex,medium,78758,2026-07-23T13:49:56.391042200Z,81a38cbf344ce5e05c80666504a053f3ad444147bf9d0fafbaf7cfad25160077
ETSY,ETSY-Etsy-2024,about_this_report__0002,about_this_report,SASB Code Metric,data/99_debug_etsy/03_sections/ETSY/ETSY-Etsy-2024__about_this_report__0002.txt,49579,50914,contiguous_v1,14,14,1335,201,heading_regex,high,78758,2026-07-23T13:49:56.391042200Z,81a38cbf344ce5e05c80666504a053f3ad444147bf9d0fafbaf7cfad25160077
ETSY,ETSY-Etsy-2024,climate__0001,climate,Investing in Climate Solutions,data/99_debug_etsy/03_sections/ETSY/ETSY-Etsy-2024__climate__0001.txt,14805,15887,contiguous_v1,4,5,1082,157,heading_regex,high,78758,2026-07-23T13:49:56.391042200Z,81a38cbf344ce5e05c80666504a053f3ad444147bf9d0fafbaf7cfad25160077
ETSY,ETSY-Etsy-2024,climate__0002,climate,Helping Our Sellers Build Climate Resilience,data/99_debug_etsy/03_sections/ETSY/ETSY-Etsy-2024__climate__0002.txt,23183,24685,contiguous_v1,7,7,1502,224,heading_regex,high,78758,2026-07-23T13:49:56.391042200Z,81a38cbf344ce5e05c80666504a053f3ad444147bf9d0fafbaf7cfad25160077
ETSY,ETSY-Etsy-2024,climate__0003,climate,The Task Force on Climate-Related Financial Disclosures,data/99_debug_etsy/03_sections/ETSY/ETSY-Etsy-2024__climate__0003.txt,59241,62645,contiguous_v1,17,17,3404,513,heading_regex,high,78758,2026-07-23T13:49:56.391042200Z,81a38cbf344ce5e05c80666504a053f3ad444147bf9d0fafbaf7cfad25160077
ETSY,ETSY-Etsy-2024,climate__0004,climate,Processes for identifying and assessing climate-related risks,data/99_debug_etsy/03_sections/ETSY/ETSY-Etsy-2024__climate__0004.txt,74109,76478,contiguous_v1,20,20,2369,366,heading_regex,high,78758,2026-07-23T13:49:56.391042200Z,81a38cbf344ce5e05c80666504a053f3ad444147bf9d0fafbaf7cfad25160077
ETSY,ETSY-Etsy-2024,community__0001,community,Creative Community,data/99_debug_etsy/03_sections/ETSY/ETSY-Etsy-2024__community__0001.txt,38555,41491,contiguous_v1,11,12,2936,449,heading_regex,high,78758,2026-07-23T13:49:56.391042200Z,81a38cbf344ce5e05c80666504a053f3ad444147bf9d0fafbaf7cfad25160077
ETSY,ETSY-Etsy-2024,data_summary__0001,data_summary,Workforce Metrics,data/99_debug_etsy/03_sections/ETSY/ETSY-Etsy-2024__data_summary__0001.txt,31653,33226,contiguous_v1,9,9,1573,266,heading_regex,high,78758,2026-07-23T13:49:56.391042200Z,81a38cbf344ce5e05c80666504a053f3ad444147bf9d0fafbaf7cfad25160077
ETSY,ETSY-Etsy-2024,data_summary__0002,data_summary,AGE METRICS - GLOBAL*,data/99_debug_etsy/03_sections/ETSY/ETSY-Etsy-2024__data_summary__0002.txt,35027,35826,contiguous_v1,10,11,799,146,heading_regex,medium,78758,2026-07-23T13:49:56.391042200Z,81a38cbf344ce5e05c80666504a053f3ad444147bf9d0fafbaf7cfad25160077
ETSY,ETSY-Etsy-2024,data_summary__0003,data_summary,SASB Metrics,data/99_debug_etsy/03_sections/ETSY/ETSY-Etsy-2024__data_summary__0003.txt,46130,46837,contiguous_v1,13,13,707,103,heading_regex,medium,78758,2026-07-23T13:49:56.391042200Z,81a38cbf344ce5e05c80666504a053f3ad444147bf9d0fafbaf7cfad25160077
ETSY,ETSY-Etsy-2024,data_summary__0004,data_summary,Metrics,data/99_debug_etsy/03_sections/ETSY/ETSY-Etsy-2024__data_summary__0004.txt,53168,53568,contiguous_v1,14,15,400,73,heading_regex,medium,78758,2026-07-23T13:49:56.391042200Z,81a38cbf344ce5e05c80666504a053f3ad444147bf9d0fafbaf7cfad25160077
ETSY,ETSY-Etsy-2024,data_summary__0005,data_summary,Metrics and Targets,data/99_debug_etsy/03_sections/ETSY/ETSY-Etsy-2024__data_summary__0005.txt,76479,78740,contiguous_v1,20,20,2261,354,heading_regex,high,78758,2026-07-23T13:49:56.391042200Z,81a38cbf344ce5e05c80666504a053f3ad444147bf9d0fafbaf7cfad25160077
ETSY,ETSY-Etsy-2024,diversity_equity_inclusion__0001,diversity_equity_inclusion,Progress On Disability Inclusion,data/99_debug_etsy/03_sections/ETSY/ETSY-Etsy-2024__diversity_equity_inclusion__0001.txt,30519,31652,contiguous_v1,9,9,1133,178,heading_regex,high,78758,2026-07-23T13:49:56.391042200Z,81a38cbf344ce5e05c80666504a053f3ad444147bf9d0fafbaf7cfad25160077
ETSY,ETSY-Etsy-2024,diversity_equity_inclusion__0002,diversity_equity_inclusion,Supplier Diversity,data/99_debug_etsy/03_sections/ETSY/ETSY-Etsy-2024__diversity_equity_inclusion__0002.txt,35827,38554,contiguous_v1,11,11,2727,407,heading_regex,high,78758,2026-07-23T13:49:56.391042200Z,81a38cbf344ce5e05c80666504a053f3ad444147bf9d0fafbaf7cfad25160077
ETSY,ETSY-Etsy-2024,diversity_equity_inclusion__0003,diversity_equity_inclusion,"Employee Recruitment, Inclusion and Performance",data/99_debug_etsy/03_sections/ETSY/ETSY-Etsy-2024__diversity_equity_inclusion__0003.txt,50915,53167,contiguous_v1,14,14,2252,353,heading_regex,high,78758,2026-07-23T13:49:56.391042200Z,81a38cbf344ce5e05c80666504a053f3ad444147bf9d0fafbaf7cfad25160077
ETSY,ETSY-Etsy-2024,emissions__0001,emissions,ESY te Scope 3 greenhouse gas,data/99_debug_etsy/03_sections/ETSY/ETSY-Etsy-2024__emissions__0001.txt,7101,11413,contiguous_v1,3,4,4312,703,heading_regex,high,78758,2026-07-23T13:49:56.391042200Z,81a38cbf344ce5e05c80666504a053f3ad444147bf9d0fafbaf7cfad25160077
ETSY,ETSY-Etsy-2024,emissions__0002,emissions,Scope 2 - Location',data/99_debug_etsy/03_sections/ETSY/ETSY-Etsy-2024__emissions__0002.txt,53569,54042,contiguous_v1,15,15,473,71,heading_regex,medium,78758,2026-07-23T13:49:56.391042200Z,81a38cbf344ce5e05c80666504a053f3ad444147bf9d0fafbaf7cfad25160077
ETSY,ETSY-Etsy-2024,emissions__0003,emissions,Notes on Our GHG Inventory,data/99_debug_etsy/03_sections/ETSY/ETSY-Etsy-2024__emissions__0003.txt,55056,59240,contiguous_v1,16,16,4184,660,heading_regex,high,78758,2026-07-23T13:49:56.391042200Z,81a38cbf344ce5e05c80666504a053f3ad444147bf9d0fafbaf7cfad25160077
ETSY,ETSY-Etsy-2024,emissions__0004,emissions,Low-Emissions Transport,data/99_debug_etsy/03_sections/ETSY/ETSY-Etsy-2024__emissions__0004.txt,67680,69518,contiguous_v1,18,19,1838,268,heading_regex,high,78758,2026-07-23T13:49:56.391042200Z,81a38cbf344ce5e05c80666504a053f3ad444147bf9d0fafbaf7cfad25160077
ETSY,ETSY-Etsy-2024,energy__0001,energy,Energy Use,data/99_debug_etsy/03_sections/ETSY/ETSY-Etsy-2024__energy__0001.txt,15888,17908,contiguous_v1,5,5,2020,322,heading_regex,high,78758,2026-07-23T13:49:56.391042200Z,81a38cbf344ce5e05c80666504a053f3ad444147bf9d0fafbaf7cfad25160077
ETSY,ETSY-Etsy-2024,energy__0002,energy,"CG- Total energy consumed, MWh (Etsy marketplace)",data/99_debug_etsy/03_sections/ETSY/ETSY-Etsy-2024__energy__0002.txt,46838,48401,contiguous_v1,13,13,1563,246,heading_regex,high,78758,2026-07-23T13:49:56.391042200Z,81a38cbf344ce5e05c80666504a053f3ad444147bf9d0fafbaf7cfad25160077
ETSY,ETSY-Etsy-2024,energy__0003,energy,The availability of renewable,data/99_debug_etsy/03_sections/ETSY/ETSY-Etsy-2024__energy__0003.txt,65958,67679,contiguous_v1,18,18,1721,249,heading_regex,high,78758,2026-07-23T13:49:56.391042200Z,81a38cbf344ce5e05c80666504a053f3ad444147bf9d0fafbaf7cfad25160077
ETSY,ETSY-Etsy-2024,ethics_compliance__0001,ethics_compliance,Data Privacy and Advertising Standards,data/99_debug_etsy/03_sections/ETSY/ETSY-Etsy-2024__ethics_compliance__0001.txt,48402,49578,contiguous_v1,13,14,1176,176,heading_regex,high,78758,2026-07-23T13:49:56.391042200Z,81a38cbf344ce5e05c80666504a053f3ad444147bf9d0fafbaf7cfad25160077
ETSY,ETSY-Etsy-2024,governance__0001,governance,Risk Oversight & Management,data/99_debug_etsy/03_sections/ETSY/ETSY-Etsy-2024__governance__0001.txt,2554,7100,contiguous_v1,1,3,4546,700,heading_regex,high,78758,2026-07-23T13:49:56.391042200Z,81a38cbf344ce5e05c80666504a053f3ad444147bf9d0fafbaf7cfad25160077
ETSY,ETSY-Etsy-2024,governance__0002,governance,Board of Directors,data/99_debug_etsy/03_sections/ETSY/ETSY-Etsy-2024__governance__0002.txt,33227,35026,contiguous_v1,9,10,1799,369,heading_regex,high,78758,2026-07-23T13:49:56.391042200Z,81a38cbf344ce5e05c80666504a053f3ad444147bf9d0fafbaf7cfad25160077
ETSY,ETSY-Etsy-2024,governance__0003,governance,Thoughtful Corporate Governance,data/99_debug_etsy/03_sections/ETSY/ETSY-Etsy-2024__governance__0003.txt,41838,45560,contiguous_v1,12,12,3722,564,heading_regex,high,78758,2026-07-23T13:49:56.391042200Z,81a38cbf344ce5e05c80666504a053f3ad444147bf9d0fafbaf7cfad25160077
ETSY,ETSY-Etsy-2024,governance__0004,governance,Risk Oversight,data/99_debug_etsy/03_sections/ETSY/ETSY-Etsy-2024__governance__0004.txt,62646,65957,contiguous_v1,17,18,3311,491,heading_regex,high,78758,2026-07-23T13:49:56.391042200Z,81a38cbf344ce5e05c80666504a053f3ad444147bf9d0fafbaf7cfad25160077
ETSY,ETSY-Etsy-2024,human_capital__0001,human_capital,Workforce Access,data/99_debug_etsy/03_sections/ETSY/ETSY-Etsy-2024__human_capital__0001.txt,24686,30518,contiguous_v1,7,8,5832,913,heading_regex,high,78758,2026-07-23T13:49:56.391042200Z,81a38cbf344ce5e05c80666504a053f3ad444147bf9d0fafbaf7cfad25160077
ETSY,ETSY-Etsy-2024,human_capital__0002,human_capital,Fostering a culture of ethics and accountability,data/99_debug_etsy/03_sections/ETSY/ETSY-Etsy-2024__human_capital__0002.txt,41492,41837,contiguous_v1,12,12,345,50,heading_regex,medium,78758,2026-07-23T13:49:56.391042200Z,81a38cbf344ce5e05c80666504a053f3ad444147bf9d0fafbaf7cfad25160077
ETSY,ETSY-Etsy-2024,human_capital__0003,human_capital,Failure to meet employee,data/99_debug_etsy/03_sections/ETSY/ETSY-Etsy-2024__human_capital__0003.txt,69519,74108,contiguous_v1,19,20,4589,695,heading_regex,high,78758,2026-07-23T13:49:56.391042200Z,81a38cbf344ce5e05c80666504a053f3ad444147bf9d0fafbaf7cfad25160077
ETSY,ETSY-Etsy-2024,other__0001,other,Preamble,data/99_debug_etsy/03_sections/ETSY/ETSY-Etsy-2024__other__0001.txt,0,2553,contiguous_v1,1,1,2553,379,heading_regex,medium,78758,2026-07-23T13:49:56.391042200Z,81a38cbf344ce5e05c80666504a053f3ad444147bf9d0fafbaf7cfad25160077
ETSY,ETSY-Etsy-2024,supply_chain_ethics__0001,supply_chain_ethics,Our Supply Chain,data/99_debug_etsy/03_sections/ETSY/ETSY-Etsy-2024__supply_chain_ethics__0001.txt,11414,12446,contiguous_v1,4,4,1032,156,heading_regex,high,78758,2026-07-23T13:49:56.391042200Z,81a38cbf344ce5e05c80666504a053f3ad444147bf9d0fafbaf7cfad25160077
ETSY,ETSY-Etsy-2024,waste__0001,waste,Packaging,data/99_debug_etsy/03_sections/ETSY/ETSY-Etsy-2024__waste__0001.txt,12447,14804,contiguous_v1,4,4,2357,382,heading_regex,high,78758,2026-07-23T13:49:56.391042200Z,81a38cbf344ce5e05c80666504a053f3ad444147bf9d0fafbaf7cfad25160077
ETSY,ETSY-Etsy-2024,waste__0002,waste,"""Zero Waste""",data/99_debug_etsy/03_sections/ETSY/ETSY-Etsy-2024__waste__0002.txt,17909,23182,contiguous_v1,5,7,5273,822,heading_regex,high,78758,2026-07-23T13:49:56.391042200Z,81a38cbf344ce5e05c80666504a053f3ad444147bf9d0fafbaf7cfad25160077
ETSY,ETSY-Etsy-2024,waste__0003,waste,Waste 6 5,data/99_debug_etsy/03_sections/ETSY/ETSY-Etsy-2024__waste__0003.txt,54043,55055,contiguous_v1,15,15,1012,197,heading_regex,high,78758,2026-07-23T13:49:56.391042200Z,81a38cbf344ce5e05c80666504a053f3ad444147bf9d0fafbaf7cfad25160077
SONO,SONO-SONOS INC-2019,community__0001,community,Social impact,data/99_debug_etsy/03_sections/SONO/SONO-SONOS INC-2019__community__0001.txt,15124,18608,contiguous_v1,17,20,3484,575,heading_regex,high,19968,2026-07-23T17:59:17.923269400Z,7990f2d22ba6f4036d8765e9a6eafbf409bab704d991ef2ec3531037766e3e8c
SONO,SONO-SONOS INC-2019,energy__0001,energy,Conserving resources — especially energy,data/99_debug_etsy/03_sections/SONO/SONO-SONOS INC-2019__energy__0001.txt,14504,15123,contiguous_v1,16,17,619,101,heading_regex,medium,19968,2026-07-23T17:59:17.923269400Z,7990f2d22ba6f4036d8765e9a6eafbf409bab704d991ef2ec3531037766e3e8c
SONO,SONO-SONOS INC-2019,ethics_compliance__0001,ethics_compliance,5 Ethics,data/99_debug_etsy/03_sections/SONO/SONO-SONOS INC-2019__ethics_compliance__0001.txt,8218,9252,contiguous_v1,9,11,1034,169,heading_regex,high,19968,2026-07-23T17:59:17.923269400Z,7990f2d22ba6f4036d8765e9a6eafbf409bab704d991ef2ec3531037766e3e8c
SONO,SONO-SONOS INC-2019,ethics_compliance__0002,ethics_compliance,Privacy,data/99_debug_etsy/03_sections/SONO/SONO-SONOS INC-2019__ethics_compliance__0002.txt,12793,14503,contiguous_v1,15,16,1710,270,heading_regex,high,19968,2026-07-23T17:59:17.923269400Z,7990f2d22ba6f4036d8765e9a6eafbf409bab704d991ef2ec3531037766e3e8c
SONO,SONO-SONOS INC-2019,human_capital__0001,human_capital,Our people,data/99_debug_etsy/03_sections/SONO/SONO-SONOS INC-2019__human_capital__0001.txt,9253,12792,contiguous_v1,11,14,3539,622,heading_regex,high,19968,2026-07-23T17:59:17.923269400Z,7990f2d22ba6f4036d8765e9a6eafbf409bab704d991ef2ec3531037766e3e8c
SONO,SONO-SONOS INC-2019,human_capital__0002,human_capital,"For example, in Santa Barbara, Sonos employees",data/99_debug_etsy/03_sections/SONO/SONO-SONOS INC-2019__human_capital__0002.txt,18609,19887,contiguous_v1,20,21,1278,197,heading_regex,high,19968,2026-07-23T17:59:17.923269400Z,7990f2d22ba6f4036d8765e9a6eafbf409bab704d991ef2ec3531037766e3e8c
SONO,SONO-SONOS INC-2019,other__0001,other,Preamble,data/99_debug_etsy/03_sections/SONO/SONO-SONOS INC-2019__other__0001.txt,0,1250,contiguous_v1,1,3,1250,242,heading_regex,medium,19968,2026-07-23T17:59:17.923269400Z,7990f2d22ba6f4036d8765e9a6eafbf409bab704d991ef2ec3531037766e3e8c
SONO,SONO-SONOS INC-2019,supply_chain_ethics__0001,supply_chain_ethics,Supply chain,data/99_debug_etsy/03_sections/SONO/SONO-SONOS INC-2019__supply_chain_ethics__0001.txt,6311,8217,contiguous_v1,8,9,1906,341,heading_regex,high,19968,2026-07-23T17:59:17.923269400Z,7990f2d22ba6f4036d8765e9a6eafbf409bab704d991ef2ec3531037766e3e8c
SONO,SONO-SONOS INC-2019,waste__0001,waste,Longevity and circularity,data/99_debug_etsy/03_sections/SONO/SONO-SONOS INC-2019__waste__0001.txt,1251,6310,contiguous_v1,4,8,5059,829,heading_regex,high,19968,2026-07-23T17:59:17.923269400Z,7990f2d22ba6f4036d8765e9a6eafbf409bab704d991ef2ec3531037766e3e8c
ULTA,ULTA-ULTA BEAUTY INC-2020,about_this_report__0001,about_this_report,INTRODUCTION 2020 ESG REPORT,data/99_debug_etsy/03_sections/ULTA/ULTA-ULTA BEAUTY INC-2020__about_this_report__0001.txt,4630,5242,contiguous_v1,5,5,612,108,heading_regex,medium,71742,2026-07-23T17:59:04.476589700Z,295b2a8aad3eb210c7a6124fa5d72546176a7fcc25c04d100c09c449cb18dde3
ULTA,ULTA-ULTA BEAUTY INC-2020,appendix__0001,appendix,People 9 SASB Index,data/99_debug_etsy/03_sections/ULTA/ULTA-ULTA BEAUTY INC-2020__appendix__0001.txt,189,798,contiguous_v1,2,3,609,99,heading_regex,medium,71742,2026-07-23T17:59:04.476589700Z,295b2a8aad3eb210c7a6124fa5d72546176a7fcc25c04d100c09c449cb18dde3
ULTA,ULTA-ULTA BEAUTY INC-2020,appendix__0002,appendix,Standards Board (SASB) Index,data/99_debug_etsy/03_sections/ULTA/ULTA-ULTA BEAUTY INC-2020__appendix__0002.txt,64016,64453,contiguous_v1,33,33,437,66,heading_regex,medium,71742,2026-07-23T17:59:04.476589700Z,295b2a8aad3eb210c7a6124fa5d72546176a7fcc25c04d100c09c449cb18dde3
ULTA,ULTA-ULTA BEAUTY INC-2020,appendix__0003,appendix,Appendix,data/99_debug_etsy/03_sections/ULTA/ULTA-ULTA BEAUTY INC-2020__appendix__0003.txt,69079,71426,contiguous_v1,37,39,2347,451,heading_regex,high,71742,2026-07-23T17:59:04.476589700Z,295b2a8aad3eb210c7a6124fa5d72546176a7fcc25c04d100c09c449cb18dde3
ULTA,ULTA-ULTA BEAUTY INC-2020,ceo_letter__0001,ceo_letter,CEO MESSAGE,data/99_debug_etsy/03_sections/ULTA/ULTA-ULTA BEAUTY INC-2020__ceo_letter__0001.txt,799,4629,contiguous_v1,4,4,3830,639,heading_regex,high,71742,2026-07-23T17:59:04.476589700Z,295b2a8aad3eb210c7a6124fa5d72546176a7fcc25c04d100c09c449cb18dde3
ULTA,ULTA-ULTA BEAUTY INC-2020,community__0001,community,COMMUNITY 2020 ESG REPORT,data/99_debug_etsy/03_sections/ULTA/ULTA-ULTA BEAUTY INC-2020__community__0001.txt,44301,53680,contiguous_v1,24,28,9379,1504,heading_regex,high,71742,2026-07-23T17:59:04.476589700Z,295b2a8aad3eb210c7a6124fa5d72546176a7fcc25c04d100c09c449cb18dde3
ULTA,ULTA-ULTA BEAUTY INC-2020,data_summary__0001,data_summary,ACCOUNTING METRICS METRIC CATEGORY UNIT OF MEASURE CODE RESPONSE/COMMENT,data/99_debug_etsy/03_sections/ULTA/ULTA-ULTA BEAUTY INC-2020__data_summary__0001.txt,64454,65701,contiguous_v1,33,34,1247,180,heading_regex,high,71742,2026-07-23T17:59:04.476589700Z,295b2a8aad3eb210c7a6124fa5d72546176a7fcc25c04d100c09c449cb18dde3
ULTA,ULTA-ULTA BEAUTY INC-2020,data_summary__0002,data_summary,ACCOUNTING METRICS METRIC CATEGORY UNIT OF MEASURE CODE,data/99_debug_etsy/03_sections/ULTA/ULTA-ULTA BEAUTY INC-2020__data_summary__0002.txt,67847,69078,contiguous_v1,36,37,1231,193,heading_regex,high,71742,2026-07-23T17:59:04.476589700Z,295b2a8aad3eb210c7a6124fa5d72546176a7fcc25c04d100c09c449cb18dde3
ULTA,ULTA-ULTA BEAUTY INC-2020,diversity_equity_inclusion__0001,diversity_equity_inclusion,"Board diversity management (ERM) program in 2016, we",data/99_debug_etsy/03_sections/ULTA/ULTA-ULTA BEAUTY INC-2020__diversity_equity_inclusion__0001.txt,7284,10578,contiguous_v1,6,7,3294,622,heading_regex,high,71742,2026-07-23T17:59:04.476589700Z,295b2a8aad3eb210c7a6124fa5d72546176a7fcc25c04d100c09c449cb18dde3
ULTA,ULTA-ULTA BEAUTY INC-2020,diversity_equity_inclusion__0002,diversity_equity_inclusion,Diversity & Inclusion (continued),data/99_debug_etsy/03_sections/ULTA/ULTA-ULTA BEAUTY INC-2020__diversity_equity_inclusion__0002.txt,23147,25271,contiguous_v1,13,13,2124,338,heading_regex,high,71742,2026-07-23T17:59:04.476589700Z,295b2a8aad3eb210c7a6124fa5d72546176a7fcc25c04d100c09c449cb18dde3
ULTA,ULTA-ULTA BEAUTY INC-2020,emissions__0001,emissions,Energy & emissions,data/99_debug_etsy/03_sections/ULTA/ULTA-ULTA BEAUTY INC-2020__emissions__0001.txt,55763,56671,contiguous_v1,30,30,908,143,heading_regex,medium,71742,2026-07-23T17:59:04.476589700Z,295b2a8aad3eb210c7a6124fa5d72546176a7fcc25c04d100c09c449cb18dde3
ULTA,ULTA-ULTA BEAUTY INC-2020,emissions__0002,emissions,Energy & emissions (continued),data/99_debug_etsy/03_sections/ULTA/ULTA-ULTA BEAUTY INC-2020__emissions__0002.txt,57382,58503,contiguous_v1,31,31,1121,176,heading_regex,high,71742,2026-07-23T17:59:04.476589700Z,295b2a8aad3eb210c7a6124fa5d72546176a7fcc25c04d100c09c449cb18dde3
ULTA,ULTA-ULTA BEAUTY INC-2020,emissions__0003,emissions,"Indirect Other Emissions (Scope 3): 5,809.2",data/99_debug_etsy/03_sections/ULTA/ULTA-ULTA BEAUTY INC-2020__emissions__0003.txt,60182,61127,contiguous_v1,31,32,945,144,heading_regex,medium,71742,2026-07-23T17:59:04.476589700Z,295b2a8aad3eb210c7a6124fa5d72546176a7fcc25c04d100c09c449cb18dde3
ULTA,ULTA-ULTA BEAUTY INC-2020,energy__0001,energy,Department of Energy Better Buildings,data/99_debug_etsy/03_sections/ULTA/ULTA-ULTA BEAUTY INC-2020__energy__0001.txt,56672,57380,contiguous_v1,30,31,708,108,heading_regex,medium,71742,2026-07-23T17:59:04.476589700Z,295b2a8aad3eb210c7a6124fa5d72546176a7fcc25c04d100c09c449cb18dde3
ULTA,ULTA-ULTA BEAUTY INC-2020,energy__0002,energy,Supporting clean energy,data/99_debug_etsy/03_sections/ULTA/ULTA-ULTA BEAUTY INC-2020__energy__0002.txt,58505,58862,contiguous_v1,31,31,357,60,heading_regex,medium,71742,2026-07-23T17:59:04.476589700Z,295b2a8aad3eb210c7a6124fa5d72546176a7fcc25c04d100c09c449cb18dde3
ULTA,ULTA-ULTA BEAUTY INC-2020,environmental__0001,environmental,ENVIRONMENT 2020 ESG REPORT,data/99_debug_etsy/03_sections/ULTA/ULTA-ULTA BEAUTY INC-2020__environmental__0001.txt,53681,55762,contiguous_v1,29,30,2081,324,heading_regex,high,71742,2026-07-23T17:59:04.476589700Z,295b2a8aad3eb210c7a6124fa5d72546176a7fcc25c04d100c09c449cb18dde3
ULTA,ULTA-ULTA BEAUTY INC-2020,environmental__0002,environmental,Environmental Protection Agency (EPA).,data/99_debug_etsy/03_sections/ULTA/ULTA-ULTA BEAUTY INC-2020__environmental__0002.txt,58863,60181,contiguous_v1,31,31,1318,214,heading_regex,high,71742,2026-07-23T17:59:04.476589700Z,295b2a8aad3eb210c7a6124fa5d72546176a7fcc25c04d100c09c449cb18dde3
ULTA,ULTA-ULTA BEAUTY INC-2020,ethics_compliance__0001,ethics_compliance,Ethics & compliance,data/99_debug_etsy/03_sections/ULTA/ULTA-ULTA BEAUTY INC-2020__ethics_compliance__0001.txt,11833,12397,contiguous_v1,8,8,564,92,heading_regex,medium,71742,2026-07-23T17:59:04.476589700Z,295b2a8aad3eb210c7a6124fa5d72546176a7fcc25c04d100c09c449cb18dde3
ULTA,ULTA-ULTA BEAUTY INC-2020,ethics_compliance__0002,ethics_compliance,Chief Compliance Officer,data/99_debug_etsy/03_sections/ULTA/ULTA-ULTA BEAUTY INC-2020__ethics_compliance__0002.txt,13389,14905,contiguous_v1,8,10,1516,226,heading_regex,high,71742,2026-07-23T17:59:04.476589700Z,295b2a8aad3eb210c7a6124fa5d72546176a7fcc25c04d100c09c449cb18dde3
ULTA,ULTA-ULTA BEAUTY INC-2020,governance__0001,governance,Board oversight,data/99_debug_etsy/03_sections/ULTA/ULTA-ULTA BEAUTY INC-2020__governance__0001.txt,5243,7283,contiguous_v1,5,6,2040,301,heading_regex,high,71742,2026-07-23T17:59:04.476589700Z,295b2a8aad3eb210c7a6124fa5d72546176a7fcc25c04d100c09c449cb18dde3
ULTA,ULTA-ULTA BEAUTY INC-2020,governance__0002,governance,Oversight and enablement,data/99_debug_etsy/03_sections/ULTA/ULTA-ULTA BEAUTY INC-2020__governance__0002.txt,10579,11831,contiguous_v1,7,8,1252,382,heading_regex,high,71742,2026-07-23T17:59:04.476589700Z,295b2a8aad3eb210c7a6124fa5d72546176a7fcc25c04d100c09c449cb18dde3
ULTA,ULTA-ULTA BEAUTY INC-2020,governance__0003,governance,BOARD OF DIRECTORS,data/99_debug_etsy/03_sections/ULTA/ULTA-ULTA BEAUTY INC-2020__governance__0003.txt,21806,23145,contiguous_v1,12,13,1339,213,heading_regex,high,71742,2026-07-23T17:59:04.476589700Z,295b2a8aad3eb210c7a6124fa5d72546176a7fcc25c04d100c09c449cb18dde3
ULTA,ULTA-ULTA BEAUTY INC-2020,human_capital__0001,human_capital,Our Ulta Beauty Culture,data/99_debug_etsy/03_sections/ULTA/ULTA-ULTA BEAUTY INC-2020__human_capital__0001.txt,14906,21805,contiguous_v1,10,12,6899,1106,heading_regex,high,71742,2026-07-23T17:59:04.476589700Z,295b2a8aad3eb210c7a6124fa5d72546176a7fcc25c04d100c09c449cb18dde3
ULTA,ULTA-ULTA BEAUTY INC-2020,human_capital__0002,human_capital,Foundation matched associate,data/99_debug_etsy/03_sections/ULTA/ULTA-ULTA BEAUTY INC-2020__human_capital__0002.txt,25272,34289,contiguous_v1,13,18,9017,1402,heading_regex,high,71742,2026-07-23T17:59:04.476589700Z,295b2a8aad3eb210c7a6124fa5d72546176a7fcc25c04d100c09c449cb18dde3
ULTA,ULTA-ULTA BEAUTY INC-2020,human_capital__0003,human_capital,(2) Percentage of in-store employees,data/99_debug_etsy/03_sections/ULTA/ULTA-ULTA BEAUTY INC-2020__human_capital__0003.txt,65702,67846,contiguous_v1,34,36,2144,333,heading_regex,high,71742,2026-07-23T17:59:04.476589700Z,295b2a8aad3eb210c7a6124fa5d72546176a7fcc25c04d100c09c449cb18dde3
ULTA,ULTA-ULTA BEAUTY INC-2020,supply_chain_ethics__0001,supply_chain_ethics,"Vendor Standards, which are shared",data/99_debug_etsy/03_sections/ULTA/ULTA-ULTA BEAUTY INC-2020__supply_chain_ethics__0001.txt,12398,13388,contiguous_v1,8,8,990,153,heading_regex,medium,71742,2026-07-23T17:59:04.476589700Z,295b2a8aad3eb210c7a6124fa5d72546176a7fcc25c04d100c09c449cb18dde3
ULTA,ULTA-ULTA BEAUTY INC-2020,supply_chain_ethics__0002,supply_chain_ethics,"In addition, factory visits and third-party",data/99_debug_etsy/03_sections/ULTA/ULTA-ULTA BEAUTY INC-2020__supply_chain_ethics__0002.txt,34290,38542,contiguous_v1,18,20,4252,821,heading_regex,high,71742,2026-07-23T17:59:04.476589700Z,295b2a8aad3eb210c7a6124fa5d72546176a7fcc25c04d100c09c449cb18dde3
ULTA,ULTA-ULTA BEAUTY INC-2020,waste__0001,waste,SUSTAINABLE PACKAGING,data/99_debug_etsy/03_sections/ULTA/ULTA-ULTA BEAUTY INC-2020__waste__0001.txt,38544,44300,contiguous_v1,20,23,5756,946,heading_regex,high,71742,2026-07-23T17:59:04.476589700Z,295b2a8aad3eb210c7a6124fa5d72546176a7fcc25c04d100c09c449cb18dde3
ULTA,ULTA-ULTA BEAUTY INC-2020,waste__0002,waste,Water & waste,data/99_debug_etsy/03_sections/ULTA/ULTA-ULTA BEAUTY INC-2020__waste__0002.txt,61128,64014,contiguous_v1,32,33,2886,444,heading_regex,high,71742,2026-07-23T17:59:04.476589700Z,295b2a8aad3eb210c7a6124fa5d72546176a7fcc25c04d100c09c449cb18dde3
