chunk_id,source_id,source_version_id,ticker,canonical_ticker,doc_type,source_type,source_scope,retrieval_tier,include_in_esg_index,duplicate_of_source_id,doc_quality_status,rag_action,quality_flags,pdf_stem,section_code,section_instance_id,chunk_index,chunk_type,short_section_action,short_section_reason,merged_section_ids,token_count,char_count,chunk_file,source_section_file,source_size_bytes,source_mtime_utc,source_sha256,parsed_text_sha256,section_text_sha256,source_start_char,source_end_char,page_start,page_end,citation_ready,citation_validation_status,citation_validation_version
ETSY__ETSY_Etsy_2024__about_this_report__0001__chunk_0000,ETSY__ETSY_Etsy_2024,ETSY__ETSY_Etsy_2024__1c227df19a17,ETSY,ETSY,sustainability,sustainability,full_report,primary,true,,ok,index_as_esg,,ETSY-Etsy-2024,about_this_report,about_this_report__0001,0,normal,,,,111,568,data/99_debug_etsy/04_chunks/ETSY/ETSY-Etsy-2024__about_this_report__0001__chunk_0000.txt,data/99_debug_etsy/03_sections/ETSY/ETSY-Etsy-2024__about_this_report__0001.txt,568,2026-07-23T13:50:05.906870Z,15589904f0e77929cdf3748f2f64597d896e714be17c93144f5c736900e04bde,81a38cbf344ce5e05c80666504a053f3ad444147bf9d0fafbaf7cfad25160077,15589904f0e77929cdf3748f2f64597d896e714be17c93144f5c736900e04bde,45561,46129,13,13,true,verified_exact,semantic_v1
ETSY__ETSY_Etsy_2024__about_this_report__0002__chunk_0000,ETSY__ETSY_Etsy_2024,ETSY__ETSY_Etsy_2024__1c227df19a17,ETSY,ETSY,sustainability,sustainability,full_report,primary,true,,ok,index_as_esg,,ETSY-Etsy-2024,about_this_report,about_this_report__0002,0,normal,,,,251,1335,data/99_debug_etsy/04_chunks/ETSY/ETSY-Etsy-2024__about_this_report__0002__chunk_0000.txt,data/99_debug_etsy/03_sections/ETSY/ETSY-Etsy-2024__about_this_report__0002.txt,1335,2026-07-23T13:50:05.919879Z,e523385741ee26a1fc36f6bcb9ee35741d919d1993d4f369dfc03d54693aa09e,81a38cbf344ce5e05c80666504a053f3ad444147bf9d0fafbaf7cfad25160077,e523385741ee26a1fc36f6bcb9ee35741d919d1993d4f369dfc03d54693aa09e,49579,50914,14,14,true,verified_exact,semantic_v1
ETSY__ETSY_Etsy_2024__climate__0001__chunk_0000,ETSY__ETSY_Etsy_2024,ETSY__ETSY_Etsy_2024__1c227df19a17,ETSY,ETSY,sustainability,sustainability,full_report,primary,true,,ok,index_as_esg,,ETSY-Etsy-2024,climate,climate__0001,0,normal,,,,219,1082,data/99_debug_etsy/04_chunks/ETSY/ETSY-Etsy-2024__climate__0001__chunk_0000.txt,data/99_debug_etsy/03_sections/ETSY/ETSY-Etsy-2024__climate__0001.txt,1082,2026-07-23T13:50:05.868742Z,85c634778bf6c2fe5b1806940b09d8d403bf220f0fea4457c75a0dd56a7b7262,81a38cbf344ce5e05c80666504a053f3ad444147bf9d0fafbaf7cfad25160077,85c634778bf6c2fe5b1806940b09d8d403bf220f0fea4457c75a0dd56a7b7262,14805,15887,4,5,true,verified_exact,semantic_v1
ETSY__ETSY_Etsy_2024__climate__0002__chunk_0000,ETSY__ETSY_Etsy_2024,ETSY__ETSY_Etsy_2024__1c227df19a17,ETSY,ETSY,sustainability,sustainability,full_report,primary,true,,ok,index_as_esg,,ETSY-Etsy-2024,climate,climate__0002,0,normal,,,,295,1502,data/99_debug_etsy/04_chunks/ETSY/ETSY-Etsy-2024__climate__0002__chunk_0000.txt,data/99_debug_etsy/03_sections/ETSY/ETSY-Etsy-2024__climate__0002.txt,1502,2026-07-23T13:50:05.877430Z,6dd8fe6789b7d03a255d09725cb6cdde59c02311e419039b4c92e4fb72ebe16f,81a38cbf344ce5e05c80666504a053f3ad444147bf9d0fafbaf7cfad25160077,6dd8fe6789b7d03a255d09725cb6cdde59c02311e419039b4c92e4fb72ebe16f,23183,24685,7,7,true,verified_exact,semantic_v1
ETSY__ETSY_Etsy_2024__climate__0003__chunk_0000,ETSY__ETSY_Etsy_2024,ETSY__ETSY_Etsy_2024__1c227df19a17,ETSY,ETSY,sustainability,sustainability,full_report,primary,true,,ok,index_as_esg,,ETSY-Etsy-2024,climate,climate__0003,0,normal,,,,500,2518,data/99_debug_etsy/04_chunks/ETSY/ETSY-Etsy-2024__climate__0003__chunk_0000.txt,data/99_debug_etsy/03_sections/ETSY/ETSY-Etsy-2024__climate__0003.txt,3404,2026-07-23T13:50:05.937226Z,a37aa14ed8f12a9d9b31c74e3bf1d02dc8d5bb5ebea53a076b3584741af24570,81a38cbf344ce5e05c80666504a053f3ad444147bf9d0fafbaf7cfad25160077,a37aa14ed8f12a9d9b31c74e3bf1d02dc8d5bb5ebea53a076b3584741af24570,59241,61759,17,17,true,verified_exact,semantic_v1
ETSY__ETSY_Etsy_2024__climate__0003__chunk_0001,ETSY__ETSY_Etsy_2024,ETSY__ETSY_Etsy_2024__1c227df19a17,ETSY,ETSY,sustainability,sustainability,full_report,primary,true,,ok,index_as_esg,,ETSY-Etsy-2024,climate,climate__0003,1,normal,,,,226,1135,data/99_debug_etsy/04_chunks/ETSY/ETSY-Etsy-2024__climate__0003__chunk_0001.txt,data/99_debug_etsy/03_sections/ETSY/ETSY-Etsy-2024__climate__0003.txt,3404,2026-07-23T13:50:05.937226Z,a37aa14ed8f12a9d9b31c74e3bf1d02dc8d5bb5ebea53a076b3584741af24570,81a38cbf344ce5e05c80666504a053f3ad444147bf9d0fafbaf7cfad25160077,a37aa14ed8f12a9d9b31c74e3bf1d02dc8d5bb5ebea53a076b3584741af24570,61510,62645,17,17,true,verified_exact,semantic_v1
ETSY__ETSY_Etsy_2024__climate__0004__chunk_0000,ETSY__ETSY_Etsy_2024,ETSY__ETSY_Etsy_2024__1c227df19a17,ETSY,ETSY,sustainability,sustainability,full_report,primary,true,,ok,index_as_esg,,ETSY-Etsy-2024,climate,climate__0004,0,normal,,,,441,2369,data/99_debug_etsy/04_chunks/ETSY/ETSY-Etsy-2024__climate__0004__chunk_0000.txt,data/99_debug_etsy/03_sections/ETSY/ETSY-Etsy-2024__climate__0004.txt,2369,2026-07-23T13:50:05.950752Z,0a98bd4a994e2eb36dc772d68ef323f12ab931a1ceec575cdcc9f81fafb53f32,81a38cbf344ce5e05c80666504a053f3ad444147bf9d0fafbaf7cfad25160077,0a98bd4a994e2eb36dc772d68ef323f12ab931a1ceec575cdcc9f81fafb53f32,74109,76478,20,20,true,verified_exact,semantic_v1
ETSY__ETSY_Etsy_2024__community__0001__chunk_0000,ETSY__ETSY_Etsy_2024,ETSY__ETSY_Etsy_2024__1c227df19a17,ETSY,ETSY,sustainability,sustainability,full_report,primary,true,,ok,index_as_esg,,ETSY-Etsy-2024,community,community__0001,0,normal,,,,560,2936,data/99_debug_etsy/04_chunks/ETSY/ETSY-Etsy-2024__community__0001__chunk_0000.txt,data/99_debug_etsy/03_sections/ETSY/ETSY-Etsy-2024__community__0001.txt,2936,2026-07-23T13:50:05.896946Z,6fd09b9ddc36b7ddb89bce408f5c60e253a31f7afd19d489d4c9c18f232f0e59,81a38cbf344ce5e05c80666504a053f3ad444147bf9d0fafbaf7cfad25160077,6fd09b9ddc36b7ddb89bce408f5c60e253a31f7afd19d489d4c9c18f232f0e59,38555,41491,11,12,true,verified_exact,semantic_v1
ETSY__ETSY_Etsy_2024__data_summary__0001__chunk_0000,ETSY__ETSY_Etsy_2024,ETSY__ETSY_Etsy_2024__1c227df19a17,ETSY,ETSY,sustainability,sustainability,full_report,primary,true,,ok,index_as_esg,,ETSY-Etsy-2024,data_summary,data_summary__0001,0,normal,,,,409,1573,data/99_debug_etsy/04_chunks/ETSY/ETSY-Etsy-2024__data_summary__0001__chunk_0000.txt,data/99_debug_etsy/03_sections/ETSY/ETSY-Etsy-2024__data_summary__0001.txt,1573,2026-07-23T13:50:05.886974Z,63b405ba1dad0fe77d44efac58bfe819f27a2d73811ed9a5c293f8f8b6aaebcf,81a38cbf344ce5e05c80666504a053f3ad444147bf9d0fafbaf7cfad25160077,63b405ba1dad0fe77d44efac58bfe819f27a2d73811ed9a5c293f8f8b6aaebcf,31653,33226,9,9,true,verified_exact,semantic_v1
ETSY__ETSY_Etsy_2024__data_summary__0002__chunk_0000,ETSY__ETSY_Etsy_2024,ETSY__ETSY_Etsy_2024__1c227df19a17,ETSY,ETSY,sustainability,sustainability,full_report,primary,true,,ok,index_as_esg,,ETSY-Etsy-2024,data_summary,data_summary__0002,0,normal,,,,265,799,data/99_debug_etsy/04_chunks/ETSY/ETSY-Etsy-2024__data_summary__0002__chunk_0000.txt,data/99_debug_etsy/03_sections/ETSY/ETSY-Etsy-2024__data_summary__0002.txt,799,2026-07-23T13:50:05.891531Z,465a9ebcf533b3ffb2a6efd9fc784ed4534ea755f72b4f90ca25d0e4a9ccca55,81a38cbf344ce5e05c80666504a053f3ad444147bf9d0fafbaf7cfad25160077,465a9ebcf533b3ffb2a6efd9fc784ed4534ea755f72b4f90ca25d0e4a9ccca55,35027,35826,10,11,true,verified_exact,semantic_v1
ETSY__ETSY_Etsy_2024__data_summary__0003__chunk_0000,ETSY__ETSY_Etsy_2024,ETSY__ETSY_Etsy_2024__1c227df19a17,ETSY,ETSY,sustainability,sustainability,full_report,primary,true,,ok,index_as_esg,,ETSY-Etsy-2024,data_summary,data_summary__0003,0,normal,,,,162,707,data/99_debug_etsy/04_chunks/ETSY/ETSY-Etsy-2024__data_summary__0003__chunk_0000.txt,data/99_debug_etsy/03_sections/ETSY/ETSY-Etsy-2024__data_summary__0003.txt,707,2026-07-23T13:50:05.908910Z,db01d27ffbd5297638651af29177fa1deb270ee20ad520c9d4d9c0a4ca11b33c,81a38cbf344ce5e05c80666504a053f3ad444147bf9d0fafbaf7cfad25160077,db01d27ffbd5297638651af29177fa1deb270ee20ad520c9d4d9c0a4ca11b33c,46130,46837,13,13,true,verified_exact,semantic_v1
ETSY__ETSY_Etsy_2024__data_summary__0004__chunk_0000,ETSY__ETSY_Etsy_2024,ETSY__ETSY_Etsy_2024__1c227df19a17,ETSY,ETSY,sustainability,sustainability,full_report,primary,true,,ok,index_as_esg,,ETSY-Etsy-2024,data_summary,data_summary__0004,0,normal,,,,108,400,data/99_debug_etsy/04_chunks/ETSY/ETSY-Etsy-2024__data_summary__0004__chunk_0000.txt,data/99_debug_etsy/03_sections/ETSY/ETSY-Etsy-2024__data_summary__0004.txt,400,2026-07-23T13:50:05.924580Z,b7dbf6b77ff9e63b86d71b17a0401c93af1ff316efd1ce062b739a2ba4fcb92f,81a38cbf344ce5e05c80666504a053f3ad444147bf9d0fafbaf7cfad25160077,b7dbf6b77ff9e63b86d71b17a0401c93af1ff316efd1ce062b739a2ba4fcb92f,53168,53568,14,15,true,verified_exact,semantic_v1
ETSY__ETSY_Etsy_2024__data_summary__0005__chunk_0000,ETSY__ETSY_Etsy_2024,ETSY__ETSY_Etsy_2024__1c227df19a17,ETSY,ETSY,sustainability,sustainability,full_report,primary,true,,ok,index_as_esg,,ETSY-Etsy-2024,data_summary,data_summary__0005,0,normal,,,,445,2261,data/99_debug_etsy/04_chunks/ETSY/ETSY-Etsy-2024__data_summary__0005__chunk_0000.txt,data/99_debug_etsy/03_sections/ETSY/ETSY-Etsy-2024__data_summary__0005.txt,2261,2026-07-23T13:50:05.952752Z,5293dcf0b8d2070ce7f48c3afc7d416a5723ea0bd747be86355c30f0a2710ce1,81a38cbf344ce5e05c80666504a053f3ad444147bf9d0fafbaf7cfad25160077,5293dcf0b8d2070ce7f48c3afc7d416a5723ea0bd747be86355c30f0a2710ce1,76479,78740,20,20,true,verified_exact,semantic_v1
ETSY__ETSY_Etsy_2024__diversity_equity_inclusion__0001__chunk_0000,ETSY__ETSY_Etsy_2024,ETSY__ETSY_Etsy_2024__1c227df19a17,ETSY,ETSY,sustainability,sustainability,full_report,primary,true,,ok,index_as_esg,,ETSY-Etsy-2024,diversity_equity_inclusion,diversity_equity_inclusion__0001,0,normal,,,,232,1133,data/99_debug_etsy/04_chunks/ETSY/ETSY-Etsy-2024__diversity_equity_inclusion__0001__chunk_0000.txt,data/99_debug_etsy/03_sections/ETSY/ETSY-Etsy-2024__diversity_equity_inclusion__0001.txt,1133,2026-07-23T13:50:05.884460Z,cadf1672c44c4c9644e7180e99989b74da59b500163b85d1863f2cc2e96ffec0,81a38cbf344ce5e05c80666504a053f3ad444147bf9d0fafbaf7cfad25160077,cadf1672c44c4c9644e7180e99989b74da59b500163b85d1863f2cc2e96ffec0,30519,31652,9,9,true,verified_exact,semantic_v1
ETSY__ETSY_Etsy_2024__diversity_equity_inclusion__0002__chunk_0000,ETSY__ETSY_Etsy_2024,ETSY__ETSY_Etsy_2024__1c227df19a17,ETSY,ETSY,sustainability,sustainability,full_report,primary,true,,ok,index_as_esg,,ETSY-Etsy-2024,diversity_equity_inclusion,diversity_equity_inclusion__0002,0,normal,,,,512,2727,data/99_debug_etsy/04_chunks/ETSY/ETSY-Etsy-2024__diversity_equity_inclusion__0002__chunk_0000.txt,data/99_debug_etsy/03_sections/ETSY/ETSY-Etsy-2024__diversity_equity_inclusion__0002.txt,2727,2026-07-23T13:50:05.894572Z,8f2791da76b8eb35b8e701c5692669832177d7ff2fb0ab126ab95801d8194845,81a38cbf344ce5e05c80666504a053f3ad444147bf9d0fafbaf7cfad25160077,8f2791da76b8eb35b8e701c5692669832177d7ff2fb0ab126ab95801d8194845,35827,38554,11,11,true,verified_exact,semantic_v1
ETSY__ETSY_Etsy_2024__diversity_equity_inclusion__0003__chunk_0000,ETSY__ETSY_Etsy_2024,ETSY__ETSY_Etsy_2024__1c227df19a17,ETSY,ETSY,sustainability,sustainability,full_report,primary,true,,ok,index_as_esg,,ETSY-Etsy-2024,diversity_equity_inclusion,diversity_equity_inclusion__0003,0,normal,,,,511,2252,data/99_debug_etsy/04_chunks/ETSY/ETSY-Etsy-2024__diversity_equity_inclusion__0003__chunk_0000.txt,data/99_debug_etsy/03_sections/ETSY/ETSY-Etsy-2024__diversity_equity_inclusion__0003.txt,2253,2026-07-23T13:50:05.922076Z,534c5228852c265363a7094d50032648f50274914d18ef0a78fbb3de4df1a3b5,81a38cbf344ce5e05c80666504a053f3ad444147bf9d0fafbaf7cfad25160077,534c5228852c265363a7094d50032648f50274914d18ef0a78fbb3de4df1a3b5,50915,53167,14,14,true,verified_exact,semantic_v1
ETSY__ETSY_Etsy_2024__emissions__0001__chunk_0000,ETSY__ETSY_Etsy_2024,ETSY__ETSY_Etsy_2024__1c227df19a17,ETSY,ETSY,sustainability,sustainability,full_report,primary,true,,ok,index_as_esg,,ETSY-Etsy-2024,emissions,emissions__0001,0,normal,,,,500,2022,data/99_debug_etsy/04_chunks/ETSY/ETSY-Etsy-2024__emissions__0001__chunk_0000.txt,data/99_debug_etsy/03_sections/ETSY/ETSY-Etsy-2024__emissions__0001.txt,4312,2026-07-23T13:50:05.861283Z,fb781e3764786119d719823578574bb12b1b6335892ce91e59e9c5dc1e9c123f,81a38cbf344ce5e05c80666504a053f3ad444147bf9d0fafbaf7cfad25160077,fb781e3764786119d719823578574bb12b1b6335892ce91e59e9c5dc1e9c123f,7101,9123,3,3,true,verified_exact,semantic_v1
ETSY__ETSY_Etsy_2024__emissions__0001__chunk_0001,ETSY__ETSY_Etsy_2024,ETSY__ETSY_Etsy_2024__1c227df19a17,ETSY,ETSY,sustainability,sustainability,full_report,primary,true,,ok,index_as_esg,,ETSY-Etsy-2024,emissions,emissions__0001,1,normal,,,,562,2472,data/99_debug_etsy/04_chunks/ETSY/ETSY-Etsy-2024__emissions__0001__chunk_0001.txt,data/99_debug_etsy/03_sections/ETSY/ETSY-Etsy-2024__emissions__0001.txt,4312,2026-07-23T13:50:05.861283Z,fb781e3764786119d719823578574bb12b1b6335892ce91e59e9c5dc1e9c123f,81a38cbf344ce5e05c80666504a053f3ad444147bf9d0fafbaf7cfad25160077,fb781e3764786119d719823578574bb12b1b6335892ce91e59e9c5dc1e9c123f,8941,11413,3,4,true,verified_exact,semantic_v1
ETSY__ETSY_Etsy_2024__emissions__0002__chunk_0000,ETSY__ETSY_Etsy_2024,ETSY__ETSY_Etsy_2024__1c227df19a17,ETSY,ETSY,sustainability,sustainability,full_report,primary,true,,ok,index_as_esg,,ETSY-Etsy-2024,emissions,emissions__0002,0,normal,,,,125,473,data/99_debug_etsy/04_chunks/ETSY/ETSY-Etsy-2024__emissions__0002__chunk_0000.txt,data/99_debug_etsy/03_sections/ETSY/ETSY-Etsy-2024__emissions__0002.txt,474,2026-07-23T13:50:05.929092Z,2403094e85e5163086ec17c545bd74cfe81f0c0e4cd8d38c8817db058b6589cc,81a38cbf344ce5e05c80666504a053f3ad444147bf9d0fafbaf7cfad25160077,2403094e85e5163086ec17c545bd74cfe81f0c0e4cd8d38c8817db058b6589cc,53569,54042,15,15,true,verified_exact,semantic_v1
ETSY__ETSY_Etsy_2024__emissions__0003__chunk_0000,ETSY__ETSY_Etsy_2024,ETSY__ETSY_Etsy_2024__1c227df19a17,ETSY,ETSY,sustainability,sustainability,full_report,primary,true,,ok,index_as_esg,,ETSY-Etsy-2024,emissions,emissions__0003,0,normal,,,,500,2500,data/99_debug_etsy/04_chunks/ETSY/ETSY-Etsy-2024__emissions__0003__chunk_0000.txt,data/99_debug_etsy/03_sections/ETSY/ETSY-Etsy-2024__emissions__0003.txt,4184,2026-07-23T13:50:05.934619Z,7d60c616466dac0f5987c94f06a2dc41664fc3642b7d948c13f26102760125c3,81a38cbf344ce5e05c80666504a053f3ad444147bf9d0fafbaf7cfad25160077,7d60c616466dac0f5987c94f06a2dc41664fc3642b7d948c13f26102760125c3,55056,57556,16,16,true,verified_exact,semantic_v1
ETSY__ETSY_Etsy_2024__emissions__0003__chunk_0001,ETSY__ETSY_Etsy_2024,ETSY__ETSY_Etsy_2024__1c227df19a17,ETSY,ETSY,sustainability,sustainability,full_report,primary,true,,ok,index_as_esg,,ETSY-Etsy-2024,emissions,emissions__0003,1,normal,,,,383,1957,data/99_debug_etsy/04_chunks/ETSY/ETSY-Etsy-2024__emissions__0003__chunk_0001.txt,data/99_debug_etsy/03_sections/ETSY/ETSY-Etsy-2024__emissions__0003.txt,4184,2026-07-23T13:50:05.934619Z,7d60c616466dac0f5987c94f06a2dc41664fc3642b7d948c13f26102760125c3,81a38cbf344ce5e05c80666504a053f3ad444147bf9d0fafbaf7cfad25160077,7d60c616466dac0f5987c94f06a2dc41664fc3642b7d948c13f26102760125c3,57283,59240,16,16,true,verified_exact,semantic_v1
ETSY__ETSY_Etsy_2024__emissions__0004__chunk_0000,ETSY__ETSY_Etsy_2024,ETSY__ETSY_Etsy_2024__1c227df19a17,ETSY,ETSY,sustainability,sustainability,full_report,primary,true,,ok,index_as_esg,,ETSY-Etsy-2024,emissions,emissions__0004,0,normal,,,,359,1838,data/99_debug_etsy/04_chunks/ETSY/ETSY-Etsy-2024__emissions__0004__chunk_0000.txt,data/99_debug_etsy/03_sections/ETSY/ETSY-Etsy-2024__emissions__0004.txt,1838,2026-07-23T13:50:05.944739Z,0fdd57be280ce87da97bda554a725e22695f0344ceebba7e95d37733c660d250,81a38cbf344ce5e05c80666504a053f3ad444147bf9d0fafbaf7cfad25160077,0fdd57be280ce87da97bda554a725e22695f0344ceebba7e95d37733c660d250,67680,69518,18,19,true,verified_exact,semantic_v1
ETSY__ETSY_Etsy_2024__energy__0001__chunk_0000,ETSY__ETSY_Etsy_2024,ETSY__ETSY_Etsy_2024__1c227df19a17,ETSY,ETSY,sustainability,sustainability,full_report,primary,true,,ok,index_as_esg,,ETSY-Etsy-2024,energy,energy__0001,0,normal,,,,441,2020,data/99_debug_etsy/04_chunks/ETSY/ETSY-Etsy-2024__energy__0001__chunk_0000.txt,data/99_debug_etsy/03_sections/ETSY/ETSY-Etsy-2024__energy__0001.txt,2020,2026-07-23T13:50:05.871661Z,89ffffb5500451aeab461dd3470cb0343e678523c36b93650348ab322fe1bda9,81a38cbf344ce5e05c80666504a053f3ad444147bf9d0fafbaf7cfad25160077,89ffffb5500451aeab461dd3470cb0343e678523c36b93650348ab322fe1bda9,15888,17908,5,5,true,verified_exact,semantic_v1
ETSY__ETSY_Etsy_2024__energy__0002__chunk_0000,ETSY__ETSY_Etsy_2024,ETSY__ETSY_Etsy_2024__1c227df19a17,ETSY,ETSY,sustainability,sustainability,full_report,primary,true,,ok,index_as_esg,,ETSY-Etsy-2024,energy,energy__0002,0,normal,,,,353,1563,data/99_debug_etsy/04_chunks/ETSY/ETSY-Etsy-2024__energy__0002__chunk_0000.txt,data/99_debug_etsy/03_sections/ETSY/ETSY-Etsy-2024__energy__0002.txt,1563,2026-07-23T13:50:05.912437Z,4834734ba941288ea3ed1c4452b6ad2820aeaafdc61cf2de88df2d25fd63f87b,81a38cbf344ce5e05c80666504a053f3ad444147bf9d0fafbaf7cfad25160077,4834734ba941288ea3ed1c4452b6ad2820aeaafdc61cf2de88df2d25fd63f87b,46838,48401,13,13,true,verified_exact,semantic_v1
ETSY__ETSY_Etsy_2024__energy__0003__chunk_0000,ETSY__ETSY_Etsy_2024,ETSY__ETSY_Etsy_2024__1c227df19a17,ETSY,ETSY,sustainability,sustainability,full_report,primary,true,,ok,index_as_esg,,ETSY-Etsy-2024,energy,energy__0003,0,normal,,,,358,1721,data/99_debug_etsy/04_chunks/ETSY/ETSY-Etsy-2024__energy__0003__chunk_0000.txt,data/99_debug_etsy/03_sections/ETSY/ETSY-Etsy-2024__energy__0003.txt,1721,2026-07-23T13:50:05.942733Z,132c3f08c34dc8e12d5b1639233c0e0a5f5b994ac91329717ea966eba3ac8349,81a38cbf344ce5e05c80666504a053f3ad444147bf9d0fafbaf7cfad25160077,132c3f08c34dc8e12d5b1639233c0e0a5f5b994ac91329717ea966eba3ac8349,65958,67679,18,18,true,verified_exact,semantic_v1
ETSY__ETSY_Etsy_2024__ethics_compliance__0001__chunk_0000,ETSY__ETSY_Etsy_2024,ETSY__ETSY_Etsy_2024__1c227df19a17,ETSY,ETSY,sustainability,sustainability,full_report,primary,true,,ok,index_as_esg,,ETSY-Etsy-2024,ethics_compliance,ethics_compliance__0001,0,normal,,,,212,1176,data/99_debug_etsy/04_chunks/ETSY/ETSY-Etsy-2024__ethics_compliance__0001__chunk_0000.txt,data/99_debug_etsy/03_sections/ETSY/ETSY-Etsy-2024__ethics_compliance__0001.txt,1176,2026-07-23T13:50:05.916022Z,5b00d3745e84fa3c7d053c80221873060e4f695909ac818ead6a494b7f35bfa7,81a38cbf344ce5e05c80666504a053f3ad444147bf9d0fafbaf7cfad25160077,5b00d3745e84fa3c7d053c80221873060e4f695909ac818ead6a494b7f35bfa7,48402,49578,13,14,true,verified_exact,semantic_v1
ETSY__ETSY_Etsy_2024__governance__0001__chunk_0000,ETSY__ETSY_Etsy_2024,ETSY__ETSY_Etsy_2024__1c227df19a17,ETSY,ETSY,sustainability,sustainability,full_report,primary,true,,ok,index_as_esg,,ETSY-Etsy-2024,governance,governance__0001,0,normal,,,,500,2451,data/99_debug_etsy/04_chunks/ETSY/ETSY-Etsy-2024__governance__0001__chunk_0000.txt,data/99_debug_etsy/03_sections/ETSY/ETSY-Etsy-2024__governance__0001.txt,4546,2026-07-23T13:50:05.858274Z,162208898a6c46b80e134d3af85fd522da7fbc66320bdd175c955164a4f2a0e7,81a38cbf344ce5e05c80666504a053f3ad444147bf9d0fafbaf7cfad25160077,162208898a6c46b80e134d3af85fd522da7fbc66320bdd175c955164a4f2a0e7,2554,5005,1,2,true,verified_exact,semantic_v1
ETSY__ETSY_Etsy_2024__governance__0001__chunk_0001,ETSY__ETSY_Etsy_2024,ETSY__ETSY_Etsy_2024__1c227df19a17,ETSY,ETSY,sustainability,sustainability,full_report,primary,true,,ok,index_as_esg,,ETSY-Etsy-2024,governance,governance__0001,1,normal,,,,493,2314,data/99_debug_etsy/04_chunks/ETSY/ETSY-Etsy-2024__governance__0001__chunk_0001.txt,data/99_debug_etsy/03_sections/ETSY/ETSY-Etsy-2024__governance__0001.txt,4546,2026-07-23T13:50:05.858274Z,162208898a6c46b80e134d3af85fd522da7fbc66320bdd175c955164a4f2a0e7,81a38cbf344ce5e05c80666504a053f3ad444147bf9d0fafbaf7cfad25160077,162208898a6c46b80e134d3af85fd522da7fbc66320bdd175c955164a4f2a0e7,4786,7100,2,3,true,verified_exact,semantic_v1
ETSY__ETSY_Etsy_2024__governance__0002__chunk_0000,ETSY__ETSY_Etsy_2024,ETSY__ETSY_Etsy_2024__1c227df19a17,ETSY,ETSY,sustainability,sustainability,full_report,primary,true,,ok,index_as_esg,,ETSY-Etsy-2024,governance,governance__0002,0,normal,,,,500,1173,data/99_debug_etsy/04_chunks/ETSY/ETSY-Etsy-2024__governance__0002__chunk_0000.txt,data/99_debug_etsy/03_sections/ETSY/ETSY-Etsy-2024__governance__0002.txt,1800,2026-07-23T13:50:05.888991Z,b345aeb25e1012cf7f51adc2339c47e117fd928d5142a7faf8ccc823b4684401,81a38cbf344ce5e05c80666504a053f3ad444147bf9d0fafbaf7cfad25160077,b345aeb25e1012cf7f51adc2339c47e117fd928d5142a7faf8ccc823b4684401,33227,34400,9,10,true,verified_exact,semantic_v1
ETSY__ETSY_Etsy_2024__governance__0002__chunk_0001,ETSY__ETSY_Etsy_2024,ETSY__ETSY_Etsy_2024__1c227df19a17,ETSY,ETSY,sustainability,sustainability,full_report,primary,true,,ok,index_as_esg,,ETSY-Etsy-2024,governance,governance__0002,1,normal,,,,275,764,data/99_debug_etsy/04_chunks/ETSY/ETSY-Etsy-2024__governance__0002__chunk_0001.txt,data/99_debug_etsy/03_sections/ETSY/ETSY-Etsy-2024__governance__0002.txt,1800,2026-07-23T13:50:05.888991Z,b345aeb25e1012cf7f51adc2339c47e117fd928d5142a7faf8ccc823b4684401,81a38cbf344ce5e05c80666504a053f3ad444147bf9d0fafbaf7cfad25160077,b345aeb25e1012cf7f51adc2339c47e117fd928d5142a7faf8ccc823b4684401,34262,35026,10,10,true,verified_exact,semantic_v1
ETSY__ETSY_Etsy_2024__governance__0003__chunk_0000,ETSY__ETSY_Etsy_2024,ETSY__ETSY_Etsy_2024__1c227df19a17,ETSY,ETSY,sustainability,sustainability,full_report,primary,true,,ok,index_as_esg,,ETSY-Etsy-2024,governance,governance__0003,0,normal,,,,500,2760,data/99_debug_etsy/04_chunks/ETSY/ETSY-Etsy-2024__governance__0003__chunk_0000.txt,data/99_debug_etsy/03_sections/ETSY/ETSY-Etsy-2024__governance__0003.txt,3722,2026-07-23T13:50:05.903837Z,63addd5d0b82299c6c4ba31adbe940b8d8985517e56cbb40f7ac26e00fe27ab7,81a38cbf344ce5e05c80666504a053f3ad444147bf9d0fafbaf7cfad25160077,63addd5d0b82299c6c4ba31adbe940b8d8985517e56cbb40f7ac26e00fe27ab7,41838,44598,12,12,true,verified_exact,semantic_v1
ETSY__ETSY_Etsy_2024__governance__0003__chunk_0001,ETSY__ETSY_Etsy_2024,ETSY__ETSY_Etsy_2024__1c227df19a17,ETSY,ETSY,sustainability,sustainability,full_report,primary,true,,ok,index_as_esg,,ETSY-Etsy-2024,governance,governance__0003,1,normal,,,,239,1244,data/99_debug_etsy/04_chunks/ETSY/ETSY-Etsy-2024__governance__0003__chunk_0001.txt,data/99_debug_etsy/03_sections/ETSY/ETSY-Etsy-2024__governance__0003.txt,3722,2026-07-23T13:50:05.903837Z,63addd5d0b82299c6c4ba31adbe940b8d8985517e56cbb40f7ac26e00fe27ab7,81a38cbf344ce5e05c80666504a053f3ad444147bf9d0fafbaf7cfad25160077,63addd5d0b82299c6c4ba31adbe940b8d8985517e56cbb40f7ac26e00fe27ab7,44316,45560,12,12,true,verified_exact,semantic_v1
ETSY__ETSY_Etsy_2024__governance__0004__chunk_0000,ETSY__ETSY_Etsy_2024,ETSY__ETSY_Etsy_2024__1c227df19a17,ETSY,ETSY,sustainability,sustainability,full_report,primary,true,,ok,index_as_esg,,ETSY-Etsy-2024,governance,governance__0004,0,normal,,,,500,2755,data/99_debug_etsy/04_chunks/ETSY/ETSY-Etsy-2024__governance__0004__chunk_0000.txt,data/99_debug_etsy/03_sections/ETSY/ETSY-Etsy-2024__governance__0004.txt,3311,2026-07-23T13:50:05.939739Z,9e1f474399d66bf3fd13e6c7b7995942414abd7461bdb319bb2859d3e945523b,81a38cbf344ce5e05c80666504a053f3ad444147bf9d0fafbaf7cfad25160077,9e1f474399d66bf3fd13e6c7b7995942414abd7461bdb319bb2859d3e945523b,62646,65401,17,18,true,verified_exact,semantic_v1
ETSY__ETSY_Etsy_2024__governance__0004__chunk_0001,ETSY__ETSY_Etsy_2024,ETSY__ETSY_Etsy_2024__1c227df19a17,ETSY,ETSY,sustainability,sustainability,full_report,primary,true,,ok,index_as_esg,,ETSY-Etsy-2024,governance,governance__0004,1,normal,,,,164,835,data/99_debug_etsy/04_chunks/ETSY/ETSY-Etsy-2024__governance__0004__chunk_0001.txt,data/99_debug_etsy/03_sections/ETSY/ETSY-Etsy-2024__governance__0004.txt,3311,2026-07-23T13:50:05.939739Z,9e1f474399d66bf3fd13e6c7b7995942414abd7461bdb319bb2859d3e945523b,81a38cbf344ce5e05c80666504a053f3ad444147bf9d0fafbaf7cfad25160077,9e1f474399d66bf3fd13e6c7b7995942414abd7461bdb319bb2859d3e945523b,65122,65957,18,18,true,verified_exact,semantic_v1
ETSY__ETSY_Etsy_2024__human_capital__0001__chunk_0000,ETSY__ETSY_Etsy_2024,ETSY__ETSY_Etsy_2024__1c227df19a17,ETSY,ETSY,sustainability,sustainability,full_report,primary,true,,ok,index_as_esg,,ETSY-Etsy-2024,human_capital,human_capital__0001,0,normal,,,,500,2237,data/99_debug_etsy/04_chunks/ETSY/ETSY-Etsy-2024__human_capital__0001__chunk_0000.txt,data/99_debug_etsy/03_sections/ETSY/ETSY-Etsy-2024__human_capital__0001.txt,5845,2026-07-23T13:50:05.880958Z,13bae817b4f19c83d80a0da6941eea7315180d33fb68d32338443de3833e6c90,81a38cbf344ce5e05c80666504a053f3ad444147bf9d0fafbaf7cfad25160077,13bae817b4f19c83d80a0da6941eea7315180d33fb68d32338443de3833e6c90,24686,26923,7,8,true,verified_exact,semantic_v1
ETSY__ETSY_Etsy_2024__human_capital__0001__chunk_0001,ETSY__ETSY_Etsy_2024,ETSY__ETSY_Etsy_2024__1c227df19a17,ETSY,ETSY,sustainability,sustainability,full_report,primary,true,,ok,index_as_esg,,ETSY-Etsy-2024,human_capital,human_capital__0001,1,normal,,,,500,2485,data/99_debug_etsy/04_chunks/ETSY/ETSY-Etsy-2024__human_capital__0001__chunk_0001.txt,data/99_debug_etsy/03_sections/ETSY/ETSY-Etsy-2024__human_capital__0001.txt,5845,2026-07-23T13:50:05.880958Z,13bae817b4f19c83d80a0da6941eea7315180d33fb68d32338443de3833e6c90,81a38cbf344ce5e05c80666504a053f3ad444147bf9d0fafbaf7cfad25160077,13bae817b4f19c83d80a0da6941eea7315180d33fb68d32338443de3833e6c90,26742,29227,8,8,true,verified_exact,semantic_v1
ETSY__ETSY_Etsy_2024__human_capital__0001__chunk_0002,ETSY__ETSY_Etsy_2024,ETSY__ETSY_Etsy_2024__1c227df19a17,ETSY,ETSY,sustainability,sustainability,full_report,primary,true,,ok,index_as_esg,,ETSY-Etsy-2024,human_capital,human_capital__0001,2,normal,,,,277,1600,data/99_debug_etsy/04_chunks/ETSY/ETSY-Etsy-2024__human_capital__0001__chunk_0002.txt,data/99_debug_etsy/03_sections/ETSY/ETSY-Etsy-2024__human_capital__0001.txt,5845,2026-07-23T13:50:05.880958Z,13bae817b4f19c83d80a0da6941eea7315180d33fb68d32338443de3833e6c90,81a38cbf344ce5e05c80666504a053f3ad444147bf9d0fafbaf7cfad25160077,13bae817b4f19c83d80a0da6941eea7315180d33fb68d32338443de3833e6c90,28918,30518,8,8,true,verified_exact,semantic_v1
ETSY__ETSY_Etsy_2024__human_capital__0002__chunk_0000,ETSY__ETSY_Etsy_2024,ETSY__ETSY_Etsy_2024__1c227df19a17,ETSY,ETSY,sustainability,sustainability,full_report,primary,true,,ok,index_as_esg,,ETSY-Etsy-2024,human_capital,human_capital__0002,0,short_evidence,preserved,meaningful_short_section,,73,345,data/99_debug_etsy/04_chunks/ETSY/ETSY-Etsy-2024__human_capital__0002__chunk_0000.txt,data/99_debug_etsy/03_sections/ETSY/ETSY-Etsy-2024__human_capital__0002.txt,345,2026-07-23T13:50:05.899836Z,2d5656f949044a76742fc56ac454530cfca59251dc301c7b1341eb542f5e2a4a,81a38cbf344ce5e05c80666504a053f3ad444147bf9d0fafbaf7cfad25160077,2d5656f949044a76742fc56ac454530cfca59251dc301c7b1341eb542f5e2a4a,41492,41837,12,12,true,verified_exact,semantic_v1
ETSY__ETSY_Etsy_2024__human_capital__0003__chunk_0000,ETSY__ETSY_Etsy_2024,ETSY__ETSY_Etsy_2024__1c227df19a17,ETSY,ETSY,sustainability,sustainability,full_report,primary,true,,ok,index_as_esg,,ETSY-Etsy-2024,human_capital,human_capital__0003,0,normal,,,,500,2529,data/99_debug_etsy/04_chunks/ETSY/ETSY-Etsy-2024__human_capital__0003__chunk_0000.txt,data/99_debug_etsy/03_sections/ETSY/ETSY-Etsy-2024__human_capital__0003.txt,4589,2026-07-23T13:50:05.947245Z,5eaadb56a9cc51ade6d7d3536f1ebdd483d0f819e0f682725fcbe61391853965,81a38cbf344ce5e05c80666504a053f3ad444147bf9d0fafbaf7cfad25160077,5eaadb56a9cc51ade6d7d3536f1ebdd483d0f819e0f682725fcbe61391853965,69519,72048,19,19,true,verified_exact,semantic_v1
ETSY__ETSY_Etsy_2024__human_capital__0003__chunk_0001,ETSY__ETSY_Etsy_2024,ETSY__ETSY_Etsy_2024__1c227df19a17,ETSY,ETSY,sustainability,sustainability,full_report,primary,true,,ok,index_as_esg,,ETSY-Etsy-2024,human_capital,human_capital__0003,1,normal,,,,439,2334,data/99_debug_etsy/04_chunks/ETSY/ETSY-Etsy-2024__human_capital__0003__chunk_0001.txt,data/99_debug_etsy/03_sections/ETSY/ETSY-Etsy-2024__human_capital__0003.txt,4589,2026-07-23T13:50:05.947245Z,5eaadb56a9cc51ade6d7d3536f1ebdd483d0f819e0f682725fcbe61391853965,81a38cbf344ce5e05c80666504a053f3ad444147bf9d0fafbaf7cfad25160077,5eaadb56a9cc51ade6d7d3536f1ebdd483d0f819e0f682725fcbe61391853965,71774,74108,19,20,true,verified_exact,semantic_v1
ETSY__ETSY_Etsy_2024__other__0001__chunk_0000,ETSY__ETSY_Etsy_2024,ETSY__ETSY_Etsy_2024__1c227df19a17,ETSY,ETSY,sustainability,sustainability,full_report,primary,true,,ok,index_as_esg,,ETSY-Etsy-2024,other,other__0001,0,normal,,,,540,2553,data/99_debug_etsy/04_chunks/ETSY/ETSY-Etsy-2024__other__0001__chunk_0000.txt,data/99_debug_etsy/03_sections/ETSY/ETSY-Etsy-2024__other__0001.txt,2553,2026-07-23T13:50:05.853766Z,a3b37b91e86e733026df5276be8990f851a9a4a2bfcc25b0af44600d92a9aaa0,81a38cbf344ce5e05c80666504a053f3ad444147bf9d0fafbaf7cfad25160077,a3b37b91e86e733026df5276be8990f851a9a4a2bfcc25b0af44600d92a9aaa0,0,2553,1,1,true,verified_exact,semantic_v1
ETSY__ETSY_Etsy_2024__supply_chain_ethics__0001__chunk_0000,ETSY__ETSY_Etsy_2024,ETSY__ETSY_Etsy_2024__1c227df19a17,ETSY,ETSY,sustainability,sustainability,full_report,primary,true,,ok,index_as_esg,,ETSY-Etsy-2024,supply_chain_ethics,supply_chain_ethics__0001,0,normal,,,,211,1032,data/99_debug_etsy/04_chunks/ETSY/ETSY-Etsy-2024__supply_chain_ethics__0001__chunk_0000.txt,data/99_debug_etsy/03_sections/ETSY/ETSY-Etsy-2024__supply_chain_ethics__0001.txt,1032,2026-07-23T13:50:05.864118Z,a564d4ef27ac51b92f863cf5e20ecfef89b447bd3f50ea312b5556c79882e35c,81a38cbf344ce5e05c80666504a053f3ad444147bf9d0fafbaf7cfad25160077,a564d4ef27ac51b92f863cf5e20ecfef89b447bd3f50ea312b5556c79882e35c,11414,12446,4,4,true,verified_exact,semantic_v1
ETSY__ETSY_Etsy_2024__waste__0001__chunk_0000,ETSY__ETSY_Etsy_2024,ETSY__ETSY_Etsy_2024__1c227df19a17,ETSY,ETSY,sustainability,sustainability,full_report,primary,true,,ok,index_as_esg,,ETSY-Etsy-2024,waste,waste__0001,0,normal,,,,506,2357,data/99_debug_etsy/04_chunks/ETSY/ETSY-Etsy-2024__waste__0001__chunk_0000.txt,data/99_debug_etsy/03_sections/ETSY/ETSY-Etsy-2024__waste__0001.txt,2357,2026-07-23T13:50:05.866733Z,c2af9bc4847000e45bd3a66c48970a38153c06c14382022713a60c97b351c84c,81a38cbf344ce5e05c80666504a053f3ad444147bf9d0fafbaf7cfad25160077,c2af9bc4847000e45bd3a66c48970a38153c06c14382022713a60c97b351c84c,12447,14804,4,4,true,verified_exact,semantic_v1
ETSY__ETSY_Etsy_2024__waste__0002__chunk_0000,ETSY__ETSY_Etsy_2024,ETSY__ETSY_Etsy_2024__1c227df19a17,ETSY,ETSY,sustainability,sustainability,full_report,primary,true,,ok,index_as_esg,,ETSY-Etsy-2024,waste,waste__0002,0,normal,,,,500,2318,data/99_debug_etsy/04_chunks/ETSY/ETSY-Etsy-2024__waste__0002__chunk_0000.txt,data/99_debug_etsy/03_sections/ETSY/ETSY-Etsy-2024__waste__0002.txt,5273,2026-07-23T13:50:05.875020Z,3925689e3c75b05f2c09670d3218c139ddf5eaa80f18f09b7a74ba5ed8b66694,81a38cbf344ce5e05c80666504a053f3ad444147bf9d0fafbaf7cfad25160077,3925689e3c75b05f2c09670d3218c139ddf5eaa80f18f09b7a74ba5ed8b66694,17909,20227,5,6,true,verified_exact,semantic_v1
ETSY__ETSY_Etsy_2024__waste__0002__chunk_0001,ETSY__ETSY_Etsy_2024,ETSY__ETSY_Etsy_2024__1c227df19a17,ETSY,ETSY,sustainability,sustainability,full_report,primary,true,,ok,index_as_esg,,ETSY-Etsy-2024,waste,waste__0002,1,normal,,,,500,2533,data/99_debug_etsy/04_chunks/ETSY/ETSY-Etsy-2024__waste__0002__chunk_0001.txt,data/99_debug_etsy/03_sections/ETSY/ETSY-Etsy-2024__waste__0002.txt,5273,2026-07-23T13:50:05.875020Z,3925689e3c75b05f2c09670d3218c139ddf5eaa80f18f09b7a74ba5ed8b66694,81a38cbf344ce5e05c80666504a053f3ad444147bf9d0fafbaf7cfad25160077,3925689e3c75b05f2c09670d3218c139ddf5eaa80f18f09b7a74ba5ed8b66694,19953,22486,6,7,true,verified_exact,semantic_v1
ETSY__ETSY_Etsy_2024__waste__0002__chunk_0002,ETSY__ETSY_Etsy_2024,ETSY__ETSY_Etsy_2024__1c227df19a17,ETSY,ETSY,sustainability,sustainability,full_report,primary,true,,ok,index_as_esg,,ETSY-Etsy-2024,waste,waste__0002,2,normal,,,,188,920,data/99_debug_etsy/04_chunks/ETSY/ETSY-Etsy-2024__waste__0002__chunk_0002.txt,data/99_debug_etsy/03_sections/ETSY/ETSY-Etsy-2024__waste__0002.txt,5273,2026-07-23T13:50:05.875020Z,3925689e3c75b05f2c09670d3218c139ddf5eaa80f18f09b7a74ba5ed8b66694,81a38cbf344ce5e05c80666504a053f3ad444147bf9d0fafbaf7cfad25160077,3925689e3c75b05f2c09670d3218c139ddf5eaa80f18f09b7a74ba5ed8b66694,22262,23182,6,7,true,verified_exact,semantic_v1
ETSY__ETSY_Etsy_2024__waste__0003__chunk_0000,ETSY__ETSY_Etsy_2024,ETSY__ETSY_Etsy_2024__1c227df19a17,ETSY,ETSY,sustainability,sustainability,full_report,primary,true,,ok,index_as_esg,,ETSY-Etsy-2024,waste,waste__0003,0,normal,,,,345,1012,data/99_debug_etsy/04_chunks/ETSY/ETSY-Etsy-2024__waste__0003__chunk_0000.txt,data/99_debug_etsy/03_sections/ETSY/ETSY-Etsy-2024__waste__0003.txt,1014,2026-07-23T13:50:05.931599Z,31b1281cc31991a14c38b390944553c4e15ac65ab830c2632ec1975576ea03a6,81a38cbf344ce5e05c80666504a053f3ad444147bf9d0fafbaf7cfad25160077,31b1281cc31991a14c38b390944553c4e15ac65ab830c2632ec1975576ea03a6,54043,55055,15,15,true,verified_exact,semantic_v1
SONO__SONO_SONOS_INC_2019__community__0001__chunk_0000,SONO__SONO_SONOS_INC_2019,SONO__SONO_SONOS_INC_2019__bb9a059be2a1,SONO,SONO,sustainability,sustainability,full_report,primary,true,,ok,index_as_esg,,SONO-SONOS INC-2019,community,community__0001,0,normal,,,,500,1920,data/99_debug_etsy/04_chunks/SONO/SONO-SONOS INC-2019__community__0001__chunk_0000.txt,data/99_debug_etsy/03_sections/SONO/SONO-SONOS INC-2019__community__0001.txt,3497,2026-07-23T17:59:18.505852Z,2eca424ab52670d5efaadbe5dfd75f5c7e93c313006d1703231d1412dad380fc,7990f2d22ba6f4036d8765e9a6eafbf409bab704d991ef2ec3531037766e3e8c,2eca424ab52670d5efaadbe5dfd75f5c7e93c313006d1703231d1412dad380fc,15124,17044,17,18,true,verified_exact,semantic_v1
SONO__SONO_SONOS_INC_2019__community__0001__chunk_0001,SONO__SONO_SONOS_INC_2019,SONO__SONO_SONOS_INC_2019__bb9a059be2a1,SONO,SONO,sustainability,sustainability,full_report,primary,true,,ok,index_as_esg,,SONO-SONOS INC-2019,community,community__0001,1,normal,,,,426,1789,data/99_debug_etsy/04_chunks/SONO/SONO-SONOS INC-2019__community__0001__chunk_0001.txt,data/99_debug_etsy/03_sections/SONO/SONO-SONOS INC-2019__community__0001.txt,3497,2026-07-23T17:59:18.505852Z,2eca424ab52670d5efaadbe5dfd75f5c7e93c313006d1703231d1412dad380fc,7990f2d22ba6f4036d8765e9a6eafbf409bab704d991ef2ec3531037766e3e8c,2eca424ab52670d5efaadbe5dfd75f5c7e93c313006d1703231d1412dad380fc,16819,18608,18,20,true,verified_exact,semantic_v1
SONO__SONO_SONOS_INC_2019__energy__0001__chunk_0000,SONO__SONO_SONOS_INC_2019,SONO__SONO_SONOS_INC_2019__bb9a059be2a1,SONO,SONO,sustainability,sustainability,full_report,primary,true,,ok,index_as_esg,,SONO-SONOS INC-2019,energy,energy__0001,0,normal,,,,155,619,data/99_debug_etsy/04_chunks/SONO/SONO-SONOS INC-2019__energy__0001__chunk_0000.txt,data/99_debug_etsy/03_sections/SONO/SONO-SONOS INC-2019__energy__0001.txt,629,2026-07-23T17:59:18.503852Z,484e90012d379784083eb9233952c36adfde3e4be8929e2ad5bbb2c7bd12dcfe,7990f2d22ba6f4036d8765e9a6eafbf409bab704d991ef2ec3531037766e3e8c,484e90012d379784083eb9233952c36adfde3e4be8929e2ad5bbb2c7bd12dcfe,14504,15123,16,17,true,verified_exact,semantic_v1
SONO__SONO_SONOS_INC_2019__ethics_compliance__0001__chunk_0000,SONO__SONO_SONOS_INC_2019,SONO__SONO_SONOS_INC_2019__bb9a059be2a1,SONO,SONO,sustainability,sustainability,full_report,primary,true,,ok,index_as_esg,,SONO-SONOS INC-2019,ethics_compliance,ethics_compliance__0001,0,normal,,,,246,1034,data/99_debug_etsy/04_chunks/SONO/SONO-SONOS INC-2019__ethics_compliance__0001__chunk_0000.txt,data/99_debug_etsy/03_sections/SONO/SONO-SONOS INC-2019__ethics_compliance__0001.txt,1038,2026-07-23T17:59:18.499174Z,effc417a8e12b49a78511e81b970cfbdaa66a6763a1cde00747d7d9663ef7949,7990f2d22ba6f4036d8765e9a6eafbf409bab704d991ef2ec3531037766e3e8c,effc417a8e12b49a78511e81b970cfbdaa66a6763a1cde00747d7d9663ef7949,8218,9252,9,11,true,verified_exact,semantic_v1
SONO__SONO_SONOS_INC_2019__ethics_compliance__0002__chunk_0000,SONO__SONO_SONOS_INC_2019,SONO__SONO_SONOS_INC_2019__bb9a059be2a1,SONO,SONO,sustainability,sustainability,full_report,primary,true,,ok,index_as_esg,,SONO-SONOS INC-2019,ethics_compliance,ethics_compliance__0002,0,normal,,,,345,1710,data/99_debug_etsy/04_chunks/SONO/SONO-SONOS INC-2019__ethics_compliance__0002__chunk_0000.txt,data/99_debug_etsy/03_sections/SONO/SONO-SONOS INC-2019__ethics_compliance__0002.txt,1714,2026-07-23T17:59:18.502841Z,d8f10d91c820b214ebe541f186627c7589bd9f70ef09bd1ae6fbc94be82dd53b,7990f2d22ba6f4036d8765e9a6eafbf409bab704d991ef2ec3531037766e3e8c,d8f10d91c820b214ebe541f186627c7589bd9f70ef09bd1ae6fbc94be82dd53b,12793,14503,15,16,true,verified_exact,semantic_v1
SONO__SONO_SONOS_INC_2019__human_capital__0001__chunk_0000,SONO__SONO_SONOS_INC_2019,SONO__SONO_SONOS_INC_2019__bb9a059be2a1,SONO,SONO,sustainability,sustainability,full_report,primary,true,,ok,index_as_esg,,SONO-SONOS INC-2019,human_capital,human_capital__0001,0,normal,,,,500,1793,data/99_debug_etsy/04_chunks/SONO/SONO-SONOS INC-2019__human_capital__0001__chunk_0000.txt,data/99_debug_etsy/03_sections/SONO/SONO-SONOS INC-2019__human_capital__0001.txt,3558,2026-07-23T17:59:18.501093Z,985e891df6d407114544f7de7b4a286df18fd03489821d3ea2e71385d8ffe396,7990f2d22ba6f4036d8765e9a6eafbf409bab704d991ef2ec3531037766e3e8c,985e891df6d407114544f7de7b4a286df18fd03489821d3ea2e71385d8ffe396,9253,11046,11,12,true,verified_exact,semantic_v1
SONO__SONO_SONOS_INC_2019__human_capital__0001__chunk_0001,SONO__SONO_SONOS_INC_2019,SONO__SONO_SONOS_INC_2019__bb9a059be2a1,SONO,SONO,sustainability,sustainability,full_report,primary,true,,ok,index_as_esg,,SONO-SONOS INC-2019,human_capital,human_capital__0001,1,normal,,,,527,1885,data/99_debug_etsy/04_chunks/SONO/SONO-SONOS INC-2019__human_capital__0001__chunk_0001.txt,data/99_debug_etsy/03_sections/SONO/SONO-SONOS INC-2019__human_capital__0001.txt,3558,2026-07-23T17:59:18.501093Z,985e891df6d407114544f7de7b4a286df18fd03489821d3ea2e71385d8ffe396,7990f2d22ba6f4036d8765e9a6eafbf409bab704d991ef2ec3531037766e3e8c,985e891df6d407114544f7de7b4a286df18fd03489821d3ea2e71385d8ffe396,10907,12792,12,14,true,verified_exact,semantic_v1
SONO__SONO_SONOS_INC_2019__human_capital__0002__chunk_0000,SONO__SONO_SONOS_INC_2019,SONO__SONO_SONOS_INC_2019__bb9a059be2a1,SONO,SONO,sustainability,sustainability,full_report,primary,true,,ok,index_as_esg,,SONO-SONOS INC-2019,human_capital,human_capital__0002,0,normal,,,,361,1278,data/99_debug_etsy/04_chunks/SONO/SONO-SONOS INC-2019__human_capital__0002__chunk_0000.txt,data/99_debug_etsy/03_sections/SONO/SONO-SONOS INC-2019__human_capital__0002.txt,1278,2026-07-23T17:59:18.506840Z,769152b359cb0b7e572f2c49c265dedac22282ba24f9557aeb94ab869befc276,7990f2d22ba6f4036d8765e9a6eafbf409bab704d991ef2ec3531037766e3e8c,769152b359cb0b7e572f2c49c265dedac22282ba24f9557aeb94ab869befc276,18609,19887,20,21,true,verified_exact,semantic_v1
SONO__SONO_SONOS_INC_2019__other__0001__chunk_0000,SONO__SONO_SONOS_INC_2019,SONO__SONO_SONOS_INC_2019__bb9a059be2a1,SONO,SONO,sustainability,sustainability,full_report,primary,true,,ok,index_as_esg,,SONO-SONOS INC-2019,other,other__0001,0,normal,,,,343,1250,data/99_debug_etsy/04_chunks/SONO/SONO-SONOS INC-2019__other__0001__chunk_0000.txt,data/99_debug_etsy/03_sections/SONO/SONO-SONOS INC-2019__other__0001.txt,1256,2026-07-23T17:59:18.494323Z,3ca91f522c8296fc842888aee9dbc3bdb96152164c2d0127e57785586a86ca48,7990f2d22ba6f4036d8765e9a6eafbf409bab704d991ef2ec3531037766e3e8c,3ca91f522c8296fc842888aee9dbc3bdb96152164c2d0127e57785586a86ca48,0,1250,1,3,true,verified_exact,semantic_v1
SONO__SONO_SONOS_INC_2019__supply_chain_ethics__0001__chunk_0000,SONO__SONO_SONOS_INC_2019,SONO__SONO_SONOS_INC_2019__bb9a059be2a1,SONO,SONO,sustainability,sustainability,full_report,primary,true,,ok,index_as_esg,,SONO-SONOS INC-2019,supply_chain_ethics,supply_chain_ethics__0001,0,normal,,,,512,1906,data/99_debug_etsy/04_chunks/SONO/SONO-SONOS INC-2019__supply_chain_ethics__0001__chunk_0000.txt,data/99_debug_etsy/03_sections/SONO/SONO-SONOS INC-2019__supply_chain_ethics__0001.txt,1912,2026-07-23T17:59:18.498079Z,04967a092994761565c959785cc25f000baf1c765956ae0f78516f8d182cc221,7990f2d22ba6f4036d8765e9a6eafbf409bab704d991ef2ec3531037766e3e8c,04967a092994761565c959785cc25f000baf1c765956ae0f78516f8d182cc221,6311,8217,8,9,true,verified_exact,semantic_v1
SONO__SONO_SONOS_INC_2019__waste__0001__chunk_0000,SONO__SONO_SONOS_INC_2019,SONO__SONO_SONOS_INC_2019__bb9a059be2a1,SONO,SONO,sustainability,sustainability,full_report,primary,true,,ok,index_as_esg,,SONO-SONOS INC-2019,waste,waste__0001,0,normal,,,,500,2326,data/99_debug_etsy/04_chunks/SONO/SONO-SONOS INC-2019__waste__0001__chunk_0000.txt,data/99_debug_etsy/03_sections/SONO/SONO-SONOS INC-2019__waste__0001.txt,5078,2026-07-23T17:59:18.496367Z,90d51eb6aafbdd676690b29881685b6a900d5f37d35aabf7c74075c1efe50e58,7990f2d22ba6f4036d8765e9a6eafbf409bab704d991ef2ec3531037766e3e8c,90d51eb6aafbdd676690b29881685b6a900d5f37d35aabf7c74075c1efe50e58,1251,3577,4,5,true,verified_exact,semantic_v1
SONO__SONO_SONOS_INC_2019__waste__0001__chunk_0001,SONO__SONO_SONOS_INC_2019,SONO__SONO_SONOS_INC_2019__bb9a059be2a1,SONO,SONO,sustainability,sustainability,full_report,primary,true,,ok,index_as_esg,,SONO-SONOS INC-2019,waste,waste__0001,1,normal,,,,499,2008,data/99_debug_etsy/04_chunks/SONO/SONO-SONOS INC-2019__waste__0001__chunk_0001.txt,data/99_debug_etsy/03_sections/SONO/SONO-SONOS INC-2019__waste__0001.txt,5078,2026-07-23T17:59:18.496367Z,90d51eb6aafbdd676690b29881685b6a900d5f37d35aabf7c74075c1efe50e58,7990f2d22ba6f4036d8765e9a6eafbf409bab704d991ef2ec3531037766e3e8c,90d51eb6aafbdd676690b29881685b6a900d5f37d35aabf7c74075c1efe50e58,3307,5315,5,6,true,verified_exact,semantic_v1
SONO__SONO_SONOS_INC_2019__waste__0001__chunk_0002,SONO__SONO_SONOS_INC_2019,SONO__SONO_SONOS_INC_2019__bb9a059be2a1,SONO,SONO,sustainability,sustainability,full_report,primary,true,,ok,index_as_esg,,SONO-SONOS INC-2019,waste,waste__0001,2,normal,,,,316,1151,data/99_debug_etsy/04_chunks/SONO/SONO-SONOS INC-2019__waste__0001__chunk_0002.txt,data/99_debug_etsy/03_sections/SONO/SONO-SONOS INC-2019__waste__0001.txt,5078,2026-07-23T17:59:18.496367Z,90d51eb6aafbdd676690b29881685b6a900d5f37d35aabf7c74075c1efe50e58,7990f2d22ba6f4036d8765e9a6eafbf409bab704d991ef2ec3531037766e3e8c,90d51eb6aafbdd676690b29881685b6a900d5f37d35aabf7c74075c1efe50e58,5159,6310,6,8,true,verified_exact,semantic_v1
ULTA__ULTA_ULTA_BEAUTY_INC_2020__about_this_report__0001__chunk_0000,ULTA__ULTA_ULTA_BEAUTY_INC_2020,ULTA__ULTA_ULTA_BEAUTY_INC_2020__a114e05f3f05,ULTA,ULTA,sustainability,sustainability,full_report,primary,true,,ok,index_as_esg,,ULTA-ULTA BEAUTY INC-2020,about_this_report,about_this_report__0001,0,normal,,,,144,612,data/99_debug_etsy/04_chunks/ULTA/ULTA-ULTA BEAUTY INC-2020__about_this_report__0001__chunk_0000.txt,data/99_debug_etsy/03_sections/ULTA/ULTA-ULTA BEAUTY INC-2020__about_this_report__0001.txt,614,2026-07-23T17:59:05.112938Z,e3f80efd8af7395989b37c3cacbfa73b0e15a965076804e16e60bf7007a50c8a,295b2a8aad3eb210c7a6124fa5d72546176a7fcc25c04d100c09c449cb18dde3,e3f80efd8af7395989b37c3cacbfa73b0e15a965076804e16e60bf7007a50c8a,4630,5242,5,5,true,verified_exact,semantic_v1
ULTA__ULTA_ULTA_BEAUTY_INC_2020__appendix__0001__chunk_0000,ULTA__ULTA_ULTA_BEAUTY_INC_2020,ULTA__ULTA_ULTA_BEAUTY_INC_2020__a114e05f3f05,ULTA,ULTA,sustainability,sustainability,full_report,primary,true,,ok,index_as_esg,,ULTA-ULTA BEAUTY INC-2020,appendix,appendix__0001,0,normal,,,,207,609,data/99_debug_etsy/04_chunks/ULTA/ULTA-ULTA BEAUTY INC-2020__appendix__0001__chunk_0000.txt,data/99_debug_etsy/03_sections/ULTA/ULTA-ULTA BEAUTY INC-2020__appendix__0001.txt,611,2026-07-23T17:59:05.106378Z,27151fdcc7d37fe557c80098aa71745fe60da72a30167513f4324f626af735c0,295b2a8aad3eb210c7a6124fa5d72546176a7fcc25c04d100c09c449cb18dde3,27151fdcc7d37fe557c80098aa71745fe60da72a30167513f4324f626af735c0,189,798,2,3,true,verified_exact,semantic_v1
ULTA__ULTA_ULTA_BEAUTY_INC_2020__appendix__0002__chunk_0000,ULTA__ULTA_ULTA_BEAUTY_INC_2020,ULTA__ULTA_ULTA_BEAUTY_INC_2020__a114e05f3f05,ULTA,ULTA,sustainability,sustainability,full_report,primary,true,,ok,index_as_esg,,ULTA-ULTA BEAUTY INC-2020,appendix,appendix__0002,0,short_evidence,preserved,meaningful_short_section,,87,437,data/99_debug_etsy/04_chunks/ULTA/ULTA-ULTA BEAUTY INC-2020__appendix__0002__chunk_0000.txt,data/99_debug_etsy/03_sections/ULTA/ULTA-ULTA BEAUTY INC-2020__appendix__0002.txt,439,2026-07-23T17:59:05.150914Z,68b3f063e7699ac119a3c52a6cc81f9ef85885591a84e6d2dcd7528675f3f405,295b2a8aad3eb210c7a6124fa5d72546176a7fcc25c04d100c09c449cb18dde3,68b3f063e7699ac119a3c52a6cc81f9ef85885591a84e6d2dcd7528675f3f405,64016,64453,33,33,true,verified_exact,semantic_v1
ULTA__ULTA_ULTA_BEAUTY_INC_2020__appendix__0003__chunk_0000,ULTA__ULTA_ULTA_BEAUTY_INC_2020,ULTA__ULTA_ULTA_BEAUTY_INC_2020__a114e05f3f05,ULTA,ULTA,sustainability,sustainability,full_report,primary,true,,ok,index_as_esg,,ULTA-ULTA BEAUTY INC-2020,appendix,appendix__0003,0,normal,,,,500,1134,data/99_debug_etsy/04_chunks/ULTA/ULTA-ULTA BEAUTY INC-2020__appendix__0003__chunk_0000.txt,data/99_debug_etsy/03_sections/ULTA/ULTA-ULTA BEAUTY INC-2020__appendix__0003.txt,2347,2026-07-23T17:59:05.157922Z,67cc4c03d6daa31169e594d4fcb4b09a391f7a2bab2367493fd8bdb185ab89d8,295b2a8aad3eb210c7a6124fa5d72546176a7fcc25c04d100c09c449cb18dde3,67cc4c03d6daa31169e594d4fcb4b09a391f7a2bab2367493fd8bdb185ab89d8,69079,70213,37,37,true,verified_exact,semantic_v1
ULTA__ULTA_ULTA_BEAUTY_INC_2020__appendix__0003__chunk_0001,ULTA__ULTA_ULTA_BEAUTY_INC_2020,ULTA__ULTA_ULTA_BEAUTY_INC_2020__a114e05f3f05,ULTA,ULTA,sustainability,sustainability,full_report,primary,true,,ok,index_as_esg,,ULTA-ULTA BEAUTY INC-2020,appendix,appendix__0003,1,normal,,,,571,1281,data/99_debug_etsy/04_chunks/ULTA/ULTA-ULTA BEAUTY INC-2020__appendix__0003__chunk_0001.txt,data/99_debug_etsy/03_sections/ULTA/ULTA-ULTA BEAUTY INC-2020__appendix__0003.txt,2347,2026-07-23T17:59:05.157922Z,67cc4c03d6daa31169e594d4fcb4b09a391f7a2bab2367493fd8bdb185ab89d8,295b2a8aad3eb210c7a6124fa5d72546176a7fcc25c04d100c09c449cb18dde3,67cc4c03d6daa31169e594d4fcb4b09a391f7a2bab2367493fd8bdb185ab89d8,70145,71426,37,39,true,verified_exact,semantic_v1
ULTA__ULTA_ULTA_BEAUTY_INC_2020__ceo_letter__0001__chunk_0000,ULTA__ULTA_ULTA_BEAUTY_INC_2020,ULTA__ULTA_ULTA_BEAUTY_INC_2020__a114e05f3f05,ULTA,ULTA,sustainability,sustainability,full_report,primary,true,,ok,index_as_esg,,ULTA-ULTA BEAUTY INC-2020,ceo_letter,ceo_letter__0001,0,normal,,,,500,2306,data/99_debug_etsy/04_chunks/ULTA/ULTA-ULTA BEAUTY INC-2020__ceo_letter__0001__chunk_0000.txt,data/99_debug_etsy/03_sections/ULTA/ULTA-ULTA BEAUTY INC-2020__ceo_letter__0001.txt,3864,2026-07-23T17:59:05.110986Z,b7ca3c69089dc91161ab25ca3184bac219162d8f89fdbf5555bbdc62a199007b,295b2a8aad3eb210c7a6124fa5d72546176a7fcc25c04d100c09c449cb18dde3,b7ca3c69089dc91161ab25ca3184bac219162d8f89fdbf5555bbdc62a199007b,799,3105,4,4,true,verified_exact,semantic_v1
ULTA__ULTA_ULTA_BEAUTY_INC_2020__ceo_letter__0001__chunk_0001,ULTA__ULTA_ULTA_BEAUTY_INC_2020,ULTA__ULTA_ULTA_BEAUTY_INC_2020__a114e05f3f05,ULTA,ULTA,sustainability,sustainability,full_report,primary,true,,ok,index_as_esg,,ULTA-ULTA BEAUTY INC-2020,ceo_letter,ceo_letter__0001,1,normal,,,,384,1755,data/99_debug_etsy/04_chunks/ULTA/ULTA-ULTA BEAUTY INC-2020__ceo_letter__0001__chunk_0001.txt,data/99_debug_etsy/03_sections/ULTA/ULTA-ULTA BEAUTY INC-2020__ceo_letter__0001.txt,3864,2026-07-23T17:59:05.110986Z,b7ca3c69089dc91161ab25ca3184bac219162d8f89fdbf5555bbdc62a199007b,295b2a8aad3eb210c7a6124fa5d72546176a7fcc25c04d100c09c449cb18dde3,b7ca3c69089dc91161ab25ca3184bac219162d8f89fdbf5555bbdc62a199007b,2874,4629,4,4,true,verified_exact,semantic_v1
ULTA__ULTA_ULTA_BEAUTY_INC_2020__community__0001__chunk_0000,ULTA__ULTA_ULTA_BEAUTY_INC_2020,ULTA__ULTA_ULTA_BEAUTY_INC_2020__a114e05f3f05,ULTA,ULTA,sustainability,sustainability,full_report,primary,true,,ok,index_as_esg,,ULTA-ULTA BEAUTY INC-2020,community,community__0001,0,normal,,,,499,2089,data/99_debug_etsy/04_chunks/ULTA/ULTA-ULTA BEAUTY INC-2020__community__0001__chunk_0000.txt,data/99_debug_etsy/03_sections/ULTA/ULTA-ULTA BEAUTY INC-2020__community__0001.txt,9423,2026-07-23T17:59:05.136361Z,4c5e9cfc346b621bb19613fbd59c0f267106d6d84b2b7010a1effc969c727638,295b2a8aad3eb210c7a6124fa5d72546176a7fcc25c04d100c09c449cb18dde3,4c5e9cfc346b621bb19613fbd59c0f267106d6d84b2b7010a1effc969c727638,44301,46390,24,24,true,verified_exact,semantic_v1
ULTA__ULTA_ULTA_BEAUTY_INC_2020__community__0001__chunk_0001,ULTA__ULTA_ULTA_BEAUTY_INC_2020,ULTA__ULTA_ULTA_BEAUTY_INC_2020__a114e05f3f05,ULTA,ULTA,sustainability,sustainability,full_report,primary,true,,ok,index_as_esg,,ULTA-ULTA BEAUTY INC-2020,community,community__0001,1,normal,,,,500,2230,data/99_debug_etsy/04_chunks/ULTA/ULTA-ULTA BEAUTY INC-2020__community__0001__chunk_0001.txt,data/99_debug_etsy/03_sections/ULTA/ULTA-ULTA BEAUTY INC-2020__community__0001.txt,9423,2026-07-23T17:59:05.136361Z,4c5e9cfc346b621bb19613fbd59c0f267106d6d84b2b7010a1effc969c727638,295b2a8aad3eb210c7a6124fa5d72546176a7fcc25c04d100c09c449cb18dde3,4c5e9cfc346b621bb19613fbd59c0f267106d6d84b2b7010a1effc969c727638,46203,48433,24,25,true,verified_exact,semantic_v1
ULTA__ULTA_ULTA_BEAUTY_INC_2020__community__0001__chunk_0002,ULTA__ULTA_ULTA_BEAUTY_INC_2020,ULTA__ULTA_ULTA_BEAUTY_INC_2020__a114e05f3f05,ULTA,ULTA,sustainability,sustainability,full_report,primary,true,,ok,index_as_esg,,ULTA-ULTA BEAUTY INC-2020,community,community__0001,2,normal,,,,500,2173,data/99_debug_etsy/04_chunks/ULTA/ULTA-ULTA BEAUTY INC-2020__community__0001__chunk_0002.txt,data/99_debug_etsy/03_sections/ULTA/ULTA-ULTA BEAUTY INC-2020__community__0001.txt,9423,2026-07-23T17:59:05.136361Z,4c5e9cfc346b621bb19613fbd59c0f267106d6d84b2b7010a1effc969c727638,295b2a8aad3eb210c7a6124fa5d72546176a7fcc25c04d100c09c449cb18dde3,4c5e9cfc346b621bb19613fbd59c0f267106d6d84b2b7010a1effc969c727638,48200,50373,25,26,true,verified_exact,semantic_v1
ULTA__ULTA_ULTA_BEAUTY_INC_2020__community__0001__chunk_0003,ULTA__ULTA_ULTA_BEAUTY_INC_2020,ULTA__ULTA_ULTA_BEAUTY_INC_2020__a114e05f3f05,ULTA,ULTA,sustainability,sustainability,full_report,primary,true,,ok,index_as_esg,,ULTA-ULTA BEAUTY INC-2020,community,community__0001,3,normal,,,,500,2295,data/99_debug_etsy/04_chunks/ULTA/ULTA-ULTA BEAUTY INC-2020__community__0001__chunk_0003.txt,data/99_debug_etsy/03_sections/ULTA/ULTA-ULTA BEAUTY INC-2020__community__0001.txt,9423,2026-07-23T17:59:05.136361Z,4c5e9cfc346b621bb19613fbd59c0f267106d6d84b2b7010a1effc969c727638,295b2a8aad3eb210c7a6124fa5d72546176a7fcc25c04d100c09c449cb18dde3,4c5e9cfc346b621bb19613fbd59c0f267106d6d84b2b7010a1effc969c727638,50130,52425,26,27,true,verified_exact,semantic_v1
ULTA__ULTA_ULTA_BEAUTY_INC_2020__community__0001__chunk_0004,ULTA__ULTA_ULTA_BEAUTY_INC_2020,ULTA__ULTA_ULTA_BEAUTY_INC_2020__a114e05f3f05,ULTA,ULTA,sustainability,sustainability,full_report,primary,true,,ok,index_as_esg,,ULTA-ULTA BEAUTY INC-2020,community,community__0001,4,normal,,,,343,1500,data/99_debug_etsy/04_chunks/ULTA/ULTA-ULTA BEAUTY INC-2020__community__0001__chunk_0004.txt,data/99_debug_etsy/03_sections/ULTA/ULTA-ULTA BEAUTY INC-2020__community__0001.txt,9423,2026-07-23T17:59:05.136361Z,4c5e9cfc346b621bb19613fbd59c0f267106d6d84b2b7010a1effc969c727638,295b2a8aad3eb210c7a6124fa5d72546176a7fcc25c04d100c09c449cb18dde3,4c5e9cfc346b621bb19613fbd59c0f267106d6d84b2b7010a1effc969c727638,52180,53680,27,28,true,verified_exact,semantic_v1
ULTA__ULTA_ULTA_BEAUTY_INC_2020__data_summary__0001__chunk_0000,ULTA__ULTA_ULTA_BEAUTY_INC_2020,ULTA__ULTA_ULTA_BEAUTY_INC_2020__a114e05f3f05,ULTA,ULTA,sustainability,sustainability,full_report,primary,true,,ok,index_as_esg,,ULTA-ULTA BEAUTY INC-2020,data_summary,data_summary__0001,0,normal,,,,338,1247,data/99_debug_etsy/04_chunks/ULTA/ULTA-ULTA BEAUTY INC-2020__data_summary__0001__chunk_0000.txt,data/99_debug_etsy/03_sections/ULTA/ULTA-ULTA BEAUTY INC-2020__data_summary__0001.txt,1249,2026-07-23T17:59:05.152915Z,9954f9b30eb3827d72d215106594f32f09af78edc1002742f3648f2147d8f463,295b2a8aad3eb210c7a6124fa5d72546176a7fcc25c04d100c09c449cb18dde3,9954f9b30eb3827d72d215106594f32f09af78edc1002742f3648f2147d8f463,64454,65701,33,34,true,verified_exact,semantic_v1
ULTA__ULTA_ULTA_BEAUTY_INC_2020__data_summary__0002__chunk_0000,ULTA__ULTA_ULTA_BEAUTY_INC_2020,ULTA__ULTA_ULTA_BEAUTY_INC_2020__a114e05f3f05,ULTA,ULTA,sustainability,sustainability,full_report,primary,true,,ok,index_as_esg,,ULTA-ULTA BEAUTY INC-2020,data_summary,data_summary__0002,0,normal,,,,319,1231,data/99_debug_etsy/04_chunks/ULTA/ULTA-ULTA BEAUTY INC-2020__data_summary__0002__chunk_0000.txt,data/99_debug_etsy/03_sections/ULTA/ULTA-ULTA BEAUTY INC-2020__data_summary__0002.txt,1233,2026-07-23T17:59:05.155915Z,f7e3240a67cf371bbbad08370a43ff6a61fd0dec222922db5f755f7f9bb29d36,295b2a8aad3eb210c7a6124fa5d72546176a7fcc25c04d100c09c449cb18dde3,f7e3240a67cf371bbbad08370a43ff6a61fd0dec222922db5f755f7f9bb29d36,67847,69078,36,37,true,verified_exact,semantic_v1
ULTA__ULTA_ULTA_BEAUTY_INC_2020__diversity_equity_inclusion__0001__chunk_0000,ULTA__ULTA_ULTA_BEAUTY_INC_2020,ULTA__ULTA_ULTA_BEAUTY_INC_2020__a114e05f3f05,ULTA,ULTA,sustainability,sustainability,full_report,primary,true,,ok,index_as_esg,,ULTA-ULTA BEAUTY INC-2020,diversity_equity_inclusion,diversity_equity_inclusion__0001,0,normal,,,,500,2340,data/99_debug_etsy/04_chunks/ULTA/ULTA-ULTA BEAUTY INC-2020__diversity_equity_inclusion__0001__chunk_0000.txt,data/99_debug_etsy/03_sections/ULTA/ULTA-ULTA BEAUTY INC-2020__diversity_equity_inclusion__0001.txt,3302,2026-07-23T17:59:05.115937Z,0c10af3249d1996dad6617a990a69cd3d690445e5e92b944d38a6d16ad2398fc,295b2a8aad3eb210c7a6124fa5d72546176a7fcc25c04d100c09c449cb18dde3,0c10af3249d1996dad6617a990a69cd3d690445e5e92b944d38a6d16ad2398fc,7284,9624,6,7,true,verified_exact,semantic_v1
ULTA__ULTA_ULTA_BEAUTY_INC_2020__diversity_equity_inclusion__0001__chunk_0001,ULTA__ULTA_ULTA_BEAUTY_INC_2020,ULTA__ULTA_ULTA_BEAUTY_INC_2020__a114e05f3f05,ULTA,ULTA,sustainability,sustainability,full_report,primary,true,,ok,index_as_esg,,ULTA-ULTA BEAUTY INC-2020,diversity_equity_inclusion,diversity_equity_inclusion__0001,1,normal,,,,355,1192,data/99_debug_etsy/04_chunks/ULTA/ULTA-ULTA BEAUTY INC-2020__diversity_equity_inclusion__0001__chunk_0001.txt,data/99_debug_etsy/03_sections/ULTA/ULTA-ULTA BEAUTY INC-2020__diversity_equity_inclusion__0001.txt,3302,2026-07-23T17:59:05.115937Z,0c10af3249d1996dad6617a990a69cd3d690445e5e92b944d38a6d16ad2398fc,295b2a8aad3eb210c7a6124fa5d72546176a7fcc25c04d100c09c449cb18dde3,0c10af3249d1996dad6617a990a69cd3d690445e5e92b944d38a6d16ad2398fc,9386,10578,7,7,true,verified_exact,semantic_v1
ULTA__ULTA_ULTA_BEAUTY_INC_2020__diversity_equity_inclusion__0002__chunk_0000,ULTA__ULTA_ULTA_BEAUTY_INC_2020,ULTA__ULTA_ULTA_BEAUTY_INC_2020__a114e05f3f05,ULTA,ULTA,sustainability,sustainability,full_report,primary,true,,ok,index_as_esg,,ULTA-ULTA BEAUTY INC-2020,diversity_equity_inclusion,diversity_equity_inclusion__0002,0,normal,,,,492,2124,data/99_debug_etsy/04_chunks/ULTA/ULTA-ULTA BEAUTY INC-2020__diversity_equity_inclusion__0002__chunk_0000.txt,data/99_debug_etsy/03_sections/ULTA/ULTA-ULTA BEAUTY INC-2020__diversity_equity_inclusion__0002.txt,2136,2026-07-23T17:59:05.130099Z,23563d47560bc020dd2bce0982f4412972c470a81e9ec000dac08eb131c4f1a1,295b2a8aad3eb210c7a6124fa5d72546176a7fcc25c04d100c09c449cb18dde3,23563d47560bc020dd2bce0982f4412972c470a81e9ec000dac08eb131c4f1a1,23147,25271,13,13,true,verified_exact,semantic_v1
ULTA__ULTA_ULTA_BEAUTY_INC_2020__emissions__0001__chunk_0000,ULTA__ULTA_ULTA_BEAUTY_INC_2020,ULTA__ULTA_ULTA_BEAUTY_INC_2020__a114e05f3f05,ULTA,ULTA,sustainability,sustainability,full_report,primary,true,,ok,index_as_esg,,ULTA-ULTA BEAUTY INC-2020,emissions,emissions__0001,0,normal,,,,192,908,data/99_debug_etsy/04_chunks/ULTA/ULTA-ULTA BEAUTY INC-2020__emissions__0001__chunk_0000.txt,data/99_debug_etsy/03_sections/ULTA/ULTA-ULTA BEAUTY INC-2020__emissions__0001.txt,908,2026-07-23T17:59:05.139890Z,fe1c70718d79faa4536e52e00da77ea65313ef1d301ada1ecd34423b0f404237,295b2a8aad3eb210c7a6124fa5d72546176a7fcc25c04d100c09c449cb18dde3,fe1c70718d79faa4536e52e00da77ea65313ef1d301ada1ecd34423b0f404237,55763,56671,30,30,true,verified_exact,semantic_v1
ULTA__ULTA_ULTA_BEAUTY_INC_2020__emissions__0002__chunk_0000,ULTA__ULTA_ULTA_BEAUTY_INC_2020,ULTA__ULTA_ULTA_BEAUTY_INC_2020__a114e05f3f05,ULTA,ULTA,sustainability,sustainability,full_report,primary,true,,ok,index_as_esg,,ULTA-ULTA BEAUTY INC-2020,emissions,emissions__0002,0,normal,,,,243,1121,data/99_debug_etsy/04_chunks/ULTA/ULTA-ULTA BEAUTY INC-2020__emissions__0002__chunk_0000.txt,data/99_debug_etsy/03_sections/ULTA/ULTA-ULTA BEAUTY INC-2020__emissions__0002.txt,1121,2026-07-23T17:59:05.142889Z,9d0ea191de0c2b050fb44e75398095c5543f70fbe8af2aa9cd17e91a734cd021,295b2a8aad3eb210c7a6124fa5d72546176a7fcc25c04d100c09c449cb18dde3,9d0ea191de0c2b050fb44e75398095c5543f70fbe8af2aa9cd17e91a734cd021,57382,58503,31,31,true,verified_exact,semantic_v1
ULTA__ULTA_ULTA_BEAUTY_INC_2020__emissions__0003__chunk_0000,ULTA__ULTA_ULTA_BEAUTY_INC_2020,ULTA__ULTA_ULTA_BEAUTY_INC_2020__a114e05f3f05,ULTA,ULTA,sustainability,sustainability,full_report,primary,true,,ok,index_as_esg,,ULTA-ULTA BEAUTY INC-2020,emissions,emissions__0003,0,normal,,,,213,945,data/99_debug_etsy/04_chunks/ULTA/ULTA-ULTA BEAUTY INC-2020__emissions__0003__chunk_0000.txt,data/99_debug_etsy/03_sections/ULTA/ULTA-ULTA BEAUTY INC-2020__emissions__0003.txt,949,2026-07-23T17:59:05.147890Z,b872c22a348c15c138f86774c222acd33ad0a2161fbdbdfefbf2826011f6102b,295b2a8aad3eb210c7a6124fa5d72546176a7fcc25c04d100c09c449cb18dde3,b872c22a348c15c138f86774c222acd33ad0a2161fbdbdfefbf2826011f6102b,60182,61127,31,32,true,verified_exact,semantic_v1
ULTA__ULTA_ULTA_BEAUTY_INC_2020__energy__0001__chunk_0000,ULTA__ULTA_ULTA_BEAUTY_INC_2020,ULTA__ULTA_ULTA_BEAUTY_INC_2020__a114e05f3f05,ULTA,ULTA,sustainability,sustainability,full_report,primary,true,,ok,index_as_esg,,ULTA-ULTA BEAUTY INC-2020,energy,energy__0001,0,normal,,,,157,708,data/99_debug_etsy/04_chunks/ULTA/ULTA-ULTA BEAUTY INC-2020__energy__0001__chunk_0000.txt,data/99_debug_etsy/03_sections/ULTA/ULTA-ULTA BEAUTY INC-2020__energy__0001.txt,708,2026-07-23T17:59:05.140890Z,355ff04ef81bad1ec9f4066527ab6d71010d3dc363a338d3c20b1eea786ed225,295b2a8aad3eb210c7a6124fa5d72546176a7fcc25c04d100c09c449cb18dde3,355ff04ef81bad1ec9f4066527ab6d71010d3dc363a338d3c20b1eea786ed225,56672,57380,30,31,true,verified_exact,semantic_v1
ULTA__ULTA_ULTA_BEAUTY_INC_2020__energy__0002__chunk_0000,ULTA__ULTA_ULTA_BEAUTY_INC_2020,ULTA__ULTA_ULTA_BEAUTY_INC_2020__a114e05f3f05,ULTA,ULTA,sustainability,sustainability,full_report,primary,true,,ok,index_as_esg,,ULTA-ULTA BEAUTY INC-2020,energy,energy__0002,0,short_evidence,preserved,meaningful_short_section,,87,357,data/99_debug_etsy/04_chunks/ULTA/ULTA-ULTA BEAUTY INC-2020__energy__0002__chunk_0000.txt,data/99_debug_etsy/03_sections/ULTA/ULTA-ULTA BEAUTY INC-2020__energy__0002.txt,357,2026-07-23T17:59:05.143898Z,d3f429aed88b77a4719fe2e7c722fa803cf89dee3a2b196d1528df604e438097,295b2a8aad3eb210c7a6124fa5d72546176a7fcc25c04d100c09c449cb18dde3,d3f429aed88b77a4719fe2e7c722fa803cf89dee3a2b196d1528df604e438097,58505,58862,31,31,true,verified_exact,semantic_v1
ULTA__ULTA_ULTA_BEAUTY_INC_2020__environmental__0001__chunk_0000,ULTA__ULTA_ULTA_BEAUTY_INC_2020,ULTA__ULTA_ULTA_BEAUTY_INC_2020__a114e05f3f05,ULTA,ULTA,sustainability,sustainability,full_report,primary,true,,ok,index_as_esg,,ULTA-ULTA BEAUTY INC-2020,environmental,environmental__0001,0,normal,,,,457,2081,data/99_debug_etsy/04_chunks/ULTA/ULTA-ULTA BEAUTY INC-2020__environmental__0001__chunk_0000.txt,data/99_debug_etsy/03_sections/ULTA/ULTA-ULTA BEAUTY INC-2020__environmental__0001.txt,2089,2026-07-23T17:59:05.137865Z,981f718c94fdba587d68cd2b106be2956550b96f0b3010c6839398ce9f6a6bb3,295b2a8aad3eb210c7a6124fa5d72546176a7fcc25c04d100c09c449cb18dde3,981f718c94fdba587d68cd2b106be2956550b96f0b3010c6839398ce9f6a6bb3,53681,55762,29,30,true,verified_exact,semantic_v1
ULTA__ULTA_ULTA_BEAUTY_INC_2020__environmental__0002__chunk_0000,ULTA__ULTA_ULTA_BEAUTY_INC_2020,ULTA__ULTA_ULTA_BEAUTY_INC_2020__a114e05f3f05,ULTA,ULTA,sustainability,sustainability,full_report,primary,true,,ok,index_as_esg,,ULTA-ULTA BEAUTY INC-2020,environmental,environmental__0002,0,normal,,,,382,1318,data/99_debug_etsy/04_chunks/ULTA/ULTA-ULTA BEAUTY INC-2020__environmental__0002__chunk_0000.txt,data/99_debug_etsy/03_sections/ULTA/ULTA-ULTA BEAUTY INC-2020__environmental__0002.txt,1328,2026-07-23T17:59:05.145901Z,5bba0c06cb0a089703d90dfdb61292e8cf532d027e286a76351d47350d03c474,295b2a8aad3eb210c7a6124fa5d72546176a7fcc25c04d100c09c449cb18dde3,5bba0c06cb0a089703d90dfdb61292e8cf532d027e286a76351d47350d03c474,58863,60181,31,31,true,verified_exact,semantic_v1
ULTA__ULTA_ULTA_BEAUTY_INC_2020__ethics_compliance__0001__chunk_0000,ULTA__ULTA_ULTA_BEAUTY_INC_2020,ULTA__ULTA_ULTA_BEAUTY_INC_2020__a114e05f3f05,ULTA,ULTA,sustainability,sustainability,full_report,primary,true,,ok,index_as_esg,,ULTA-ULTA BEAUTY INC-2020,ethics_compliance,ethics_compliance__0001,0,normal,,,,122,564,data/99_debug_etsy/04_chunks/ULTA/ULTA-ULTA BEAUTY INC-2020__ethics_compliance__0001__chunk_0000.txt,data/99_debug_etsy/03_sections/ULTA/ULTA-ULTA BEAUTY INC-2020__ethics_compliance__0001.txt,570,2026-07-23T17:59:05.122470Z,a923f878ea8b3e0157d3a8bf2be34a116f81e2d2a52758163266ff9cb83aa036,295b2a8aad3eb210c7a6124fa5d72546176a7fcc25c04d100c09c449cb18dde3,a923f878ea8b3e0157d3a8bf2be34a116f81e2d2a52758163266ff9cb83aa036,11833,12397,8,8,true,verified_exact,semantic_v1
ULTA__ULTA_ULTA_BEAUTY_INC_2020__ethics_compliance__0002__chunk_0000,ULTA__ULTA_ULTA_BEAUTY_INC_2020,ULTA__ULTA_ULTA_BEAUTY_INC_2020__a114e05f3f05,ULTA,ULTA,sustainability,sustainability,full_report,primary,true,,ok,index_as_esg,,ULTA-ULTA BEAUTY INC-2020,ethics_compliance,ethics_compliance__0002,0,normal,,,,331,1516,data/99_debug_etsy/04_chunks/ULTA/ULTA-ULTA BEAUTY INC-2020__ethics_compliance__0002__chunk_0000.txt,data/99_debug_etsy/03_sections/ULTA/ULTA-ULTA BEAUTY INC-2020__ethics_compliance__0002.txt,1516,2026-07-23T17:59:05.125470Z,79cf517352350fa824aca563801ae2c6cfce45b2e0ffbda1230e7cef3aa94b41,295b2a8aad3eb210c7a6124fa5d72546176a7fcc25c04d100c09c449cb18dde3,79cf517352350fa824aca563801ae2c6cfce45b2e0ffbda1230e7cef3aa94b41,13389,14905,8,10,true,verified_exact,semantic_v1
ULTA__ULTA_ULTA_BEAUTY_INC_2020__governance__0001__chunk_0000,ULTA__ULTA_ULTA_BEAUTY_INC_2020,ULTA__ULTA_ULTA_BEAUTY_INC_2020__a114e05f3f05,ULTA,ULTA,sustainability,sustainability,full_report,primary,true,,ok,index_as_esg,,ULTA-ULTA BEAUTY INC-2020,governance,governance__0001,0,normal,,,,444,2040,data/99_debug_etsy/04_chunks/ULTA/ULTA-ULTA BEAUTY INC-2020__governance__0001__chunk_0000.txt,data/99_debug_etsy/03_sections/ULTA/ULTA-ULTA BEAUTY INC-2020__governance__0001.txt,2050,2026-07-23T17:59:05.113971Z,978d512ca6eeac1de45742d32586bb8223dde4b7168b58c6040351d64a8df28c,295b2a8aad3eb210c7a6124fa5d72546176a7fcc25c04d100c09c449cb18dde3,978d512ca6eeac1de45742d32586bb8223dde4b7168b58c6040351d64a8df28c,5243,7283,5,6,true,verified_exact,semantic_v1
ULTA__ULTA_ULTA_BEAUTY_INC_2020__governance__0002__chunk_0000,ULTA__ULTA_ULTA_BEAUTY_INC_2020,ULTA__ULTA_ULTA_BEAUTY_INC_2020__a114e05f3f05,ULTA,ULTA,sustainability,sustainability,full_report,primary,true,,ok,index_as_esg,,ULTA-ULTA BEAUTY INC-2020,governance,governance__0002,0,normal,,,,446,1252,data/99_debug_etsy/04_chunks/ULTA/ULTA-ULTA BEAUTY INC-2020__governance__0002__chunk_0000.txt,data/99_debug_etsy/03_sections/ULTA/ULTA-ULTA BEAUTY INC-2020__governance__0002.txt,1254,2026-07-23T17:59:05.118476Z,a7015661b2d236fd65548c29b80e1e1dfb08fd35bc65362e748beb571248f53b,295b2a8aad3eb210c7a6124fa5d72546176a7fcc25c04d100c09c449cb18dde3,a7015661b2d236fd65548c29b80e1e1dfb08fd35bc65362e748beb571248f53b,10579,11831,7,8,true,verified_exact,semantic_v1
ULTA__ULTA_ULTA_BEAUTY_INC_2020__governance__0003__chunk_0000,ULTA__ULTA_ULTA_BEAUTY_INC_2020,ULTA__ULTA_ULTA_BEAUTY_INC_2020__a114e05f3f05,ULTA,ULTA,sustainability,sustainability,full_report,primary,true,,ok,index_as_esg,,ULTA-ULTA BEAUTY INC-2020,governance,governance__0003,0,normal,,,,294,1339,data/99_debug_etsy/04_chunks/ULTA/ULTA-ULTA BEAUTY INC-2020__governance__0003__chunk_0000.txt,data/99_debug_etsy/03_sections/ULTA/ULTA-ULTA BEAUTY INC-2020__governance__0003.txt,1348,2026-07-23T17:59:05.129095Z,6d3754c0b4ad8fcedc291eaff7ce1b589923a829412c11f1af7dd55308520c98,295b2a8aad3eb210c7a6124fa5d72546176a7fcc25c04d100c09c449cb18dde3,6d3754c0b4ad8fcedc291eaff7ce1b589923a829412c11f1af7dd55308520c98,21806,23145,12,13,true,verified_exact,semantic_v1
ULTA__ULTA_ULTA_BEAUTY_INC_2020__human_capital__0001__chunk_0000,ULTA__ULTA_ULTA_BEAUTY_INC_2020,ULTA__ULTA_ULTA_BEAUTY_INC_2020__a114e05f3f05,ULTA,ULTA,sustainability,sustainability,full_report,primary,true,,ok,index_as_esg,,ULTA-ULTA BEAUTY INC-2020,human_capital,human_capital__0001,0,normal,,,,500,2292,data/99_debug_etsy/04_chunks/ULTA/ULTA-ULTA BEAUTY INC-2020__human_capital__0001__chunk_0000.txt,data/99_debug_etsy/03_sections/ULTA/ULTA-ULTA BEAUTY INC-2020__human_capital__0001.txt,6939,2026-07-23T17:59:05.126586Z,f01bcfef9f18628fe8de04e8bd9e39ebd70a6180dbf8b0ef86dbcf2b68e92e4b,295b2a8aad3eb210c7a6124fa5d72546176a7fcc25c04d100c09c449cb18dde3,f01bcfef9f18628fe8de04e8bd9e39ebd70a6180dbf8b0ef86dbcf2b68e92e4b,14906,17198,10,10,true,verified_exact,semantic_v1
ULTA__ULTA_ULTA_BEAUTY_INC_2020__human_capital__0001__chunk_0001,ULTA__ULTA_ULTA_BEAUTY_INC_2020,ULTA__ULTA_ULTA_BEAUTY_INC_2020__a114e05f3f05,ULTA,ULTA,sustainability,sustainability,full_report,primary,true,,ok,index_as_esg,,ULTA-ULTA BEAUTY INC-2020,human_capital,human_capital__0001,1,normal,,,,500,2402,data/99_debug_etsy/04_chunks/ULTA/ULTA-ULTA BEAUTY INC-2020__human_capital__0001__chunk_0001.txt,data/99_debug_etsy/03_sections/ULTA/ULTA-ULTA BEAUTY INC-2020__human_capital__0001.txt,6939,2026-07-23T17:59:05.126586Z,f01bcfef9f18628fe8de04e8bd9e39ebd70a6180dbf8b0ef86dbcf2b68e92e4b,295b2a8aad3eb210c7a6124fa5d72546176a7fcc25c04d100c09c449cb18dde3,f01bcfef9f18628fe8de04e8bd9e39ebd70a6180dbf8b0ef86dbcf2b68e92e4b,16968,19370,10,11,true,verified_exact,semantic_v1
ULTA__ULTA_ULTA_BEAUTY_INC_2020__human_capital__0001__chunk_0002,ULTA__ULTA_ULTA_BEAUTY_INC_2020,ULTA__ULTA_ULTA_BEAUTY_INC_2020__a114e05f3f05,ULTA,ULTA,sustainability,sustainability,full_report,primary,true,,ok,index_as_esg,,ULTA-ULTA BEAUTY INC-2020,human_capital,human_capital__0001,2,normal,,,,499,2193,data/99_debug_etsy/04_chunks/ULTA/ULTA-ULTA BEAUTY INC-2020__human_capital__0001__chunk_0002.txt,data/99_debug_etsy/03_sections/ULTA/ULTA-ULTA BEAUTY INC-2020__human_capital__0001.txt,6939,2026-07-23T17:59:05.126586Z,f01bcfef9f18628fe8de04e8bd9e39ebd70a6180dbf8b0ef86dbcf2b68e92e4b,295b2a8aad3eb210c7a6124fa5d72546176a7fcc25c04d100c09c449cb18dde3,f01bcfef9f18628fe8de04e8bd9e39ebd70a6180dbf8b0ef86dbcf2b68e92e4b,19147,21340,11,12,true,verified_exact,semantic_v1
ULTA__ULTA_ULTA_BEAUTY_INC_2020__human_capital__0001__chunk_0003,ULTA__ULTA_ULTA_BEAUTY_INC_2020,ULTA__ULTA_ULTA_BEAUTY_INC_2020__a114e05f3f05,ULTA,ULTA,sustainability,sustainability,full_report,primary,true,,ok,index_as_esg,,ULTA-ULTA BEAUTY INC-2020,human_capital,human_capital__0001,3,normal,,,,150,724,data/99_debug_etsy/04_chunks/ULTA/ULTA-ULTA BEAUTY INC-2020__human_capital__0001__chunk_0003.txt,data/99_debug_etsy/03_sections/ULTA/ULTA-ULTA BEAUTY INC-2020__human_capital__0001.txt,6939,2026-07-23T17:59:05.126586Z,f01bcfef9f18628fe8de04e8bd9e39ebd70a6180dbf8b0ef86dbcf2b68e92e4b,295b2a8aad3eb210c7a6124fa5d72546176a7fcc25c04d100c09c449cb18dde3,f01bcfef9f18628fe8de04e8bd9e39ebd70a6180dbf8b0ef86dbcf2b68e92e4b,21081,21805,12,12,true,verified_exact,semantic_v1
ULTA__ULTA_ULTA_BEAUTY_INC_2020__human_capital__0002__chunk_0000,ULTA__ULTA_ULTA_BEAUTY_INC_2020,ULTA__ULTA_ULTA_BEAUTY_INC_2020__a114e05f3f05,ULTA,ULTA,sustainability,sustainability,full_report,primary,true,,ok,index_as_esg,,ULTA-ULTA BEAUTY INC-2020,human_capital,human_capital__0002,0,normal,,,,500,2298,data/99_debug_etsy/04_chunks/ULTA/ULTA-ULTA BEAUTY INC-2020__human_capital__0002__chunk_0000.txt,data/99_debug_etsy/03_sections/ULTA/ULTA-ULTA BEAUTY INC-2020__human_capital__0002.txt,9060,2026-07-23T17:59:05.132360Z,8158b3d9e889848d00070ae902a97d1bf2d261a3005864ffab53c95c19daaf68,295b2a8aad3eb210c7a6124fa5d72546176a7fcc25c04d100c09c449cb18dde3,8158b3d9e889848d00070ae902a97d1bf2d261a3005864ffab53c95c19daaf68,25272,27570,13,14,true,verified_exact,semantic_v1
ULTA__ULTA_ULTA_BEAUTY_INC_2020__human_capital__0002__chunk_0001,ULTA__ULTA_ULTA_BEAUTY_INC_2020,ULTA__ULTA_ULTA_BEAUTY_INC_2020__a114e05f3f05,ULTA,ULTA,sustainability,sustainability,full_report,primary,true,,ok,index_as_esg,,ULTA-ULTA BEAUTY INC-2020,human_capital,human_capital__0002,1,normal,,,,500,2288,data/99_debug_etsy/04_chunks/ULTA/ULTA-ULTA BEAUTY INC-2020__human_capital__0002__chunk_0001.txt,data/99_debug_etsy/03_sections/ULTA/ULTA-ULTA BEAUTY INC-2020__human_capital__0002.txt,9060,2026-07-23T17:59:05.132360Z,8158b3d9e889848d00070ae902a97d1bf2d261a3005864ffab53c95c19daaf68,295b2a8aad3eb210c7a6124fa5d72546176a7fcc25c04d100c09c449cb18dde3,8158b3d9e889848d00070ae902a97d1bf2d261a3005864ffab53c95c19daaf68,27346,29634,14,15,true,verified_exact,semantic_v1
ULTA__ULTA_ULTA_BEAUTY_INC_2020__human_capital__0002__chunk_0002,ULTA__ULTA_ULTA_BEAUTY_INC_2020,ULTA__ULTA_ULTA_BEAUTY_INC_2020__a114e05f3f05,ULTA,ULTA,sustainability,sustainability,full_report,primary,true,,ok,index_as_esg,,ULTA-ULTA BEAUTY INC-2020,human_capital,human_capital__0002,2,normal,,,,500,2314,data/99_debug_etsy/04_chunks/ULTA/ULTA-ULTA BEAUTY INC-2020__human_capital__0002__chunk_0002.txt,data/99_debug_etsy/03_sections/ULTA/ULTA-ULTA BEAUTY INC-2020__human_capital__0002.txt,9060,2026-07-23T17:59:05.132360Z,8158b3d9e889848d00070ae902a97d1bf2d261a3005864ffab53c95c19daaf68,295b2a8aad3eb210c7a6124fa5d72546176a7fcc25c04d100c09c449cb18dde3,8158b3d9e889848d00070ae902a97d1bf2d261a3005864ffab53c95c19daaf68,29400,31714,15,17,true,verified_exact,semantic_v1
ULTA__ULTA_ULTA_BEAUTY_INC_2020__human_capital__0002__chunk_0003,ULTA__ULTA_ULTA_BEAUTY_INC_2020,ULTA__ULTA_ULTA_BEAUTY_INC_2020__a114e05f3f05,ULTA,ULTA,sustainability,sustainability,full_report,primary,true,,ok,index_as_esg,,ULTA-ULTA BEAUTY INC-2020,human_capital,human_capital__0002,3,normal,,,,499,2234,data/99_debug_etsy/04_chunks/ULTA/ULTA-ULTA BEAUTY INC-2020__human_capital__0002__chunk_0003.txt,data/99_debug_etsy/03_sections/ULTA/ULTA-ULTA BEAUTY INC-2020__human_capital__0002.txt,9060,2026-07-23T17:59:05.132360Z,8158b3d9e889848d00070ae902a97d1bf2d261a3005864ffab53c95c19daaf68,295b2a8aad3eb210c7a6124fa5d72546176a7fcc25c04d100c09c449cb18dde3,8158b3d9e889848d00070ae902a97d1bf2d261a3005864ffab53c95c19daaf68,31469,33703,17,18,true,verified_exact,semantic_v1
ULTA__ULTA_ULTA_BEAUTY_INC_2020__human_capital__0002__chunk_0004,ULTA__ULTA_ULTA_BEAUTY_INC_2020,ULTA__ULTA_ULTA_BEAUTY_INC_2020__a114e05f3f05,ULTA,ULTA,sustainability,sustainability,full_report,primary,true,,ok,index_as_esg,,ULTA-ULTA BEAUTY INC-2020,human_capital,human_capital__0002,4,normal,,,,165,809,data/99_debug_etsy/04_chunks/ULTA/ULTA-ULTA BEAUTY INC-2020__human_capital__0002__chunk_0004.txt,data/99_debug_etsy/03_sections/ULTA/ULTA-ULTA BEAUTY INC-2020__human_capital__0002.txt,9060,2026-07-23T17:59:05.132360Z,8158b3d9e889848d00070ae902a97d1bf2d261a3005864ffab53c95c19daaf68,295b2a8aad3eb210c7a6124fa5d72546176a7fcc25c04d100c09c449cb18dde3,8158b3d9e889848d00070ae902a97d1bf2d261a3005864ffab53c95c19daaf68,33480,34289,18,18,true,verified_exact,semantic_v1
ULTA__ULTA_ULTA_BEAUTY_INC_2020__human_capital__0003__chunk_0000,ULTA__ULTA_ULTA_BEAUTY_INC_2020,ULTA__ULTA_ULTA_BEAUTY_INC_2020__a114e05f3f05,ULTA,ULTA,sustainability,sustainability,full_report,primary,true,,ok,index_as_esg,,ULTA-ULTA BEAUTY INC-2020,human_capital,human_capital__0003,0,normal,,,,500,1615,data/99_debug_etsy/04_chunks/ULTA/ULTA-ULTA BEAUTY INC-2020__human_capital__0003__chunk_0000.txt,data/99_debug_etsy/03_sections/ULTA/ULTA-ULTA BEAUTY INC-2020__human_capital__0003.txt,2148,2026-07-23T17:59:05.154922Z,309148f2ad82d059a0ffb9d40403193fc0e53deb5614ac79f772791fdca32c10,295b2a8aad3eb210c7a6124fa5d72546176a7fcc25c04d100c09c449cb18dde3,309148f2ad82d059a0ffb9d40403193fc0e53deb5614ac79f772791fdca32c10,65702,67317,34,35,true,verified_exact,semantic_v1
ULTA__ULTA_ULTA_BEAUTY_INC_2020__human_capital__0003__chunk_0001,ULTA__ULTA_ULTA_BEAUTY_INC_2020,ULTA__ULTA_ULTA_BEAUTY_INC_2020__a114e05f3f05,ULTA,ULTA,sustainability,sustainability,full_report,primary,true,,ok,index_as_esg,,ULTA-ULTA BEAUTY INC-2020,human_capital,human_capital__0003,1,normal,,,,188,693,data/99_debug_etsy/04_chunks/ULTA/ULTA-ULTA BEAUTY INC-2020__human_capital__0003__chunk_0001.txt,data/99_debug_etsy/03_sections/ULTA/ULTA-ULTA BEAUTY INC-2020__human_capital__0003.txt,2148,2026-07-23T17:59:05.154922Z,309148f2ad82d059a0ffb9d40403193fc0e53deb5614ac79f772791fdca32c10,295b2a8aad3eb210c7a6124fa5d72546176a7fcc25c04d100c09c449cb18dde3,309148f2ad82d059a0ffb9d40403193fc0e53deb5614ac79f772791fdca32c10,67153,67846,35,36,true,verified_exact,semantic_v1
ULTA__ULTA_ULTA_BEAUTY_INC_2020__supply_chain_ethics__0001__chunk_0000,ULTA__ULTA_ULTA_BEAUTY_INC_2020,ULTA__ULTA_ULTA_BEAUTY_INC_2020__a114e05f3f05,ULTA,ULTA,sustainability,sustainability,full_report,primary,true,,ok,index_as_esg,,ULTA-ULTA BEAUTY INC-2020,supply_chain_ethics,supply_chain_ethics__0001,0,normal,,,,215,990,data/99_debug_etsy/04_chunks/ULTA/ULTA-ULTA BEAUTY INC-2020__supply_chain_ethics__0001__chunk_0000.txt,data/99_debug_etsy/03_sections/ULTA/ULTA-ULTA BEAUTY INC-2020__supply_chain_ethics__0001.txt,994,2026-07-23T17:59:05.123471Z,e9480033a59f337e72a623cced697c2f1ce09f1178c15e1996870c62c9a7b3b6,295b2a8aad3eb210c7a6124fa5d72546176a7fcc25c04d100c09c449cb18dde3,e9480033a59f337e72a623cced697c2f1ce09f1178c15e1996870c62c9a7b3b6,12398,13388,8,8,true,verified_exact,semantic_v1
ULTA__ULTA_ULTA_BEAUTY_INC_2020__supply_chain_ethics__0002__chunk_0000,ULTA__ULTA_ULTA_BEAUTY_INC_2020,ULTA__ULTA_ULTA_BEAUTY_INC_2020__a114e05f3f05,ULTA,ULTA,sustainability,sustainability,full_report,primary,true,,ok,index_as_esg,,ULTA-ULTA BEAUTY INC-2020,supply_chain_ethics,supply_chain_ethics__0002,0,normal,,,,500,2448,data/99_debug_etsy/04_chunks/ULTA/ULTA-ULTA BEAUTY INC-2020__supply_chain_ethics__0002__chunk_0000.txt,data/99_debug_etsy/03_sections/ULTA/ULTA-ULTA BEAUTY INC-2020__supply_chain_ethics__0002.txt,4271,2026-07-23T17:59:05.133360Z,9bab956c652e4ee7e9487ca27e46bf75d566406eb48e508b7f041470684994c2,295b2a8aad3eb210c7a6124fa5d72546176a7fcc25c04d100c09c449cb18dde3,9bab956c652e4ee7e9487ca27e46bf75d566406eb48e508b7f041470684994c2,34290,36738,18,19,true,verified_exact,semantic_v1
ULTA__ULTA_ULTA_BEAUTY_INC_2020__supply_chain_ethics__0002__chunk_0001,ULTA__ULTA_ULTA_BEAUTY_INC_2020,ULTA__ULTA_ULTA_BEAUTY_INC_2020__a114e05f3f05,ULTA,ULTA,sustainability,sustainability,full_report,primary,true,,ok,index_as_esg,,ULTA-ULTA BEAUTY INC-2020,supply_chain_ethics,supply_chain_ethics__0002,1,normal,,,,500,1689,data/99_debug_etsy/04_chunks/ULTA/ULTA-ULTA BEAUTY INC-2020__supply_chain_ethics__0002__chunk_0001.txt,data/99_debug_etsy/03_sections/ULTA/ULTA-ULTA BEAUTY INC-2020__supply_chain_ethics__0002.txt,4271,2026-07-23T17:59:05.133360Z,9bab956c652e4ee7e9487ca27e46bf75d566406eb48e508b7f041470684994c2,295b2a8aad3eb210c7a6124fa5d72546176a7fcc25c04d100c09c449cb18dde3,9bab956c652e4ee7e9487ca27e46bf75d566406eb48e508b7f041470684994c2,36483,38172,19,20,true,verified_exact,semantic_v1
ULTA__ULTA_ULTA_BEAUTY_INC_2020__supply_chain_ethics__0002__chunk_0002,ULTA__ULTA_ULTA_BEAUTY_INC_2020,ULTA__ULTA_ULTA_BEAUTY_INC_2020__a114e05f3f05,ULTA,ULTA,sustainability,sustainability,full_report,primary,true,,ok,index_as_esg,,ULTA-ULTA BEAUTY INC-2020,supply_chain_ethics,supply_chain_ethics__0002,2,normal,,,,189,515,data/99_debug_etsy/04_chunks/ULTA/ULTA-ULTA BEAUTY INC-2020__supply_chain_ethics__0002__chunk_0002.txt,data/99_debug_etsy/03_sections/ULTA/ULTA-ULTA BEAUTY INC-2020__supply_chain_ethics__0002.txt,4271,2026-07-23T17:59:05.133360Z,9bab956c652e4ee7e9487ca27e46bf75d566406eb48e508b7f041470684994c2,295b2a8aad3eb210c7a6124fa5d72546176a7fcc25c04d100c09c449cb18dde3,9bab956c652e4ee7e9487ca27e46bf75d566406eb48e508b7f041470684994c2,38027,38542,20,20,true,verified_exact,semantic_v1
ULTA__ULTA_ULTA_BEAUTY_INC_2020__waste__0001__chunk_0000,ULTA__ULTA_ULTA_BEAUTY_INC_2020,ULTA__ULTA_ULTA_BEAUTY_INC_2020__a114e05f3f05,ULTA,ULTA,sustainability,sustainability,full_report,primary,true,,ok,index_as_esg,,ULTA-ULTA BEAUTY INC-2020,waste,waste__0001,0,normal,,,,500,2088,data/99_debug_etsy/04_chunks/ULTA/ULTA-ULTA BEAUTY INC-2020__waste__0001__chunk_0000.txt,data/99_debug_etsy/03_sections/ULTA/ULTA-ULTA BEAUTY INC-2020__waste__0001.txt,5797,2026-07-23T17:59:05.135360Z,e2a5247ddf1ec0ec5f8c9d4ea25613e4e3fe40c5e284ffd8a3556d0b3793b0af,295b2a8aad3eb210c7a6124fa5d72546176a7fcc25c04d100c09c449cb18dde3,e2a5247ddf1ec0ec5f8c9d4ea25613e4e3fe40c5e284ffd8a3556d0b3793b0af,38544,40632,20,21,true,verified_exact,semantic_v1
ULTA__ULTA_ULTA_BEAUTY_INC_2020__waste__0001__chunk_0001,ULTA__ULTA_ULTA_BEAUTY_INC_2020,ULTA__ULTA_ULTA_BEAUTY_INC_2020__a114e05f3f05,ULTA,ULTA,sustainability,sustainability,full_report,primary,true,,ok,index_as_esg,,ULTA-ULTA BEAUTY INC-2020,waste,waste__0001,1,normal,,,,499,2203,data/99_debug_etsy/04_chunks/ULTA/ULTA-ULTA BEAUTY INC-2020__waste__0001__chunk_0001.txt,data/99_debug_etsy/03_sections/ULTA/ULTA-ULTA BEAUTY INC-2020__waste__0001.txt,5797,2026-07-23T17:59:05.135360Z,e2a5247ddf1ec0ec5f8c9d4ea25613e4e3fe40c5e284ffd8a3556d0b3793b0af,295b2a8aad3eb210c7a6124fa5d72546176a7fcc25c04d100c09c449cb18dde3,e2a5247ddf1ec0ec5f8c9d4ea25613e4e3fe40c5e284ffd8a3556d0b3793b0af,40401,42604,21,22,true,verified_exact,semantic_v1
ULTA__ULTA_ULTA_BEAUTY_INC_2020__waste__0001__chunk_0002,ULTA__ULTA_ULTA_BEAUTY_INC_2020,ULTA__ULTA_ULTA_BEAUTY_INC_2020__a114e05f3f05,ULTA,ULTA,sustainability,sustainability,full_report,primary,true,,ok,index_as_esg,,ULTA-ULTA BEAUTY INC-2020,waste,waste__0001,2,normal,,,,434,1931,data/99_debug_etsy/04_chunks/ULTA/ULTA-ULTA BEAUTY INC-2020__waste__0001__chunk_0002.txt,data/99_debug_etsy/03_sections/ULTA/ULTA-ULTA BEAUTY INC-2020__waste__0001.txt,5797,2026-07-23T17:59:05.135360Z,e2a5247ddf1ec0ec5f8c9d4ea25613e4e3fe40c5e284ffd8a3556d0b3793b0af,295b2a8aad3eb210c7a6124fa5d72546176a7fcc25c04d100c09c449cb18dde3,e2a5247ddf1ec0ec5f8c9d4ea25613e4e3fe40c5e284ffd8a3556d0b3793b0af,42369,44300,22,23,true,verified_exact,semantic_v1
ULTA__ULTA_ULTA_BEAUTY_INC_2020__waste__0002__chunk_0000,ULTA__ULTA_ULTA_BEAUTY_INC_2020,ULTA__ULTA_ULTA_BEAUTY_INC_2020__a114e05f3f05,ULTA,ULTA,sustainability,sustainability,full_report,primary,true,,ok,index_as_esg,,ULTA-ULTA BEAUTY INC-2020,waste,waste__0002,0,normal,,,,500,2234,data/99_debug_etsy/04_chunks/ULTA/ULTA-ULTA BEAUTY INC-2020__waste__0002__chunk_0000.txt,data/99_debug_etsy/03_sections/ULTA/ULTA-ULTA BEAUTY INC-2020__waste__0002.txt,2894,2026-07-23T17:59:05.149923Z,b291a483c7e7f603e025a6ce452a9d5205c011f3ab18a8394cdff631ec70ff71,295b2a8aad3eb210c7a6124fa5d72546176a7fcc25c04d100c09c449cb18dde3,b291a483c7e7f603e025a6ce452a9d5205c011f3ab18a8394cdff631ec70ff71,61128,63362,32,32,true,verified_exact,semantic_v1
ULTA__ULTA_ULTA_BEAUTY_INC_2020__waste__0002__chunk_0001,ULTA__ULTA_ULTA_BEAUTY_INC_2020,ULTA__ULTA_ULTA_BEAUTY_INC_2020__a114e05f3f05,ULTA,ULTA,sustainability,sustainability,full_report,primary,true,,ok,index_as_esg,,ULTA-ULTA BEAUTY INC-2020,waste,waste__0002,1,normal,,,,176,911,data/99_debug_etsy/04_chunks/ULTA/ULTA-ULTA BEAUTY INC-2020__waste__0002__chunk_0001.txt,data/99_debug_etsy/03_sections/ULTA/ULTA-ULTA BEAUTY INC-2020__waste__0002.txt,2894,2026-07-23T17:59:05.149923Z,b291a483c7e7f603e025a6ce452a9d5205c011f3ab18a8394cdff631ec70ff71,295b2a8aad3eb210c7a6124fa5d72546176a7fcc25c04d100c09c449cb18dde3,b291a483c7e7f603e025a6ce452a9d5205c011f3ab18a8394cdff631ec70ff71,63103,64014,32,33,true,verified_exact,semantic_v1
