company_id,ticker,cik,name,sector,exchange,ipo_date,fiscal_year_end_month,fiscal_year_end_day,fiscal_year_end_source,fiscal_year_end_status
1,DDS,0000028917,DILLARDS INC  -CL A,Broadline Retail,New York Stock Exchange (NYSE),1980-03-17,1,31,yahoo_finance,SOURCE_VERIFIED
2,M,0000794367,MACY'S INC,Broadline Retail,New York Stock Exchange (NYSE),1992-02-05,1,31,yahoo_finance,SOURCE_VERIFIED
3,KSS,0000885639,KOHL'S CORP,Broadline Retail,New York Stock Exchange (NYSE),1992-05-19,1,31,yahoo_finance,SOURCE_VERIFIED
4,CPNG,0001834584,COUPANG INC,Broadline Retail,New York Stock Exchange (NYSE),2021-03-11,12,31,yahoo_finance,SOURCE_VERIFIED
5,DIBS,0001600641,1STDIBS.COM INC,Broadline Retail,NASDAQ-NMS Stock Market,2021-06-10,12,31,yahoo_finance,SOURCE_VERIFIED
6,OLLI,0001639300,OLLIE'S BARGAIN OUTLET HLDGS,Broadline Retail,NASDAQ-NMS Stock Market,2015-07-16,1,31,yahoo_finance,SOURCE_VERIFIED
7,ORBS,0001892492,EIGHTCO HOLDINGS INC,Broadline Retail,NASDAQ-NMS Stock Market,2022-05-18,12,31,yahoo_finance,SOURCE_VERIFIED
8,AMZN,0001018724,AMAZON.COM INC,Broadline Retail,NASDAQ-NMS Stock Market,1997-05-15,12,31,yahoo_finance,SOURCE_VERIFIED
9,EBAY,0001065088,EBAY INC,Broadline Retail,NASDAQ-NMS Stock Market,1998-09-24,12,31,yahoo_finance,SOURCE_VERIFIED
10,MELI,0001099590,MERCADOLIBRE INC,Broadline Retail,NASDAQ-NMS Stock Market,2007-08-10,12,31,yahoo_finance,SOURCE_VERIFIED
11,GRPN,0001490281,GROUPON INC,Broadline Retail,NASDAQ-NMS Stock Market,2011-11-04,12,31,yahoo_finance,SOURCE_VERIFIED
12,JWN,0000072333,NORDSTROM INC,Broadline Retail,New York Stock Exchange (NYSE),1971-07-29,1,31,manual_patch,MANUAL_VERIFIED
13,HOUR,0001874875,HOUR LOOP INC,Broadline Retail,NASDAQ-NMS Stock Market,2022-01-07,12,31,yahoo_finance,SOURCE_VERIFIED
14,SVV,0001883313,SAVERS VALUE VILLAGE INC,Broadline Retail,New York Stock Exchange (NYSE),2023-06-29,3,26,yahoo_finance,SOURCE_VERIFIED
15,PTRN,0001811935,PATTERN GROUP INC,Broadline Retail,NASDAQ-NMS Stock Market,2025-09-19,12,31,yahoo_finance,SOURCE_VERIFIED
16,ETSY,0001370637,ETSY INC,Broadline Retail,New York Stock Exchange (NYSE),2015-04-16,12,31,yahoo_finance,SOURCE_VERIFIED
17,GPRO,0001500435,GOPRO INC,Broadline Retail,NASDAQ-NMS Stock Market,2014-06-26,12,31,yahoo_finance,SOURCE_VERIFIED
18,KOSS,0000056701,KOSS CORP,Broadline Retail,NASDAQ-NMS Stock Market,1980-03-17,6,30,yahoo_finance,SOURCE_VERIFIED
19,UEIC,0000101984,UNIVERSAL ELECTRONICS INC,Broadline Retail,NASDAQ-NMS Stock Market,1993-02-12,12,31,yahoo_finance,SOURCE_VERIFIED
20,SONO,0001314727,SONOS INC,Broadline Retail,NASDAQ-NMS Stock Market,2018-08-02,9,27,yahoo_finance,SOURCE_VERIFIED
21,RIME,0000923601,ALGORHYTHM HOLDINGS INC,Broadline Retail,NASDAQ-NMS Stock Market,1994-11-11,12,31,yahoo_finance,SOURCE_VERIFIED
22,LOVE,0001701758,LOVESAC CO (THE),Broadline Retail,NASDAQ-NMS Stock Market,2018-06-27,1,26,yahoo_finance,SOURCE_VERIFIED
23,ETD,0000896156,ETHAN ALLEN INTERIORS INC,Broadline Retail,New York Stock Exchange (NYSE),1993-03-16,6,30,yahoo_finance,SOURCE_VERIFIED
24,HOFT,0001077688,HOOKER FURNISHINGS CORP,Broadline Retail,NASDAQ-NMS Stock Market,2002-06-27,1,26,yahoo_finance,SOURCE_VERIFIED
25,XMAX,0001473334,XMAX INC,Broadline Retail,NASDAQ-NMS Stock Market,2011-10-17,12,31,yahoo_finance,SOURCE_VERIFIED
26,MHK,0000851968,MOHAWK INDUSTRIES INC,Broadline Retail,New York Stock Exchange (NYSE),1992-04-01,12,31,yahoo_finance,SOURCE_VERIFIED
27,LZB,0000057131,LA-Z-BOY INC,Broadline Retail,New York Stock Exchange (NYSE),1973-02-21,4,25,yahoo_finance,SOURCE_VERIFIED
28,FLXS,0000037472,FLEXSTEEL INDUSTRIES INC,Broadline Retail,NASDAQ-NMS Stock Market,1980-03-17,6,30,yahoo_finance,SOURCE_VERIFIED
29,BSET,0000010329,BASSETT FURNITURE INDS,Broadline Retail,NASDAQ-NMS Stock Market,1980-03-17,11,29,yahoo_finance,SOURCE_VERIFIED
30,LEG,0000058492,LEGGETT & PLATT INC,Broadline Retail,New York Stock Exchange (NYSE),1980-03-17,12,31,yahoo_finance,SOURCE_VERIFIED
31,PRPL,0001643953,PURPLE INNOVATION INC,Broadline Retail,NASDAQ-NMS Stock Market,2015-10-29,12,31,yahoo_finance,SOURCE_VERIFIED
32,SGI,0001206264,SOMNIGROUP INTERNATIONAL INC,Broadline Retail,New York Stock Exchange (NYSE),2003-12-18,12,31,yahoo_finance,SOURCE_VERIFIED
33,LIVE,0001045742,LIVE VENTURES INC,Broadline Retail,NASDAQ-NMS Stock Market,2002-01-29,9,30,yahoo_finance,SOURCE_VERIFIED
34,WHR,0000106640,WHIRLPOOL CORP,Broadline Retail,New York Stock Exchange (NYSE),1973-02-21,12,31,yahoo_finance,SOURCE_VERIFIED
35,HBB,0001709164,HAMILTON BEACH BND HDNG,Broadline Retail,New York Stock Exchange (NYSE),2017-09-26,12,31,yahoo_finance,SOURCE_VERIFIED
36,CRCT,0001828962,CRICUT INC,Broadline Retail,NASDAQ-NMS Stock Market,2021-03-26,12,31,yahoo_finance,SOURCE_VERIFIED
37,ATER,0001757715,ATERIAN INC,Broadline Retail,NASDAQ-NMS Stock Market,2019-06-12,12,31,yahoo_finance,SOURCE_VERIFIED
38,COOK,0001857853,TRAEGER INC,Broadline Retail,New York Stock Exchange (NYSE),2021-07-29,12,31,yahoo_finance,SOURCE_VERIFIED
39,NWL,0000814453,NEWELL BRANDS INC,Broadline Retail,NASDAQ-NMS Stock Market,1980-03-17,12,31,yahoo_finance,SOURCE_VERIFIED
40,YHGJ,0001042187,YUNHONG GREEN CTI LTD,Broadline Retail,NASDAQ-NMS Stock Market,2003-05-29,12,31,yahoo_finance,SOURCE_VERIFIED
41,LCUT,0000874396,LIFETIME BRANDS INC,Broadline Retail,NASDAQ-NMS Stock Market,1991-06-05,12,31,yahoo_finance,SOURCE_VERIFIED
42,GES,0000912463,GUESS INC,Broadline Retail,New York Stock Exchange (NYSE),1996-08-08,1,30,manual_patch,MANUAL_VERIFIED
43,AEO,0000919012,AMERN EAGLE OUTFITTERS INC,Broadline Retail,New York Stock Exchange (NYSE),1994-04-14,1,31,yahoo_finance,SOURCE_VERIFIED
44,TLYS,0001524025,TILLY'S INC,Broadline Retail,New York Stock Exchange (NYSE),2012-05-04,1,31,yahoo_finance,SOURCE_VERIFIED
45,CATO,0000018255,CATO CORP  -CL A,Broadline Retail,New York Stock Exchange (NYSE),1987-04-22,1,31,yahoo_finance,SOURCE_VERIFIED
46,ROST,0000745732,ROSS STORES INC,Broadline Retail,NASDAQ-NMS Stock Market,1985-08-08,1,31,yahoo_finance,SOURCE_VERIFIED
47,TJX,0000109198,TJX COS INC (THE),Broadline Retail,New York Stock Exchange (NYSE),1987-06-26,1,31,yahoo_finance,SOURCE_VERIFIED
48,DXLG,0000813298,DESTINATION XL GROUP INC,Broadline Retail,NASDAQ-NMS Stock Market,1987-06-02,1,31,yahoo_finance,SOURCE_VERIFIED
49,GAP,0000039911,GAP INC,Broadline Retail,New York Stock Exchange (NYSE),1980-03-17,1,31,yahoo_finance,SOURCE_VERIFIED
50,BURL,0001579298,BURLINGTON STORES INC,Broadline Retail,New York Stock Exchange (NYSE),2013-10-02,1,31,yahoo_finance,SOURCE_VERIFIED
51,LE,0000799288,LANDS' END INC,Broadline Retail,NASDAQ-NMS Stock Market,2014-03-20,1,30,yahoo_finance,SOURCE_VERIFIED
52,BKE,0000885245,BUCKLE INC,Broadline Retail,New York Stock Exchange (NYSE),1992-05-08,1,31,yahoo_finance,SOURCE_VERIFIED
53,DLTH,0001649744,DULUTH HOLDINGS INC,Broadline Retail,NASDAQ-NMS Stock Market,2015-11-20,1,26,yahoo_finance,SOURCE_VERIFIED
54,JILL,0001687932,J JILL INC,Broadline Retail,New York Stock Exchange (NYSE),2017-03-09,1,31,yahoo_finance,SOURCE_VERIFIED
55,SFIX,0001576942,STITCH FIX INC,Broadline Retail,NASDAQ-NMS Stock Market,2017-11-17,2,26,yahoo_finance,SOURCE_VERIFIED
56,RVLV,0001746618,REVOLVE GROUP INC,Broadline Retail,New York Stock Exchange (NYSE),2019-06-07,12,31,yahoo_finance,SOURCE_VERIFIED
57,URBN,0000912615,URBAN OUTFITTERS INC,Broadline Retail,NASDAQ-NMS Stock Market,1993-11-09,1,31,yahoo_finance,SOURCE_VERIFIED
58,DBGI,0001668010,DIGITAL BRANDS GRP INC,Broadline Retail,NASDAQ-NMS Stock Market,2021-05-14,12,31,yahoo_finance,SOURCE_VERIFIED
59,CURV,0001792781,TORRID HOLDINGS INC,Broadline Retail,New York Stock Exchange (NYSE),2021-07-01,1,31,yahoo_finance,SOURCE_VERIFIED
60,VSXY,0001856437,VICTORIAS SECRET AND CO,Broadline Retail,New York Stock Exchange (NYSE),2021-07-21,1,31,yahoo_finance,SOURCE_VERIFIED
61,AKA,0001865107,A.K.A. BRAND HOLD CORP,Broadline Retail,New York Stock Exchange (NYSE),2021-09-22,12,31,yahoo_finance,SOURCE_VERIFIED
62,LVLU,0001780201,LULU'S FASHION LOUN HOLD INC,Broadline Retail,NASDAQ-NMS Stock Market,2021-11-11,12,28,yahoo_finance,SOURCE_VERIFIED
63,ANF,0001018840,ABERCROMBIE & FITCH  -CL A,Broadline Retail,New York Stock Exchange (NYSE),1996-09-26,1,31,yahoo_finance,SOURCE_VERIFIED
64,PLCE,0001041859,CHILDRENS PLACE INC,Broadline Retail,NASDAQ-NMS Stock Market,1997-09-19,1,31,yahoo_finance,SOURCE_VERIFIED
65,CTRN,0001318484,CITI TRENDS INC,Broadline Retail,NASDAQ-NMS Stock Market,2005-05-18,1,31,yahoo_finance,SOURCE_VERIFIED
66,ZUMZ,0001318008,ZUMIEZ INC,Broadline Retail,NASDAQ-NMS Stock Market,2005-05-06,1,31,yahoo_finance,SOURCE_VERIFIED
67,XELB,0001083220,XCEL BRANDS INC,Broadline Retail,NASDAQ-NMS Stock Market,2012-10-02,12,31,yahoo_finance,SOURCE_VERIFIED
68,CAL,0000014707,CALERES INC,Broadline Retail,New York Stock Exchange (NYSE),1980-03-17,1,31,yahoo_finance,SOURCE_VERIFIED
69,GCO,0000018498,GENESCO INC,Broadline Retail,New York Stock Exchange (NYSE),1973-02-21,1,31,yahoo_finance,SOURCE_VERIFIED
70,FL,0000850209,FOOT LOCKER INC,Broadline Retail,New York Stock Exchange (NYSE),1980-03-24,1,31,manual_patch,MANUAL_VERIFIED
71,BOOT,0001610250,BOOT BARN HOLDINGS INC,Broadline Retail,New York Stock Exchange (NYSE),2014-10-30,3,28,yahoo_finance,SOURCE_VERIFIED
72,DBI,0001319947,DESIGNER BRANDS INC,Broadline Retail,New York Stock Exchange (NYSE),2005-06-29,1,31,yahoo_finance,SOURCE_VERIFIED
73,SHOE,0000895447,SHOE STATION GROUP INC,Broadline Retail,NASDAQ-NMS Stock Market,1993-03-16,1,31,yahoo_finance,SOURCE_VERIFIED
74,TDUP,0001484778,THREDUP INC,Broadline Retail,NASDAQ-NMS Stock Market,2021-03-26,12,31,yahoo_finance,SOURCE_VERIFIED
75,TLF,0000909724,TANDY LEATHER FACTORY INC,Broadline Retail,NASDAQ-NMS Stock Market,1993-09-27,12,31,yahoo_finance,SOURCE_VERIFIED
76,REAL,0001573221,REALREAL INC (THE),Broadline Retail,NASDAQ-NMS Stock Market,2019-06-28,12,31,yahoo_finance,SOURCE_VERIFIED
77,BBY,0000764478,BEST BUY CO INC,Broadline Retail,New York Stock Exchange (NYSE),1985-04-18,1,31,yahoo_finance,SOURCE_VERIFIED
78,GME,0001326380,GAMESTOP CORP,Broadline Retail,New York Stock Exchange (NYSE),2002-02-13,1,31,yahoo_finance,SOURCE_VERIFIED
79,HD,0000354950,HOME DEPOT INC,Broadline Retail,New York Stock Exchange (NYSE),1981-09-22,1,26,yahoo_finance,SOURCE_VERIFIED
80,LOW,0000060667,LOWE'S COS INC,Broadline Retail,New York Stock Exchange (NYSE),1980-03-17,1,30,yahoo_finance,SOURCE_VERIFIED
81,FND,0001507079,FLOOR & DECOR HLDGS,Broadline Retail,New York Stock Exchange (NYSE),2017-04-27,12,25,yahoo_finance,SOURCE_VERIFIED
82,GRWG,0001604868,GROWGENERATION CORP,Broadline Retail,NASDAQ-NMS Stock Market,2018-02-07,12,31,yahoo_finance,SOURCE_VERIFIED
83,POWW,0001015383,OUTDOOR HOLDING CO,Broadline Retail,NASDAQ-NMS Stock Market,2017-02-07,3,31,yahoo_finance,SOURCE_VERIFIED
84,HZO,0001057060,MARINEMAX INC,Broadline Retail,New York Stock Exchange (NYSE),1998-06-03,9,30,yahoo_finance,SOURCE_VERIFIED
85,FLWS,0001084869,1-800-FLOWERS.COM,Broadline Retail,NASDAQ-NMS Stock Market,1999-08-03,6,29,yahoo_finance,SOURCE_VERIFIED
86,GROV,0001841761,GROVE COLLABORATIVE HLDG INC,Broadline Retail,New York Stock Exchange (NYSE),2021-05-13,12,31,yahoo_finance,SOURCE_VERIFIED
87,FIVE,0001177609,FIVE BELOW INC,Broadline Retail,NASDAQ-NMS Stock Market,2012-07-19,1,31,yahoo_finance,SOURCE_VERIFIED
88,PETS,0001040130,PETMED EXPRESS INC,Broadline Retail,NASDAQ-NMS Stock Market,1999-04-26,3,31,yahoo_finance,SOURCE_VERIFIED
89,BBWI,0000701985,BATH & BODY WORKS INC,Broadline Retail,New York Stock Exchange (NYSE),1982-04-01,1,31,yahoo_finance,SOURCE_VERIFIED
90,SBH,0001368458,SALLY BEAUTY HOLDINGS INC,Broadline Retail,New York Stock Exchange (NYSE),2006-11-17,9,30,yahoo_finance,SOURCE_VERIFIED
91,ULTA,0001403568,ULTA BEAUTY INC,Broadline Retail,NASDAQ-NMS Stock Market,2007-10-25,1,31,yahoo_finance,SOURCE_VERIFIED
92,EYE,0001710155,NATIONAL VISION HOLDINGS INC,Broadline Retail,NASDAQ-NMS Stock Market,2017-10-27,3,26,yahoo_finance,SOURCE_VERIFIED
93,WRBY,0001504776,WARBY PARKER INC,Broadline Retail,New York Stock Exchange (NYSE),2021-09-29,12,31,yahoo_finance,SOURCE_VERIFIED
94,BRLT,0001866757,BRILLIANT EARTH GP INC,Broadline Retail,NASDAQ-NMS Stock Market,2021-09-23,12,31,yahoo_finance,SOURCE_VERIFIED
95,SPWH,0001132105,SPORTSMANS WAREHOUSE HLDGS,Broadline Retail,NASDAQ-NMS Stock Market,2014-04-17,1,31,yahoo_finance,SOURCE_VERIFIED
96,ASO,0001817358,ACADEMY SPO AND OU INC,Broadline Retail,NASDAQ-NMS Stock Market,2020-10-02,1,31,yahoo_finance,SOURCE_VERIFIED
97,DKS,0001089063,DICKS SPORTING GOODS INC,Broadline Retail,New York Stock Exchange (NYSE),2002-10-16,1,31,yahoo_finance,SOURCE_VERIFIED
98,BARK,0001819574,BARK INC,Broadline Retail,New York Stock Exchange (NYSE),2020-12-18,3,31,yahoo_finance,SOURCE_VERIFIED
99,BBW,0001113809,BUILD-A-BEAR WORKSHOP INC,Broadline Retail,New York Stock Exchange (NYSE),2004-10-28,1,31,yahoo_finance,SOURCE_VERIFIED
100,BNED,0001634117,BARNES & NOBLE EDUCATION INC,Broadline Retail,New York Stock Exchange (NYSE),2015-07-23,2,26,yahoo_finance,SOURCE_VERIFIED
101,CHWY,0001766502,CHEWY INC,Broadline Retail,New York Stock Exchange (NYSE),2019-06-14,1,26,yahoo_finance,SOURCE_VERIFIED
102,WOOF,0001826470,PETCO HEALTH AND WELLNESS CO,Broadline Retail,NASDAQ-NMS Stock Market,2021-01-14,1,31,yahoo_finance,SOURCE_VERIFIED
103,PEW,0002051380,GRABAGUN DIGITAL HOLDING INC,Broadline Retail,New York Stock Exchange (NYSE),2024-01-11,12,31,yahoo_finance,SOURCE_VERIFIED
104,TSCO,0000916365,TRACTOR SUPPLY CO,Broadline Retail,NASDAQ-NMS Stock Market,1994-02-17,12,27,yahoo_finance,SOURCE_VERIFIED
105,LESL,0001821806,LESLIE'S INC,Broadline Retail,NASDAQ-NMS Stock Market,2020-10-29,4,26,yahoo_finance,SOURCE_VERIFIED
106,UPBD,0000933036,UPBOUND GROUP INC,Broadline Retail,NASDAQ-NMS Stock Market,1995-01-25,12,31,yahoo_finance,SOURCE_VERIFIED
107,RENT,0001468327,RENT THE RUNWAY INC,Broadline Retail,NASDAQ-NMS Stock Market,2021-10-27,1,31,yahoo_finance,SOURCE_VERIFIED
108,WINA,0000908315,WINMARK CORP,Broadline Retail,NASDAQ-NMS Stock Market,1993-08-25,12,27,yahoo_finance,SOURCE_VERIFIED
109,MNRO,0000876427,MONRO INC,Broadline Retail,NASDAQ-NMS Stock Market,1991-07-30,3,28,yahoo_finance,SOURCE_VERIFIED
111,AN,0000350698,AUTONATION INC,Broadline Retail,New York Stock Exchange (NYSE),1990-05-11,12,31,yahoo_finance,SOURCE_VERIFIED
112,PAG,0001019849,PENSKE AUTOMOTIVE GROUP INC,Broadline Retail,New York Stock Exchange (NYSE),1996-10-23,12,31,yahoo_finance,SOURCE_VERIFIED
113,LAD,0001023128,LITHIA MOTORS INC  -CL A,Broadline Retail,New York Stock Exchange (NYSE),1996-12-18,12,31,yahoo_finance,SOURCE_VERIFIED
114,SAH,0001043509,SONIC AUTOMOTIVE INC  -CL A,Broadline Retail,New York Stock Exchange (NYSE),1997-11-12,12,31,yahoo_finance,SOURCE_VERIFIED
115,GPI,0001031203,GROUP 1 AUTOMOTIVE INC,Broadline Retail,New York Stock Exchange (NYSE),1997-10-30,12,31,yahoo_finance,SOURCE_VERIFIED
116,ABG,0001144980,ASBURY AUTOMOTIVE GROUP INC,Broadline Retail,New York Stock Exchange (NYSE),2002-03-21,12,31,yahoo_finance,SOURCE_VERIFIED
117,CRMT,0000799850,AMERICA'S CAR-MART INC,Broadline Retail,NASDAQ-NMS Stock Market,1987-03-13,4,30,yahoo_finance,SOURCE_VERIFIED
118,CVNA,0001690820,CARVANA CO,Broadline Retail,New York Stock Exchange (NYSE),2017-04-28,12,31,yahoo_finance,SOURCE_VERIFIED
119,KMX,0001170010,CARMAX INC,Broadline Retail,New York Stock Exchange (NYSE),1997-02-04,2,28,yahoo_finance,SOURCE_VERIFIED
120,CWH,0001669779,CAMPING WORLD HOLDINGS INC,Broadline Retail,New York Stock Exchange (NYSE),2016-10-07,12,31,yahoo_finance,SOURCE_VERIFIED
121,ONEW,0001772921,ONEWATER MARINE INC,Broadline Retail,NASDAQ-NMS Stock Market,2020-02-07,9,30,yahoo_finance,SOURCE_VERIFIED
122,RDNW,0001596961,RIDENOW GROUP INC,Broadline Retail,NASDAQ-NMS Stock Market,2017-02-02,12,31,yahoo_finance,SOURCE_VERIFIED
123,AZO,0000866787,AUTOZONE INC,Broadline Retail,New York Stock Exchange (NYSE),1991-04-02,8,30,yahoo_finance,SOURCE_VERIFIED
124,ORLY,0000898173,O'REILLY AUTOMOTIVE INC,Broadline Retail,NASDAQ-NMS Stock Market,1993-04-23,12,31,yahoo_finance,SOURCE_VERIFIED
125,AAP,0001158449,ADVANCE AUTO PARTS INC,Broadline Retail,New York Stock Exchange (NYSE),2001-11-29,3,26,yahoo_finance,SOURCE_VERIFIED
126,PRTS,0001378950,CARPARTS COM INC,Broadline Retail,NASDAQ-NMS Stock Market,2007-02-09,3,26,yahoo_finance,SOURCE_VERIFIED
127,MUSA,0001573516,MURPHY USA INC,Broadline Retail,New York Stock Exchange (NYSE),2013-08-19,12,31,yahoo_finance,SOURCE_VERIFIED
129,VVV,0001674910,VALVOLINE INC,Broadline Retail,New York Stock Exchange (NYSE),2016-09-23,9,30,yahoo_finance,SOURCE_VERIFIED
130,EVGO,0001821159,EVGO INC,Broadline Retail,NASDAQ-NMS Stock Market,2020-11-20,12,31,yahoo_finance,SOURCE_VERIFIED
131,SNBR,0000827187,SLEEP NUMBER CORP,Broadline Retail,NASDAQ-NMS Stock Market,2026-07-17,3,26,yahoo_finance,SOURCE_VERIFIED
132,HVT,0000216085,HAVERTY FURNITURE,Broadline Retail,New York Stock Exchange (NYSE),1980-03-17,12,31,yahoo_finance,SOURCE_VERIFIED
133,WSM,0000719955,WILLIAMS-SONOMA INC,Broadline Retail,New York Stock Exchange (NYSE),1983-07-07,1,26,yahoo_finance,SOURCE_VERIFIED
134,ARHS,0001875444,ARHAUS INC,Broadline Retail,NASDAQ-NMS Stock Market,2021-11-04,12,31,yahoo_finance,SOURCE_VERIFIED
135,BOBS,0002085187,BOBS DISCOUNT FURNITURE INC,Broadline Retail,New York Stock Exchange (NYSE),2026-02-05,12,28,yahoo_finance,SOURCE_VERIFIED
136,RH,0001528849,RH,Broadline Retail,New York Stock Exchange (NYSE),2012-11-02,1,31,yahoo_finance,SOURCE_VERIFIED
137,BBBY,0001130713,BED BATH & BEYOND INC,Broadline Retail,New York Stock Exchange (NYSE),2002-05-30,2,28,manual_patch,MANUAL_VERIFIED
138,W,0001616707,WAYFAIR INC,Broadline Retail,New York Stock Exchange (NYSE),2014-10-02,12,31,yahoo_finance,SOURCE_VERIFIED
140,SGC,0000095574,SUPERIOR GROUP OF COS INC,Broadline Retail,NASDAQ-NMS Stock Market,1973-02-21,12,31,yahoo_finance,SOURCE_VERIFIED
141,VFC,0000103379,VF CORP,Broadline Retail,New York Stock Exchange (NYSE),1980-03-17,3,28,yahoo_finance,SOURCE_VERIFIED
142,OXM,0000075288,OXFORD INDUSTRIES INC,Broadline Retail,New York Stock Exchange (NYSE),1980-03-17,1,31,yahoo_finance,SOURCE_VERIFIED
143,PVH,0000078239,PVH CORP,Broadline Retail,New York Stock Exchange (NYSE),1980-03-17,1,26,yahoo_finance,SOURCE_VERIFIED
144,LEVI,0000094845,LEVI STRAUSS & CO,Broadline Retail,New York Stock Exchange (NYSE),2019-03-21,11,30,yahoo_finance,SOURCE_VERIFIED
145,VNCE,0001579157,VINCE HOLDING CORP,Broadline Retail,NASDAQ-NMS Stock Market,2013-11-22,1,31,yahoo_finance,SOURCE_VERIFIED
146,JRSH,0001696558,JERASH HOLDINGS (US),Broadline Retail,NASDAQ-NMS Stock Market,2018-05-04,3,31,yahoo_finance,SOURCE_VERIFIED
147,KTB,0001760965,KONTOOR BRANDS INC,Broadline Retail,New York Stock Exchange (NYSE),2019-05-28,3,26,yahoo_finance,SOURCE_VERIFIED
148,PLBY,0001803914,PLAYBOY INC,Broadline Retail,NASDAQ-NMS Stock Market,2020-08-31,12,31,yahoo_finance,SOURCE_VERIFIED
149,FIGS,0001846576,FIGS INC,Broadline Retail,New York Stock Exchange (NYSE),2021-05-27,12,31,yahoo_finance,SOURCE_VERIFIED
150,RL,0001037038,RALPH LAUREN CORP,Broadline Retail,New York Stock Exchange (NYSE),1997-06-12,3,28,yahoo_finance,SOURCE_VERIFIED
151,COLM,0001050797,COLUMBIA SPORTSWEAR CO,Broadline Retail,NASDAQ-NMS Stock Market,1998-03-27,12,31,yahoo_finance,SOURCE_VERIFIED
152,CRI,0001060822,CARTER'S INC,Broadline Retail,New York Stock Exchange (NYSE),2003-10-28,3,26,yahoo_finance,SOURCE_VERIFIED
153,UAA,0001336917,UNDER ARMOUR INC,Broadline Retail,New York Stock Exchange (NYSE),2005-11-18,3,31,yahoo_finance,SOURCE_VERIFIED
154,LULU,0001397187,LULULEMON ATHLETICA INC,Broadline Retail,NASDAQ-NMS Stock Market,2007-07-27,1,26,yahoo_finance,SOURCE_VERIFIED
155,GIII,0000821002,G-III APPAREL GROUP LTD,Broadline Retail,NASDAQ-NMS Stock Market,1989-12-14,1,31,yahoo_finance,SOURCE_VERIFIED
156,TPR,0001116132,TAPESTRY INC,Broadline Retail,New York Stock Exchange (NYSE),2000-10-06,6,28,yahoo_finance,SOURCE_VERIFIED
157,VRA,0001495320,VERA BRADLEY INC,Broadline Retail,NASDAQ-NMS Stock Market,2010-10-21,1,31,yahoo_finance,SOURCE_VERIFIED
158,MOV,0000072573,MOVADO GROUP INC,Broadline Retail,New York Stock Exchange (NYSE),1993-09-30,1,31,yahoo_finance,SOURCE_VERIFIED
159,FOSL,0000883569,FOSSIL GROUP INC,Broadline Retail,NASDAQ-NMS Stock Market,1993-04-08,3,26,yahoo_finance,SOURCE_VERIFIED
160,LAKE,0000798081,LAKELAND INDUSTRIES INC,Broadline Retail,NASDAQ-NMS Stock Market,1986-09-09,1,31,yahoo_finance,SOURCE_VERIFIED
161,WWW,0000110471,WOLVERINE WORLD WIDE,Broadline Retail,New York Stock Exchange (NYSE),1980-03-17,3,26,yahoo_finance,SOURCE_VERIFIED
162,DECK,0000910521,DECKERS OUTDOOR CORP,Broadline Retail,New York Stock Exchange (NYSE),1993-10-15,3,31,yahoo_finance,SOURCE_VERIFIED
163,NKE,0000320187,NIKE INC  -CL B,Broadline Retail,New York Stock Exchange (NYSE),1980-12-02,5,31,yahoo_finance,SOURCE_VERIFIED
164,RCKY,0000895456,ROCKY BRANDS INC,Broadline Retail,NASDAQ-NMS Stock Market,1993-02-03,12,31,yahoo_finance,SOURCE_VERIFIED
165,SHOO,0000913241,MADDEN STEVEN LTD,Broadline Retail,NASDAQ-NMS Stock Market,1993-12-13,12,31,yahoo_finance,SOURCE_VERIFIED
166,BIRD,0001653909,ALLBIRDS INC,Broadline Retail,NASDAQ-NMS Stock Market,2021-11-03,12,31,yahoo_finance,SOURCE_VERIFIED
167,CROX,0001334036,CROCS INC,Broadline Retail,NASDAQ-NMS Stock Market,2006-02-08,12,31,yahoo_finance,SOURCE_VERIFIED
168,MGRX,0001938046,MANGOCEUTICALS INC,Broadline Retail,NASDAQ-NMS Stock Market,2023-03-21,12,31,yahoo_finance,SOURCE_VERIFIED
169,CART,0001579091,MAPLEBEAR INC,Broadline Retail,NASDAQ-NMS Stock Market,2023-09-19,12,31,yahoo_finance,SOURCE_VERIFIED
170,VLGEA,0000103595,VILLAGE SUPER MARKET  -CL A,Broadline Retail,NASDAQ-NMS Stock Market,1973-02-21,7,26,yahoo_finance,SOURCE_VERIFIED
171,WMK,0000105418,WEIS MARKETS INC,Broadline Retail,New York Stock Exchange (NYSE),1980-03-17,12,27,yahoo_finance,SOURCE_VERIFIED
172,KR,0000056873,KROGER CO,Broadline Retail,New York Stock Exchange (NYSE),1962-01-02,1,31,yahoo_finance,SOURCE_VERIFIED
173,IMKTA,0000050493,INGLES MARKETS INC  -CL A,Broadline Retail,NASDAQ-NMS Stock Market,1987-09-22,9,27,yahoo_finance,SOURCE_VERIFIED
174,SFM,0001575515,SPROUTS FARMERS MARKET,Broadline Retail,NASDAQ-NMS Stock Market,2013-08-01,12,28,yahoo_finance,SOURCE_VERIFIED
175,ACI,0001646972,ALBERTSONS COS INC,Broadline Retail,New York Stock Exchange (NYSE),2020-06-26,2,28,yahoo_finance,SOURCE_VERIFIED
176,MSS,0001892292,MAISON SOLUTIONS INC,Broadline Retail,NASDAQ-NMS Stock Market,2023-10-05,4,30,yahoo_finance,SOURCE_VERIFIED
177,GO,0001771515,GROCERY OUTLET HLDNG CORP,Broadline Retail,NASDAQ-NMS Stock Market,2019-06-20,3,26,yahoo_finance,SOURCE_VERIFIED
178,NGVC,0001547459,NATURAL GROCERS VITAMIN CTGE,Broadline Retail,New York Stock Exchange (NYSE),2012-07-25,9,30,yahoo_finance,SOURCE_VERIFIED
179,CASY,0000726958,CASEYS GENERAL STORES INC,Broadline Retail,NASDAQ-NMS Stock Market,1983-10-20,4,30,yahoo_finance,SOURCE_VERIFIED
180,YSWY,0001859836,YESWAY INC,Broadline Retail,NASDAQ-NMS Stock Market,2026-04-22,12,31,yahoo_finance,SOURCE_VERIFIED
181,REBN,0001707910,REBORN COFFEE INC,Broadline Retail,NASDAQ-NMS Stock Market,2022-08-12,12,31,yahoo_finance,SOURCE_VERIFIED
182,COST,0000909832,COSTCO WHOLESALE CORP,Broadline Retail,NASDAQ-NMS Stock Market,1986-07-09,8,31,yahoo_finance,SOURCE_VERIFIED
183,BJ,0001531152,BJS WHSL CLUB HLDGS INC,Broadline Retail,New York Stock Exchange (NYSE),2018-06-28,1,31,yahoo_finance,SOURCE_VERIFIED
184,DG,0000029534,DOLLAR GENERAL CORP,Broadline Retail,New York Stock Exchange (NYSE),2009-11-13,1,30,yahoo_finance,SOURCE_VERIFIED
185,TGT,0000027419,TARGET CORP,Broadline Retail,New York Stock Exchange (NYSE),1973-02-21,1,31,yahoo_finance,SOURCE_VERIFIED
186,WMT,0000104169,WALMART INC,Broadline Retail,NASDAQ-NMS Stock Market,1972-08-25,1,31,yahoo_finance,SOURCE_VERIFIED
187,DLTR,0000935703,DOLLAR TREE INC,Broadline Retail,NASDAQ-NMS Stock Market,1995-03-07,1,31,yahoo_finance,SOURCE_VERIFIED
188,PSMT,0001041803,PRICESMART INC,Broadline Retail,NASDAQ-NMS Stock Market,1997-09-02,8,31,yahoo_finance,SOURCE_VERIFIED
189,AAPL,0000320193,APPLE INC,Broadline Retail,NASDAQ-NMS Stock Market,1980-12-12,9,27,yahoo_finance,SOURCE_VERIFIED
190,CVS,0000064803,CVS HEALTH CORP,Broadline Retail,New York Stock Exchange (NYSE),1973-02-21,12,31,yahoo_finance,SOURCE_VERIFIED
191,DELL,0001571996,DELL TECHNOLOGIES INC,Broadline Retail,New York Stock Exchange (NYSE),2016-08-17,1,30,yahoo_finance,SOURCE_VERIFIED
192,T,0000732717,AT&T INC,Broadline Retail,New York Stock Exchange (NYSE),1983-11-21,12,31,yahoo_finance,SOURCE_VERIFIED
193,VZ,0000732712,VERIZON COMMUNICATIONS INC,Broadline Retail,New York Stock Exchange (NYSE),1983-11-21,12,31,yahoo_finance,SOURCE_VERIFIED
