company,filename
BBBY,BBBY-BED BATH & BEYOND INC-2021.pdf
ANF,ANF-ABERCROMBIE & FITCH -CL A-2023.pdf
ANF,ANF-ABERCROMBIE & FITCH -CL A-2022.pdf
ANF,ANF-ABERCROMBIE & FITCH -CL A-2021.pdf
BRLT,BRLT-BRILLIANT EARTH GP INC-2025.pdf
BRLT,BRLT-BRILLIANT EARTH GP INC-2024.pdf
BRLT,BRLT-BRILLIANT EARTH GP INC-2023.pdf
BRLT,BRLT-BRILLIANT EARTH GP INC-2022.pdf
BRLT,BRLT-BRILLIANT EARTH GP INC-2021.pdf
XOM,XOM-EXXON MOBIL CORP-2019.pdf
XOM,XOM-EXXON MOBIL CORP-2021.pdf
XOM,XOM-EXXON MOBIL CORP-2022.pdf
XOM,XOM-EXXON MOBIL CORP-2024.pdf
XOM,XOM-EXXON MOBIL CORP-2025.pdf
VZ,VZ-VERIZON COMMUNICATIONS INC-2024.pdf
VZ,VZ-VERIZON COMMUNICATIONS INC-2023.pdf
VZ,VZ-VERIZON COMMUNICATIONS INC-2022.pdf
VZ,VZ-VERIZON COMMUNICATIONS INC-2021.pdf
T,T-AT&T INC-2021.pdf
T,T-AT&T INC-2016.pdf
T,T-AT&T INC-2020.pdf
T,T-AT&T INC-2025.pdf
T,T-AT&T INC-2024.pdf
T,T-AT&T INC-2023.pdf
T,T-AT&T INC-2022.pdf
DELL,DELL-DELL TECHNOLOGIES INC-2021.pdf
DELL,DELL-DELL TECHNOLOGIES INC-2022.pdf
DELL,DELL-DELL TECHNOLOGIES INC-2023.pdf
DELL,DELL-DELL TECHNOLOGIES INC-2024.pdf
DELL,DELL-DELL TECHNOLOGIES INC-2020.pdf
CVS,CVS-CVS HEALTH CORP-2025.pdf
CVS,CVS-CVS HEALTH CORP-2023.pdf
CVS,CVS-CVS HEALTH CORP-2022.pdf
CVS,CVS-CVS HEALTH CORP-2021.pdf
AAPL,AAPL-APPLE INC-2022.pdf
AAPL,AAPL-APPLE INC-2021.pdf
AAPL,AAPL-APPLE INC-2020.pdf
AAPL,AAPL-APPLE INC-2024.pdf
AAPL,AAPL-APPLE INC-2025.pdf
PSMT,PSMT-PRICESMART INC-2025.pdf
PSMT,PSMT-PRICESMART INC-2024.pdf
PSMT,PSMT-PRICESMART INC-2023.pdf
PSMT,PSMT-PRICESMART INC-2022.pdf
PSMT,PSMT-PRICESMART INC-2021.pdf
DLTR,DLTR-DOLLAR TREE INC-2024.pdf
DLTR,DLTR-DOLLAR TREE INC-2023.pdf
DLTR,DLTR-DOLLAR TREE INC-2022.pdf
DLTR,DLTR-DOLLAR TREE INC-2021.pdf
DLTR,DLTR-DOLLAR TREE INC-2020.pdf
WMT,WMT-WALMART INC-2024.pdf
WMT,WMT-WALMART INC-2023.pdf
WMT,WMT-WALMART INC-2022.pdf
WMT,WMT-WALMART INC-2021.pdf
WMT,WMT-WALMART INC-2020.pdf
TGT,TGT-TARGET CORP-2023.pdf
TGT,TGT-TARGET CORP-2022.pdf
TGT,TGT-TARGET CORP-2021.pdf
TGT,TGT-TARGET CORP-2020.pdf
TGT,TGT-TARGET CORP-2025.pdf
DG,DG-DOLLAR GENERAL CORP-2025.pdf
DG,DG-DOLLAR GENERAL CORP-2023.pdf
DG,DG-DOLLAR GENERAL CORP-2024.pdf
DG,DG-DOLLAR GENERAL CORP-2022.pdf
BJ,BJ-BJS WHSL CLUB HLDGS INC-2023.pdf
BJ,BJ-BJS WHSL CLUB HLDGS INC-2022.PDF
COST,COST-COSTCO WHOLESALE CORP-2025.pdf
COST,COST-COSTCO WHOLESALE CORP-2022.pdf
COST,COST-COSTCO WHOLESALE CORP-2021.pdf
CASY,CASY-CASEYS GENERAL STORES INC-2024.pdf
CASY,CASY-CASEYS GENERAL STORES INC-2023.pdf
CASY,CASY-CASEYS GENERAL STORES INC-2022.pdf
CASY,CASY-CASEYS GENERAL STORES INC-2021.pdf
CASY,CASY-CASEYS GENERAL STORES INC-2020.pdf
NGVC,NGVC-NATURAL GROCERS VITAMIN CTGE-2025.pdf
NGVC,NGVC-NATURAL GROCERS VITAMIN CTGE-2024.pdf
NGVC,NGVC-NATURAL GROCERS VITAMIN CTGE-2023.pdf
NGVC,NGVC-NATURAL GROCERS VITAMIN CTGE-2022.pdf
NGVC,NGVC-NATURAL GROCERS VITAMIN CTGE-2021.pdf
GO,GO-GROCERY OUTLET HLDNG CORP-2022.pdf
GO,GO-GROCERY OUTLET HLDNG CORP-2023.pdf
GO,GO-GROCERY OUTLET HLDNG CORP-2024.pdf
ACI,ACI-ALBERTSONS COS INC-2024.pdf
ACI,ACI-ALBERTSONS COS INC-2023.pdf
ACI,ACI-ALBERTSONS COS INC-2022.pdf
ACI,ACI-ALBERTSONS COS INC-2021-2022.pdf
SFM,SFM-SPROUTS FARMERS MARKET-2025.pdf
SFM,SFM-SPROUTS FARMERS MARKET-2024.pdf
SFM,SFM-SPROUTS FARMERS MARKET-2023.pdf
SFM,SFM-SPROUTS FARMERS MARKET-2022.pdf
SFM,SFM-SPROUTS FARMERS MARKET-2021.pdf
KR,KR-KROGER CO-2024.pdf
KR,KR-KROGER CO-2023.pdf
KR,KR-KROGER CO-2022.pdf
KR,KR-KROGER CO-2021.pdf
KR,KR-KROGER CO-2020.pdf
WMK,WMK-WEIS MARKETS INC-2024-2025.pdf
WMK,WMK-WEIS MARKETS INC-2023.pdf
WMK,WMK-WEIS MARKETS INC-2022.pdf
WMK,WMK-WEIS MARKETS INC-2021.pdf
W,W-WAYFAIR INC-2025.pdf
W,W-WAYFAIR INC-2024.pdf
W,W-WAYFAIR INC-2023.pdf
W,W-WAYFAIR INC-2022.pdf
W,W-WAYFAIR INC-2021.pdf
WSM,WSM-WILLIAMS-SONOMA INC-2024.pdf
WSM,WSM-WILLIAMS-SONOMA INC-2023.pdf
WSM,WSM-WILLIAMS-SONOMA INC-2022.pdf
WSM,WSM-WILLIAMS-SONOMA INC-2021.pdf
HVT,HVT-HAVERTY FURNITURE-2024.pdf
SNBR,SNBR-SLEEP NUMBER CORP-2025.pdf
SNBR,SNBR-SLEEP NUMBER CORP-2024.pdf
SNBR,SNBR-SLEEP NUMBER CORP-2023.pdf
SNBR,SNBR-SLEEP NUMBER CORP-2022.pdf
SNBR,SNBR-SLEEP NUMBER CORP-2021.pdf
VVV,VVV-VALVOLINE INC-2024.pdf
VVV,VVV-VALVOLINE INC-2023.pdf
VVV,VVV-VALVOLINE INC-2022.pdf
VVV,VVV-VALVOLINE INC-2021.pdf
ARKO,ARKO-ARKO CORP-2024.pdf
ARKO,ARKO-ARKO CORP-2023.pdf
ARKO,ARKO-ARKO CORP-2022.pdf
ARKO,ARKO-ARKO CORP-2021.pdf
MUSA,MUSA-MURPHY USA INC-2024.pdf
MUSA,MUSA-MURPHY USA INC-2023.pdf
MUSA,MUSA-MURPHY USA INC-2022.pdf
MUSA,MUSA-MURPHY USA INC-2021.pdf
PRTS,PRTS-CARPARTS COM INC-2022.pdf
AAP,AAP-ADVANCE AUTO PARTS INC-2022.pdf
AAP,AAP-ADVANCE AUTO PARTS INC-2021.pdf
ORLY,ORLY-O'REILLY AUTOMOTIVE INC-2024.pdf
AZO,AZO-AUTOZONE INC-2025.pdf
AZO,AZO-AUTOZONE INC-2024.pdf
AZO,AZO-AUTOZONE INC-2023.pdf
AZO,AZO-AUTOZONE INC-2022.pdf
AZO,AZO-AUTOZONE INC-2021.pdf
AZO,AZO-AUTOZONE INC-2020.pdf
KMX,KMX-CARMAX INC-2026.pdf
KMX,KMX-CARMAX INC-2025.pdf
KMX,KMX-CARMAX INC-2024.pdf
KMX,KMX-CARMAX INC-2023.pdf
KMX,KMX-CARMAX INC-2022.pdf
KMX,KMX-CARMAX INC-2021.pdf
CRMT,CRMT-AMERICA'S CAR-MART INC-2024.pdf
CRMT,CRMT-AMERICA'S CAR-MART INC-2023.pdf
CRMT,CRMT-AMERICA'S CAR-MART INC-2022.pdf
CRMT,CRMT-AMERICA'S CAR-MART INC-2021.pdf
ABG,ABG-ASBURY AUTOMOTIVE GROUP INC-2025.pdf
ABG,ABG-ASBURY AUTOMOTIVE GROUP INC-2023.pdf
ABG,ABG-ASBURY AUTOMOTIVE GROUP INC-2022.pdf
ABG,ABG-ASBURY AUTOMOTIVE GROUP INC-2021.pdf
GPI,GPI-GROUP 1 AUTOMOTIVE INC-2024.pdf
GPI,GPI-GROUP 1 AUTOMOTIVE INC-2023.pdf
GPI,GPI-GROUP 1 AUTOMOTIVE INC-2022.pdf
GPI,GPI-GROUP 1 AUTOMOTIVE INC-2021.pdf
LAD,LAD-LITHIA MOTORS INC -CL A-2025.pdf
LAD,LAD-LITHIA MOTORS INC -CL A-2024.pdf
LAD,LAD-LITHIA MOTORS INC -CL A-2023.pdf
LAD,LAD-LITHIA MOTORS INC -CL A-2022.pdf
LAD,LAD-LITHIA MOTORS INC -CL A-2021.pdf
PAG,PAG-PENSKE AUTOMOTIVE GROUP INC-2022.pdf
PAG,PAG-PENSKE AUTOMOTIVE GROUP INC-2021.pdf
PAG,PAG-PENSKE AUTOMOTIVE GROUP INC-2020.pdf
PAG,PAG-PENSKE AUTOMOTIVE GROUP INC-2024.PDF
AN,AN-AUTONATION INC-2025.pdf
AN,AN-AUTONATION INC-2024.pdf
AN,AN-AUTONATION INC-2023.pdf
AN,AN-AUTONATION INC-2022.pdf
AN,AN-AUTONATION INC-2021.pdf
APC,APC-ARKO PETROLEUM CORP-2021.pdf
APC,APC-ARKO PETROLEUM CORP-2022.pdf
APC,APC-ARKO PETROLEUM CORP-2023.pdf
APC,APC-ARKO PETROLEUM CORP-2024.pdf
MNRO,MNRO-MONRO INC-2025.pdf
MNRO,MNRO-MONRO INC-2024.pdf
MNRO,MNRO-MONRO INC-2023.pdf
MNRO,MNRO-MONRO INC-2022.pdf
MNRO,MNRO-MONRO INC-2021.pdf
UPBD,UPD-UPBOUND GROUP INC-2021.pdf
UPBD,UPD-UPBOUND GROUP INC-2022.pdf
UPBD,UPD-UPBOUND GROUP INC-2023.pdf
LESL,LESL-LESLIE'S INC-2021.pdf
LESL,LESL-LESLIE'S INC-2022.pdf
LESL,LESL-LESLIE'S INC-2023.pdf
LESL,LESL-LESLIE'S INC-2024.pdf
TSCO,TSCO-TRACTOR SUPPLY CO-2024.pdf
TSCO,TSCO-TRACTOR SUPPLY CO-2024.pdf
TSCO,TSCO-TRACTOR SUPPLY CO-2025.pdf
WOOF,WOOF-PETCO HEALTH AND WELLNESS CO-2021.pdf
WOOF,WOOF-PETCO HEALTH AND WELLNESS CO-2022.pdf
WOOF,WOOF-PETCO HEALTH AND WELLNESS CO-2023.pdf
WOOF,WOOF-PETCO HEALTH AND WELLNESS CO-2024.pdf
BBW,BBW-BUILD-A-BEAR WORKSHOP INC-2023.pdf
BBW,BBW-BUILD-A-BEAR WORKSHOP INC-2024.pdf
DKS,DKS-DICKS SPORTING GOODS INC-2021.pdf
DKS,DKS-DICKS SPORTING GOODS INC-2022.pdf
ASO,ASO-ACADEMY SPO AND OU INC-2021.pdf
WRBY,WRBY-WARBY PARKER INC-2021.pdf
WRBY,WRBY-WARBY PARKER INC-2022.pdf
WRBY,WRBY-WARBY PARKER INC-2023.pdf
WRBY,WRBY-WARBY PARKER INC-2024.pdf
WRBY,WRBY-WARBY PARKER INC-2025.pdf
EYE,EYE-NATIONAL VISION HOLDINGS INC-2021.pdf
EYE,EYE-NATIONAL VISION HOLDINGS INC-2022.pdf
EYE,EYE-NATIONAL VISION HOLDINGS INC-2023.pdf
EYE,EYE-NATIONAL VISION HOLDINGS INC-2024.pdf
ULTA,ULTA-ULTA BEAUTY INC-2021.pdf
ULTA,ULTA-ULTA BEAUTY INC-2022.pdf
ULTA,ULTA-ULTA BEAUTY INC-2023.pdf
ULTA,ULTA-ULTA BEAUTY INC-2024.pdf
ULTA,ULTA-ULTA BEAUTY INC-2025.pdf
SBH,SBH-SALLY BEAUTY HOLDINGS INC-2024.pdf
SBH,SBH-SALLY BEAUTY HOLDINGS INC-2023.pdf.pdf
SBH,SBH-SALLY BEAUTY HOLDINGS INC-2022.pdf.pdf
SBH,SBH-SALLY BEAUTY HOLDINGS INC-2021.pdf
BBWI,BBWI-BATH & BODY WORKS INC-2022.pdf
BBWI,BBWI-BATH & BODY WORKS INC-2023.pdf
BBWI,BBWI-BATH & BODY WORKS INC-2024.pdf
BBWI,BBWI-BATH & BODY WORKS INC-2025.pdf
FIVE,FIVE-FIVE BELOW INC-2020.pdf
FIVE,FIVE-FIVE BELOW INC-2021.pdf
FIVE,FIVE-FIVE BELOW INC-2022.pdf
FIVE,FIVE-FIVE BELOW INC-2023.pdf
FIVE,FIVE-FIVE BELOW INC-2024.pdf
FIVE,FIVE-FIVE BELOW INC-2025.pdf
GROV,GROV-GROVE COLLABORATIVE HLDG INC-2025.pdf
GROV,GROV-GROVE COLLABORATIVE HLDG INC-2024.pdf
GROV,GROV-GROVE COLLABORATIVE HLDG INC-2023.pdf
GROV,GROV-GROVE COLLABORATIVE HLDG INC-2022.pdf
GROV,GROV-GROVE COLLABORATIVE HLDG INC-2021.pdf
FND,FND-FLOOR & DECOR HLDGS-2023.pdf
FND,FND-FLOOR & DECOR HLDGS-2022.pdf
LOW,LOW-LOWE'S COS INC-2024.pdf
LOW,LOW-LOWE'S COS INC-2023.pdf
LOW,LOW-LOWE'S COS INC-2022.pdf
LOW,LOW-LOWE'S COS INC-2021.pdf
HD,HD-HOME DEPOT INC-2024.pdf
HD,HD-HOME DEPOT INC-2023.pdf
HD,HD-HOME DEPOT INC-2022.pdf
HD,HD-HOME DEPOT INC-2021.pdf
HD,HD-HOME DEPOT INC-2020.pdf
BBY,BBY-BEST BUY CO INC-2024.pdf
BBY,BBY-BEST BUY CO INC-2023.pdf
BBY,BBY-BEST BUY CO INC-2022.pdf
BBY,BBY-BEST BUY CO INC-2021.pdf
BBY,BBY-BEST BUY CO INC-2020.pdf
TDUP,TDUP-THREDUP INC-2024.pdf
TDUP,TDUP-THREDUP INC-2023.pdf
TDUP,TDUP-THREDUP INC-2022.pdf
TDUP,TDUP-THREDUP INC-2021.pdf
NWL,NWL-NEWELL BRANDS INC-2025.pdf
NWL,NWL-NEWELL BRANDS INC-2024.pdf
NWL,NWL-NEWELL BRANDS INC-2023.pdf
NWL,NWL-NEWELL BRANDS INC-2022.pdf
NWL,NWL-NEWELL BRANDS INC-2021.pdf
WHR,WHR-WHIRLPOOL CORP-2025.pdf
WHR,WHR-WHIRLPOOL CORP-2024.pdf
WHR,WHR-WHIRLPOOL CORP-2023.pdf
WHR,WHR-WHIRLPOOL CORP-2022.pdf
WHR,WHR-WHIRLPOOL CORP-2021.pdf
SGI,SGI-SOMNIGROUP INTERNATIONAL INC-2024.pdf
SGI,SGI-SOMNIGROUP INTERNATIONAL INC-2023.pdf
SGI,SGI-SOMNIGROUP INTERNATIONAL INC-2022.pdf
SGI,SGI-SOMNIGROUP INTERNATIONAL INC-2021.pdf
SGI,SGI-SOMNIGROUP INTERNATIONAL INC-2020.pdf
LEG,LEG-LEGGETT & PLATT INC-2025.pdf
LEG,LEG-LEGGETT & PLATT INC-2021.pdf
LEG,LEG-LEGGETT & PLATT INC-2024.pdf
LEG,LEG-LEGGETT & PLATT INC-2023.pdf
LEG,LEG-LEGGETT & PLATT INC-2022.pdf
FLXS,FLXS-FLEXSTEEL INDUSTRIES INC-2024.pdf
FLXS,FLXS-FLEXSTEEL INDUSTRIES INC-2022.pdf
LZB,LZB-LA-Z-BOY INC-2022.pdf
LZB,LZB-LA-Z-BOY INC-2025.pdf
LZB,LZB-LA-Z-BOY INC-2024.pdf
LZB,LZB-LA-Z-BOY INC-2023.pdf
LZB,LZB-LA-Z-BOY INC-2021.pdf
MHK,MHK-MOHAWK INDUSTRIES INC-2024.pdf
MHK,MHK-MOHAWK INDUSTRIES INC-2023.pdf
MHK,MHK-MOHAWK INDUSTRIES INC-2022.pdf
MHK,MHK-MOHAWK INDUSTRIES INC-2021.pdf
HOFT,HOFT-HOOKER FURNISHINGS CORP-2022.pdf
HOFT,HOFT-HOOKER FURNISHINGS CORP-2021.pdf
HOFT,HOOKER FURNISHINGS CORP-HOFT-2024.pdf
HOFT,HOOKER FURNISHINGS CORP-HOFT-2023.pdf
LOVE,LOVE-LOVESAC CO (THE)-2022.pdf
LOVE,LOVE-LOVESAC CO (THE)-2025.pdf
LOVE,LOVE-LOVESAC CO (THE)-2024.pdf
LOVE,LOVE-LOVESAC CO (THE)-2023.pdf
LOVE,LOVE-LOVESAC CO (THE)-2021.pdf
SONO,SONO-SONOS INC-2020.pdf
SONO,SONO-SONOS INC-2025.pdf
SONO,SONO-SONOS INC-2024.pdf
SONO,SONO-SONOS INC-2023.pdf
SONO,SONO-SONOS INC-2022.pdf
SONO,SONO-SONOS INC-2021.pdf
UEIC,UEIC-UNIVERSAL ELECTRONICS INC-2023.pdf
UEIC,UEIC-UNIVERSAL ELECTRONICS INC-2025.pdf
UEIC,UEIC-UNIVERSAL ELECTRONICS INC-2024.pdf
GPRO,GPRO-GOPRO INC-2024.pdf
GPRO,GPRO-GOPRO INC-2023.pdf
GPRO,GPRO-GOPRO INC-2022.pdf
PLCE,PLCE-The Childrens Place-2021.pdf
PLCE,PLCE-The Childrens Place-2022.pdf
PLCE,PLCE-The Childrens Place-2023.pdf
VSXY,VSXY-Victorias Secret-2024.pdf
VSXY,VSXY-Victorias Secret-2021.pdf
VSXY,VSXY-Victorias Secret-2022.pdf
VSXY,VSXY-Victorias Secret-2023.pdf
VSXY,VSXY-Victorias Secret-2025.pdf
VSXY,VSXY-Victorias Secret-2026.pdf
CURV,CURV-TORRID HOLDINGS-2021.pdf
CURV,CURV-TORRID HOLDINGS-2022.pdf
CURV,CURV-TORRID HOLDINGS-2023.pdf
URBN,URBN-URBAN OUTFITTERS INC-2024-2025.pdf
URBN,URBN-Urban Outfitters-2021-2022.pdf
URBN,URBN-Urban Outfitters-2023-2024.pdf
JILL,JILL-J.Jill-2024.pdf
LE,LE-Lands End-2024.pdf
BURL,BURL-BURLINGTON STORES INC-2021.pdf
BURL,BURL-Burlington Stores-2022.pdf
BURL,BURL-Burlington Stores-2023.pdf
BURL,BURL-Burlington Stores-2024.pdf
GAP,GAP-GAP-2021.pdf
GAP,GAP-GAP-2022.pdf
GAP,GAP-GAP-2023.pdf
GAP,GAP-GAP-2024.pdf
GAP,GAP-GAP-2025.pdf
DXLG,DXLG-DESTINATION XL GROUP INC-2022.pdf
DXLG,DXLG-Destination XL Group-2024.pdf
TJX,TJX-Tjx Cos Inc-2021.pdf
TJX,TJX-Tjx Cos Inc-2022.pdf
TJX,TJX-Tjx Cos Inc-2023.pdf
TJX,TJX-Tjx Cos Inc-2024.pdf
TJX,TJX-Tjx Cos Inc-2025.pdf
ROST,ROST-ROSS STORES INC-2021.pdf
ROST,ROST-ROSS STORES INC-2022.pdf
ROST,ROST-ROSS STORES INC-2023.pdf
ROST,ROST-ROSS STORES INC-2024.pdf
AEO,AEO-AMERICAN EAGLE OUTFITTERS INC-2024.pdf
AEO,AEO-AMERICAN EAGLE OUTFITTERS INC-2023.pdf
AEO,AEO-AMERICAN EAGLE OUTFITTERS INC-2022.pdf
AEO,AEO-AMERICAN EAGLE OUTFITTERS INC-2021.pdf
GES,GES-GUESS-2021-2020.pdf
GES,GES-GUESS-2023-2022.pdf
GES,GES-GUESS-2024.pdf
GES,GES-GUESS-2025.pdf
ETSY,ETSY-Etsy-2023.pdf
ETSY,ETSY-Etsy-2022.pdf
ETSY,ETSY-Etsy-2024.pdf
ETSY,ETSY-Etsy-2021.pdf
PTRN,PTRN-Pattern Group-2023.pdf
PTRN,PTRN-Pattern Group-2021.pdf
PTRN,PTRN-Pattern Group-2022.pdf
PTRN,PTRN-Pattern Group-2024(Italian).pdf
SVV,SVV-Savers Value Village-2022.pdf
SVV,SVV-Savers Value Village-2023.pdf
SVV,SVV-Savers Value Village-2024.pdf
SVV,SVV-Savers Value Village-2025.pdf
JWN,JWN-NORSTROM-2021.pdf
JWN,JWN-NORSTROM-2022.pdf
JWN,JWN-NORSTROM-2023.pdf
JWN,JWN-NORSTROM-2024.pdf
GRPN,GRPN-Groupon Inc-2021.pdf
MELI,MELI-MERCADOLIBRE-2021.pdf
MELI,MELI-MERCADOLIBRE-2022.pdf
MELI,MELI-MERCADOLIBRE-2023.pdf
MELI,MELI-MERCADOLIBRE-2024.pdf
MELI,MELI-MERCADOLIBRE-2025.pdf
EBAY,EBAY-eBay-2021-Report.pdf
EBAY,EBAY-eBay-2022-Report.pdf
EBAY,EBAY-eBay-2023-Report.pdf
EBAY,EBAY-eBay-2025-Report.pdf
EBAY,EBAY-eBay-2024-Report.pdf
AMZN,AMZN-Amazon-2021.pdf
AMZN,AMZN-Amazon-2022.pdf
AMZN,AMZN-Amazon-2023.pdf
AMZN,AMZN-Amazon-2024.pdf
AMZN,AMZN-Amazon-2025.pdf
CPNG,CPNG-Coupang-2022.pdf
CPNG,CPNG-Coupang-2023.pdf
CPNG,CPNG-Coupang-2024.pdf
KSS,KSS-KOHL'S CORP-2021.pdf
KSS,KSS-KOHL'S-2022.pdf
KSS,KSS-KOHL'S-2023.pdf
KSS,KSS-KOHL'S-2024.pdf
M,M-MACY'S INC-2021.pdf
M,M-MACY'S INC-2022.pdf
M,M-MACY'S INC-2023.pdf
M,M-MACY'S INC-2024.pdf
M,M-MACY'S INC-2025.pdf
CROX,CROX-CROCS INC-2024.pdf
CROX,CROX-CROCS INC-2025.pdf
CROX,CROX-CROCS INC-2023.pdf
CROX,CROX-CROCS INC-2022.pdf
CROX,CROX-CROCS INC-2021.pdf
BIRD,NASDAQ_BIRD_2020.pdf
BIRD,BIRD-ALLBIRDS INC-2022.pdf
BIRD,BIRD-ALLBIRDS INC-2021.pdf
BIRD,BIRD-ALLBIRDS INC-2023.pdf
BIRD,BIRD-ALLBIRDS-2024.pdf
SHOO,Steve Madden Report 2020 Final.pdf
SHOO,Steve Madden SR WF 200821_FINAL_KC.pdf
SHOO,SHOO-MADDEN STEVEN LTD-2024.pdf
SHOO,SHOO-MADDEN STEVEN LTD-2023.pdf
SHOO,SHOO-MADDEN STEVEN LTD-2022.pdf
SHOO,SHOO-MADDEN STEVEN LTD-2021.pdf
RCKY,RCKY-ROCKY BRANDS INC-2023.pdf
NKE,NKE-NIKE INC -CL B-2024.pdf
NKE,NKE-NIKE INC -CL B-2023.pdf
NKE,NKE-NIKE INC -CL B-2022.pdf
NKE,NKE-NIKE INC -CL B-2021.pdf
DECK,DECK-DECKERS OUTDOOR CORP-2025.pdf
DECK,DECK-DECKERS OUTDOOR CORP-2024.pdf
DECK,DECK-DECKERS OUTDOOR CORP-2023.pdf
DECK,DECK-DECKERS OUTDOOR CORP-2022.pdf
DECK,DECK-DECKERS OUTDOOR CORP-2021.pdf
WWW,WWW-WOLVERINE WORLD WIDE-2024.pdf
WWW,WWW-WOLVERINE WORLD WIDE-2023.pdf
WWW,WWW-WOLVERINE WORLD WIDE-2022.pdf
WWW,WWW-WOLVERINE WORLD WIDE-2021.pdf
FOSL,FOSL-FOSSIL GROUP INC-2024.pdf
FOSL,FOSL-FOSSIL GROUP INC-2023.pdf
FOSL,FOSL-FOSSIL GROUP INC-2022.pdf
FOSL,FOSL-FOSSIL GROUP INC-2021.pdf
MOV,MOV-MOVADO GROUP INC-2022.pdf
MOV,MOV-MOVADO GROUP INC-2025.pdf
MOV,MOV-MOVADO GROUP INC-2024.pdf
MOV,MOV-MOVADO GROUP INC-2023.pdf
MOV,MOV-MOVADO GROUP INC-2021.pdf
VRA,VRA-VERA BRADLEY INC-2025.pdf
VRA,VRA-VERA BRADLEY INC-2024.pdf
VRA,VRA-VERA BRADLEY INC-2023.pdf
VRA,VRA-VERA BRADLEY INC-2022.pdf
VRA,VRA-VERA BRADLEY INC-2021.pdf
TPR,TPR-TAPESTRY INC-2025.pdf
TPR,TPR-TAPESTRY INC-2024.pdf
TPR,TPR-TAPESTRY INC-2023.pdf
TPR,TPR-TAPESTRY INC-2022.pdf
TPR,TPR-TAPESTRY INC-2021.pdf
GIII,GII-G-III APPAREL GROUP LTD-2025.pdf
GIII,GII-G-III APPAREL GROUP LTD-2024.pdf
GIII,GII-G-III APPAREL GROUP LTD-2023.pdf
LULU,LULU-LULULEMON ATHLETICA INC-2023.pdf
LULU,LULU-LULULEMON ATHLETICA INC-2024.pdf
LULU,LULU-LULULEMON ATHLETICA INC-2022.pdf
LULU,LULU-LULULEMON ATHLETICA INC-2021.pdf
UAA,UAA-UNDER ARMOUR INC-2023.pdf
UAA,UAA-UNDER ARMOUR INC-2021.pdf
CRI,CRI-CARTER2S INC-2025.pdf
CRI,CRI-CARTER'S INC-2024.pdf
CRI,CRI-CARTER'S INC-2023.pdf
CRI,CRI-CARTER'S INC-2022.pdf
CRI,CRI-CARTER'S INC-2021.pdf
COLM,COLM-COLUMBIA SPORTSWEAR CO-2024.pdf
COLM,COLM-COLUMBIA SPORTSWEAR CO-2023.pdf
COLM,COLM-COLUMBIA SPORTSWEAR CO-2022.pdf
COLM,COLM-COLUMBIA SPORTSWEAR CO-2021.pdf
RL,RL-RALPH LAUREN CORP-2025.pdf
RL,RL-RALPH LAUREN CORP-2024.pdf
RL,RL-RALPH LAUREN CORP-2023.pdf
RL,RL-RALPH LAUREN CORP-2022.pdf
RL,RL-RALPH LAUREN CORP-2021.pdf
FIGS,FIGS-FIGS INC-2024.pdf
FIGS,FIGS-FIGS INC-2023.pdf
FIGS,FIGS-FIGS INC-2022.pdf
FIGS,FIGS-FIGS INC-2021.pdf
FIGS,FIGS-FIGS INC-2025.pdf
KTB,KTB-KONTOOR BRANDS INC-2024.pdf
KTB,KTB-KONTOOR BRANDS INC-2023.pdf
KTB,KTB-KONTOOR BRANDS INC-2021.pdf
LEVI,LEVI-LEVI STRAUSS & CO-2024.pdf
LEVI,LEVI-LEVI STRAUSS & CO-2023.pdf
LEVI,LEVI-LEVI STRAUSS & CO-2022.pdf
LEVI,LEVI-LEVI STRAUSS & CO-2021.pdf
PVH,PVH-PVH CORP-2024.pdf
PVH,PVH-PVH CORP-2023.pdf
PVH,PVH-PVH CORP-2022.pdf
PVH,PVH-PVH CORP-2021.pdf
OXM,OXM-OXFORD INDUSTRIES INC-2021.pdf
VFC,VFC-VF CORP-2022.pdf
VFC,VFC-VF CORP-2023.pdf
VFC,VFC-VF CORP-2024.pdf
VFC,VFC-VF CORP-2025.pdf
SGC,SGC-SUPERIOR GROUP OF COS INC-2025.pdf
SGC,SGC-SUPERIOR GROUP OF COS INC-2024.pdf
SGC,SGC-SUPERIOR GROUP OF COS INC-2023.pdf
SGC,SGC-SUPERIOR GROUP OF COS INC-2022.pdf
SGC,SGC-SUPERIOR GROUP OF COS INC-2021.pdf
FL,FL-FOOT LOCKER INC-2023.pdf
FL,FL-FOOT LOCKER INC-2022.pdf
FL,FL-FOOT LOCKER INC-2021.pdf
GCO,GCO-GENESCO INC-2021.pdf
GCO,GCO-GENESCO INC-2024.pdf
GCO,GCO-GENESCO INC-2023.pdf
CAL,CAL-CALERES INC-2024.pdf
CAL,CAL-CALERES INC-2022.pdf
CAL,CAL-CALERES INC-2021.pdf
CAL,CAL-CALERES INC-2023.pdf
