ticker,filename,kept_file_id,trashed_file_id
XOM,XOM-EXXON MOBIL CORP-2017.pdf,1avQudBmpD7RKW1IQZ7U-pJu4tG8PBJ-u,1n0-ZBlaiAK4PcWNWwTJLMjgS0eGWK480
XOM,XOM-EXXON MOBIL CORP-2018.pdf,1PhFZ-WxqnlDZiplvYoeeutioRJo3uzwh,1KxATFx60ifBHvFlN7HWgqEQMriwS1brs
XOM,XOM-EXXON MOBIL CORP-2016.pdf,1AcNjEBbylgHr6Fyw8yCe11snIZ4Rsuio,1nGJzJBbZIQXlhuX1EkICsYhWjNrzqhIR
VZ,VZ-VERIZON COMMUNICATIONS INC-2016.pdf,1oamKrn5XsX6ATQsq8KoXj2TRBQ-H0vrs,1OE3RPfp2RPyVIUTtMzc_UsNOcT-J8ca7
VZ,VZ-VERIZON COMMUNICATIONS INC-2015.pdf,1WkonwxZ6OOteG8-ynYZ0tj8eKGEl-Gv_,1mb_Zyzc71hXK1IW1gXDk_3se7KC05q32
VZ,VZ-VERIZON COMMUNICATIONS INC-2017.pdf,1dCduzHAu3j8FT79T0KsLylwvO8B-U4OC,1Vk527wCpAY6Yegl-png0PPY-I_z9be8v
T,T-AT&T INC-2018.pdf,18--9g5xQTIT9BAQwdpKm0kCdEun-rHdi,16jWmLfzLwRp1xj0k279r1zTFZJqBG4hc
DELL,DELL-DELL TECHNOLOGIES INC-2018.pdf,1TIGTv5oUXZKNbghvzz-deyYNhh3iuQc2,1yQDlEXC60qfaHp5apRW2pp-MB66viw9o
CVS,CVS-CVS HEALTH CORP-2015.pdf,1STwsdfO8Dc0450AtyEPrDlQQYTOZ8Eh0,1NysI8qn_Z4m6sk8ubCSQhRNJfKHYbBkg
CVS,CVS-CVS HEALTH CORP-2020.pdf,1_kwMhoCBSAq1gSlh9qz1z7j_HFFJJACv,1m1LsrUOTIU23TrAqoZp1eJ7NmWLY5vR8
WMT,WMT-WALMART INC-2017.pdf,11eN4xxrEWHRSAeZVVjr_t0WKPp72WX3N,16AHO7uuw4oZ6aSTZWvWgWN20Yav6ynB5
WMT,WMT-WALMART INC-2016.pdf,1KlhUwoGsqLFZ1N53XSaU8eDPb6NFZueP,1Tj-xQou9MVh57r2tqgPwRfcJkGDMV_uV
WMT,WMT-WALMART INC-2015.pdf,1bo0XL7CZn3uUJ4vge9fCMhRjxyrwknCz,1nfIa6CgBqsRgNIIqWM_uP1bBHYhPVpP0
TGT,TGT-TARGET CORP-2015.pdf,1wqpRNDsIjzEzx6Bw-WVeCdfoz3EqMIaA,1wFxQXSIjF4zomBheoQQiugHus-VOecmG
TGT,TGT-TARGET CORP-2016.pdf,1BupfS3zSiGtpCJhxugDD8XImY7DJ4xQo,1yONzcahAskt8coQMDDM5ONZpZ0FG9sSn
ACI,ACI-ALBERTSONS COS INC-2020.pdf,18Oe9OqkLn-tN_gvNH3gxURLi1vH_x2d5,1rzRBEDh_KjPWKDihU535UA1vXH12_mq4
ACI,ACI-ALBERTSONS COS INC-2016.pdf,1IQH2fO45VD8P_DO3DlAEC81jHoW9Q-Vb,1JjxGxOLkex5Sn1mAZk4-OrNlvk8jXdKZ
SFM,SFM-SPROUTS FARMERS MARKET-2019.pdf,1JGhfobv5P9TvYHqP1f24ZxE5Yq67MES_,1NeUxYG_cUDxpKYC_5sX46qUXs7tayG-H
SFM,SFM-SPROUTS FARMERS MARKET-2018.pdf,1e36bleeWE248zqyP_xYaPn53G1BVqLzA,1k1_FapFhdc4mpe5AMw5KGhz7wbpG7rZ-
KR,KR-KROGER CO-2015.pdf,10u8Uv6hKXtBVV6QEFWEUHOcwyHi5hf97,1oXEra7DEpTFpQfyLp0TW5Jn38VZREJ1o
KR,KR-KROGER CO-2018.pdf,1diQfc34AmnR2Wd7kKXpoIEVfOFQUzegW,1uh1FXuGm92SSkM8tyiaeU6L6wFLx8znf
WMK,WMK-WEIS MARKETS INC-2018.pdf,1c8ywoyrA7RVj1SQU6j2auirzHVhuHJf1,1qmyahbs7nRJuXckoJ4tCOyRlwhMObukY
WMK,WMK-WEIS MARKETS INC-2017.pdf,112uia5qCXHpiFry1mrlDbI70fMQR-2Nz,1BQqkNKxUYXIk9-nyC7v6fJyhrEkv4vSm
WSM,WSM-WILLIAMS-SONOMA INC-2018.pdf,1jWmb_pfe6-4vhtrip4_F0n1iryv0OaCc,1FIN8kI45OrE2BE04BIwYi_jvADaOQISM
SNBR,SNBR-SLEEP NUMBER CORP-2019.pdf,1ojRZuqcuFnod8QcyhGOoQYyfXnogrgvl,1I3tIuLdGZMoCtlC-Pbazun0p7MvOMsoL
VVV,VVV-VALVOLINE INC-2019.pdf,10YKIs8qxWbebmFcYZT6_TetecsDEQGGW,12iBulEN458umdMD4ccTz1BqW0iNN6JXU
VVV,VVV-VALVOLINE INC-2017.pdf,1-HOZwFu1h5HkrZVPIMOI1Kkv1PFFeDD1,1ZmXMAo3IS2-gE9g9LIaohkmotBmcBJfR
AAP,AAP-ADVANCE AUTO PARTS INC-2020.pdf,1NGSd0XQBsotFiyO-H5zf-ofC22zf42ke,1AFqxYt-v6ZjzD2Yj7vpUp40ZQxfchDf8
TSCO,TSCO-TRACTOR SUPPLY CO-2019.pdf,1KzfCfIbNtV8ZxXJrYd_3WRF5At5bjOIN,1D7xwfa60PQ4Wl0iCPdliq5YBG70jmK03
DKS,DKS-DICKS SPORTING GOODS INC-2020.pdf,1EXWgqCwR64tPfWJbpP0OZGo1uNGlQv6m,1onavdH_vDuqLUWcMtB_RXKoZA_SniWe8
WRBY,WRBY-WARBY PARKER INC-2020.pdf,1xvNkhPWdwD9Ik4Jr1pm8wWBuWrpyEjUW,1aJEtcrSUVg6xh-KBQ7hCRoJxb2D7ddlA
WRBY,WRBY-WARBY PARKER INC-2018.pdf,1s4-SSqepRNdDm8y-e6Fr7drsPpEyyJJn,1u_WSynUjPakxyTDM4CA1GLyjya_K4a7b
EYE,EYE-NATIONAL VISION HOLDINGS INC-2020.pdf,1JHT8W5_6Uhm81yEZeMYSUXRAUlEllS34,1nUn2oNjQoSC9XKYkWMXsRc-tgN7C6w1C
LOW,LOW-LOWE_S COS INC-2015.pdf,1MAFoxwu3yCe3QrZQKFOQXvRWnCE9Zgt7,1j6e_AWMkhHEalCWNKwwbuxHcFSshWMhm
HD,HD-HOME DEPOT INC-2016.pdf,1-9neRPCyz2q5wBngYZC1tEKsPk-OauZr,1AZaPC_MBH-j6-Qb4KADEpCZeXDin7L98
HD,HD-HOME DEPOT INC-2018.pdf,1IGsqoVG8wKDp5B1xky8_M9hSqr8gEfdb,1p2-SpBRBVYdzWJd6jPZ-KMkuhEQtp2x9
NWL,NWL-NEWELL BRANDS INC-2020.pdf,1UTBJjhbL2Hdj0An2llfOQ5ZufdRq8QrP,1Qda_Nimc6FZeeTtTlx8xLeFIHmj4i0OT
WHR,WHR-WHIRLPOOL CORP-2018.pdf,1BTwSqmvQFreWvn8aMHhJanHKH2SKVJv1,1E5OBDl7iSQbTRdJ_NxuhAAKy4IvLEqM2
SGI,SGI-SOMNIGROUP INTERNATIONAL INC(TEMPUR SEALY)-2020.pdf,11WoixbhDdRhodrNEjas-k93eGtcIOWrh,1fQTTdVRb_p8oMOOgvFylfFQNgFZyNo13
SGI,SGI-SOMNIGROUP INTERNATIONAL INC(TEMPUR SEALY)-2019.pdf,1DmYkDG0O4iFxzV7XlZwX6cnoqbvAfSnk,1GKkiWXfhzCCYGAcHEBAnbftLV5cRShkL
MHK,MHK-MOHAWK INDUSTRIES INC-2016.pdf,1koqBIApUS3rKaqed4hsoUIRUGwq8V_bc,1YSx4lzLBgLrWznc1zpqjSCT7nOTMUFVe
MHK,MHK-MOHAWK INDUSTRIES INC-2018.pdf,1cfaGReVhtsWyOugssHa7HyeIDjHkez91,1qXrRVAIW4TmnoccMwackyqetZLWtbK8M
SONO,SONO-SONOS INC-2019.pdf,1VhjasLqP7Vd4Ci5QerJwdr9ewxpYthJ9,1kYmMIxA2tGKfIP683DlA2EbwmPi9Ushf
PLCE,PLCE-CHILDRENS PLACE INC-2019.pdf,19CSFPIopid-ny7JYDYN2ooMwg_TjH8Yt,1i8JJZDf2Su105SjDP8QsmGA2Q6eWnMbI
PLCE,PLCE-CHILDRENS PLACE INC-2020.pdf,1L-Gg7V8BeVOR_DZQZ7dA6Z1znhNQ5h__,1cw5yPyaHePCyUOLZqo8igo3XlAXVPKGa
BURL,BURL-BURLINGTON STORES INC-2018.pdf,1xtueO3vEYEkTQDSvSvGN8yoi-PIhu_0O,19RKqqjaDcpv_XbrYIb1JWrfBT8QE441T
GAP,GAP-GAP INC-2017.pdf,18qI3sHiQGJb9rD_A64LXqkelMR2ZLmsv,1tHqDRIsbhSP9lXCGGWUg9FgSP-3WwZdc
GAP,GAP-GAP INC-2015-2016.pdf,1HDk6Vv6H6Tg9tDDFs7F0nHxbPuH-56N3,1A56hzUrAW9AgLNAXUTScB8ae22TLgoqX
TJX,TJX-TJX COS INC (THE)-2018.pdf,1Vo79BI-LPqxse1Kq3eUGiUDUGwhPze31,10tNzsMUjHPahJ7kSfCeGYuapQfL61Ap1
TJX,TJX-TJX COS INC (THE)-2016.pdf,1CtssUlLRl_sz4z0m8qTcC7pn7odP0fTN,1_K2EkN8w5mbWJNLnDqO6oThNFbmdLDpb
TJX,TJX-TJX COS INC (THE)-2015.pdf,1qh6g4_fXikJFEK_NCpkgopEDwrw60-Vq,1-9WLlimrSFrWwUsU-EEtHB_29i3SmJEr
TJX,TJX-TJX COS INC (THE)-2019.pdf,1lDNEsKUTsruRfcITkQLV5sl-gyQ2Hpf9,1itfXSrdbuAXWZtH6X6BnK0E3dH1dEi7X
TJX,TJX-TJX COS INC (THE)-2020.pdf,1iMHh5UXmsuzP0bz4sgZ3bxAwdaj8JEsf,134fOu64jHl1EbnwP1l0k9CzCCdcJvmYC
ROST,ROST-ROSS STORES INC-2020.pdf,1TVjFG2yQB8xcaQRMBf-hftszgxoMexd2,1zBXPaWq6KFzmX-_eAvN1O3Qb_m_SRIf0
GES,GES-GUESS INC-2016-2017.pdf,1A7C_6_VxALUw3HGrAW3WD0WyUoTDG4Ls,1Qdfq_heRVdvo-OWBXfNbT-ZZj63VED0i
ETSY,ETSY-ETSY INC-2018.pdf,1q6bTM7YZeiusTRiOILi-5IJkaoMH9Owe,1O9we1sH7IhCDY2wraGJuM5FuFueGfvBC
PTRN,PTRN-PATTERN GROUP INC-2017.pdf,1SWuic-YJ3OW-v4ozsMX1uzUJWvYPZrfV,11yYGfYEJIIYy0qJl9w_5z58s6gYurzCt
PTRN,PTRN-PATTERN GROUP INC-2016.pdf,1N5o8zyeLEMDFf9YGSahw7XQoXe8IO0-2,17SRlTAEij1eLye-hFzVuaZcb6fUjUmyL
PTRN,PTRN-PATTERN GROUP INC-2019.pdf,1T8AQFcj8ZoS_7y3xaToZTphzWRLz9GI9,1DMGETxE8rfSbN14MuR9ZS_Tm07hzFSnb
EBAY,EBAY-EBAY INC-2017.pdf,1E-Hla5nGbQJ98MxzpJC4zt5Y3FDXh17t,1M-4cwiqvP0oAnmEnPZwuIsE-M5m5YQS3
EBAY,EBAY-EBAY INC-2020.pdf,1ns9bOymkihk-725fDbMSz-6X6JNLb6KR,1WB0ISjjuqrWrMi4j3ppc2sdaEMzQzLId
AMZN,AMZN-AMAZON.COM INC-2018.pdf,1Hmj2TWzTNpzv78Y6f-_n6Bp4lQAHbJ_Q,1---vbYBnD3BJWHkOkZU_HM60cINuvyGk
M,M-MACY_S INC-2018.pdf,1HVG9UMFr-wxLLv87rkkYZfuJteJlGloU,1LxdDG8l-rzuVVVCAhStFmxe_EBmoaM5O
M,M-MACY_S INC-2020.pdf,1jdEbdmBNPOXyc3SaOz0cWiK2U3dxjxCx,1rLsj-MgrwEvEm3lJ8-SWVGdj6BPjn49k
SHOO,SHOO-MADDEN STEVEN LTD-2019.pdf,1z76J-LIBsVrWLIYyGhwIyjgfMITd5MGS,1_VyWQhujj7GP2rqNYqaM1LX1d7SVMu8w
NKE,NKE-NIKE INC -CL B-2016-2017.pdf,1ASRXtrEmvAFYT3Z9nYO4UIT-8igV8rii,1hFPwN79KWE8cK2n2OqrJvYRkz3mg9l5-
NKE,NKE-NIKE INC -CL B-2014-2015.pdf,1YG-ysGZBAY-hqyYctFgIdmn9EKHq-P1o,1TrUKyqrXBTta6PERgt_t6aEqs-HqfOwC
DECK,DECK-IDECKERS OUTDOOR CORP-2018.pdf,1jP6NBzgXBYjytXd3FHeijf0gFRqwmt6b,1pqZHMy7J-uGidsX_Irx5wQOYTeKMv9Ez
WWW,WWW-WOLVERINE WORLD WIDE-2017.pdf,1J6N49uQsrAYnz5yqgeCJ433P3YRk951j,1hxXFd1mOlpOT3eBZQS0VhBjkB45TlbQh
WWW,WWW-WOLVERINE WORLD WIDE-2020.pdf,1O5D2DWbkpFenXX1eBsToBHdrnw8iEAIy,16a8QwetZ6WnKR9cmV7ttP6tI0Iepx7mG
TPR,TPR-TAPESTRY INC-2017.pdf,1anJQRcuswVFn4LID22-1LoO6kUPw0AFo,1sWO7KGKHnRlWMfZsimHqhg56pRVOMe6e
TPR,TPR-TAPESTRY INC-2019.pdf,1hpl7ju5bEADfpm-4wj_dObrVfUiSTgDT,1gaSc8NEVrICde6KYIM3t22R2pg2QiZBN
TPR,TPR-TAPESTRY INC-2016.pdf,1QaIiMtV8XRypS-U0PTFdly5d59-O5RtK,14teBeUE-Gukfe4t9TEroq6w5vekAjZsb
TPR,TPR-TAPESTRY INC-2015.pdf,1MVniPc-sF_yEHUgTba36tbeOUge8f0wP,1vms0Ydj9X0P5isi3VNPTyM2LMaY696ia
COLM,COLM-COLUMBIA SPORTSWEAR CO-2015.pdf,1rs38XWMu398BgGK3yZBiZIZxeUbXDo9f,1yBElUzLf3n1pcPvHIX4VMUEHEQy_3HC_
RL,RL-RALPH LAUREN CORP-2020.pdf,151kYo_O1UT0ey7oAAQFcq9pHs5ccQLwZ,1mnTHi0r8_kT37qD7QUuhBgVCZWcxtziq
LEVI,LEVI-LEVI STRAUSS & CO-2019.pdf,1Hy41kYBmOECu8BjcOx1JIZNKKhnhRpau,1at7W4MWpriryzyaUWMl_SANXRuHHL4TL
LEVI,LEVI-LEVI STRAUSS & CO-2020.pdf,1X_rjvphAWmQgjqexl30TCI2bcKnTjG7V,1aLKyXX2bqoCimVrAwmsK6K5xso1eP3vP
PVH,PVH-PVH CORP-2015.pdf,1_3Zx0GzsYs8J9OP4ccCKbu9PaaZWmv5O,1mu4NxHf8M0Yj82-eghsG_ILNAXfLZICT
PVH,PVH-PVH CORP-2016.pdf,15r2okZ2OXOWZBX485zsxazJokGVYBP5X,1LULBEZA3jdCwQJeVdsaHdZKOK-OtMqwG
PVH,PVH-PVH CORP-2019.pdf,1AS865Wul7xrZB5C-qYh1OqXlY-Xe4oSx,1TPegxpkvCnejCAELn2Yweqh5IySo3kSq
PVH,PVH-PVH CORP-2018.pdf,1MQnO-rYOSKkaT_23e3ooFA-i3myJj38U,1AIibUf3cgsli3-1m-YihKvUckqQ-TtRP
CAL,CAL-CALERES INC-2020.pdf,10hLN6AXKoRO_RHfObCAhvCcMAKtgUTIS,1HfoPlFgOc-bScfbbE5paNdeGRKohJSSz
