ticker,filename,size_bytes,status
AAP,0001158449-24-000048.htm,2476412,ok
AAP,0001158449-25-000064.htm,2230044,ok
AAP,0001193125-26-051305.htm,3950175,ok
AAPL,0000320193-23-000106.htm,1558924,ok
AAPL,0000320193-24-000123.htm,1503780,ok
AAPL,0000320193-25-000079.htm,1520208,ok
ABG,0001144980-24-000076.htm,3489015,ok
ABG,0001144980-25-000077.htm,3533561,ok
ABG,0001144980-26-000051.htm,3163914,ok
ACI,0001646972-24-000060.htm,2632759,ok
ACI,0001646972-25-000052.htm,2620560,ok
ACI,0001646972-26-000032.htm,2589101,ok
AEO,0000950170-24-032294.htm,3646462,ok
AEO,0000950170-25-042746.htm,4371611,ok
AEO,0001193125-26-132097.htm,4892761,ok
AKA,0001865107-24-000010.htm,2212408,ok
AKA,0001865107-25-000016.htm,1915362,ok
AKA,0001865107-26-000008.htm,1904672,ok
AMZN,0001018724-24-000008.htm,1945178,ok
AMZN,0001018724-25-000004.htm,1922355,ok
AMZN,0001018724-26-000004.htm,1968342,ok
AN,0000350698-24-000021.htm,3329636,ok
AN,0000350698-25-000029.htm,3647431,ok
AN,0001628280-26-007800.htm,3769739,ok
ANF,0001018840-24-000019.htm,2358589,ok
ANF,0001018840-25-000013.htm,2488385,ok
ANF,0001018840-26-000012.htm,2507062,ok
APC,0001193125-26-131747.htm,4973527,ok
ARHS,0001875444-24-000024.htm,2222250,ok
ARHS,0001875444-25-000021.htm,1793167,ok
ARHS,0001875444-26-000010.htm,1767650,ok
ARKO,0000950170-24-021416.htm,5198474,ok
ARKO,0000950170-25-027737.htm,6036490,ok
ARKO,0001193125-26-071464.htm,6300412,ok
ASO,0001817358-24-000042.htm,2249836,ok
ASO,0001817358-25-000027.htm,2141382,ok
ASO,0001817358-26-000031.htm,2065060,ok
ATER,0001437749-24-008398.htm,2318976,ok
ATER,0001437749-25-009139.htm,2153723,ok
ATER,0001437749-26-009285.htm,2121930,ok
AZO,0001104659-25-102611.htm,3145910,ok
AZO,0001558370-23-016668.htm,3003284,ok
AZO,0001558370-24-013758.htm,3130839,ok
BARK,0001628280-26-042242.htm,1777171,ok
BARK,0001819574-24-000025.htm,1858587,ok
BARK,0001819574-25-000024.htm,1880656,ok
BBBY,0001130713-24-000013.htm,1966161,ok
BBBY,0001130713-25-000024.htm,1905166,ok
BBBY,0001130713-26-000018.htm,2161954,ok
BBW,0001437749-24-012440.htm,1575108,ok
BBW,0001437749-25-012234.htm,1915908,ok
BBW,0001437749-26-012501.htm,1969335,ok
BBWI,0000701985-24-000010.htm,1797062,ok
BBWI,0000701985-25-000011.htm,1835017,ok
BBWI,0000701985-26-000008.htm,1744446,ok
BBY,0000764478-24-000010.htm,7128150,ok
BBY,0000764478-25-000007.htm,6925830,ok
BBY,0000764478-26-000009.htm,2090316,ok
BIRD,0001628280-25-012130.htm,1724882,ok
BIRD,0001628280-26-022192.htm,2008800,ok
BIRD,0001653909-24-000015.htm,1781763,ok
BJ,0001531152-24-000026.htm,1731861,ok
BJ,0001531152-25-000013.htm,1727227,ok
BJ,0001531152-26-000007.htm,1736779,ok
BKE,0000885245-24-000051.htm,1084569,ok
BKE,0000885245-25-000052.htm,1118816,ok
BKE,0000885245-26-000012.htm,1135508,ok
BNED,0001634117-23-000032.htm,3214759,ok
BNED,0001634117-24-000048.htm,2723770,ok
BNED,0001634117-25-000038.htm,6124560,ok
BOBS,0001628280-26-019015.htm,1951533,ok
BOOT,0001104659-26-061346.htm,2507717,ok
BOOT,0001558370-24-008176.htm,2340580,ok
BOOT,0001558370-25-007889.htm,2464184,ok
BRLT,0001628280-26-018794.htm,2066554,ok
BRLT,0001866757-24-000040.htm,1839248,ok
BRLT,0001866757-25-000038.htm,1905279,ok
BSET,0001437749-24-002203.htm,2366360,ok
BSET,0001437749-25-003216.htm,2919671,ok
BSET,0001437749-26-003189.htm,2872707,ok
BURL,0000950170-24-032207.htm,3664695,ok
BURL,0000950170-25-040472.htm,4264273,ok
BURL,0001193125-26-116001.htm,4718782,ok
CAL,0000014707-24-000012.htm,4424337,ok
CAL,0000014707-25-000017.htm,4615016,ok
CAL,0000014707-26-000053.htm,4874626,ok
CART,0001579091-24-000027.htm,3191709,ok
CART,0001579091-25-000015.htm,2776688,ok
CART,0001579091-26-000018.htm,2908958,ok
CASY,0000726958-24-000046.htm,1199144,ok
CASY,0000726958-25-000065.htm,1311881,ok
CASY,0000726958-26-000046.htm,1305180,ok
CATO,0001562762-24-000065.htm,2100807,ok
CATO,0001562762-25-000062.htm,2364444,ok
CATO,0001562762-26-000041.htm,2380869,ok
CHWY,0001766502-24-000014.htm,1761134,ok
CHWY,0001766502-25-000014.htm,1813872,ok
CHWY,0001766502-26-000034.htm,1781992,ok
COLM,0001050797-24-000032.htm,2226375,ok
COLM,0001050797-25-000023.htm,2354560,ok
COLM,0001050797-26-000028.htm,2495280,ok
COOK,0001628280-26-015450.htm,2001989,ok
COOK,0001857853-24-000020.htm,2159706,ok
COOK,0001857853-25-000018.htm,2019745,ok
COST,0000909832-23-000042.htm,1502612,ok
COST,0000909832-24-000049.htm,1497890,ok
COST,0000909832-25-000101.htm,1438962,ok
CPNG,0001834584-24-000023.htm,2126954,ok
CPNG,0001834584-25-000030.htm,2291231,ok
CPNG,0001834584-26-000024.htm,2467747,ok
CRCT,0001828962-24-000014.htm,2301178,ok
CRCT,0001828962-25-000039.htm,2101032,ok
CRCT,0001828962-26-000010.htm,2151133,ok
CRI,0001060822-24-000062.htm,2321263,ok
CRI,0001060822-25-000030.htm,2355725,ok
CRI,0001060822-26-000016.htm,2433052,ok
CRMT,0001171843-23-004114.htm,1704667,ok
CRMT,0001171843-24-003950.htm,2010036,ok
CRMT,0001628280-25-039026.htm,2102521,ok
CROX,0001334036-24-000025.htm,2229187,ok
CROX,0001334036-25-000009.htm,2281408,ok
CROX,0001334036-26-000006.htm,2239922,ok
CTRN,0001104659-26-043813.htm,1779066,ok
CTRN,0001558370-24-005294.htm,2008629,ok
CTRN,0001558370-25-004897.htm,2183452,ok
CURV,0001628280-24-014351.htm,1905682,ok
CURV,0001628280-25-015891.htm,1793970,ok
CURV,0001792781-26-000007.htm,1911245,ok
CVNA,0001690820-24-000093.htm,2758336,ok
CVNA,0001690820-25-000074.htm,2659935,ok
CVNA,0001690820-26-000009.htm,2567270,ok
CVS,0000064803-24-000007.htm,5352597,ok
CVS,0000064803-25-000007.htm,5108619,ok
CVS,0000064803-26-000010.htm,4921164,ok
CWH,0001104659-26-021548.htm,7070936,ok
CWH,0001558370-24-001703.htm,6756212,ok
CWH,0001558370-25-001939.htm,8256967,ok
DBGI,0001104659-24-047365.htm,2737793,ok
DBGI,0001493152-26-016851.htm,2366283,ok
DBGI,0001641172-25-003320.htm,1985122,ok
DBI,0001319947-24-000011.htm,2243556,ok
DBI,0001319947-25-000012.htm,2502199,ok
DBI,0001319947-26-000022.htm,2119551,ok
DDS,0000028917-24-000011.htm,2613792,ok
DDS,0000028917-25-000004.htm,2826952,ok
DDS,0000028917-26-000006.htm,2888968,ok
DECK,0000910521-24-000017.htm,2266200,ok
DECK,0000910521-25-000017.htm,2332427,ok
DECK,0001628280-26-037664.htm,5260149,ok
DELL,0001571996-24-000036.htm,3933680,ok
DELL,0001571996-25-000034.htm,4182278,ok
DELL,0001571996-26-000008.htm,3552634,ok
DG,0001104659-26-032325.htm,2672091,ok
DG,0001558370-24-003813.htm,2463725,ok
DG,0001558370-25-003413.htm,2642074,ok
DIBS,0001600641-24-000022.htm,1775901,ok
DIBS,0001600641-25-000011.htm,1753463,ok
DIBS,0001600641-26-000007.htm,1708690,ok
DKS,0001089063-24-000037.htm,1837308,ok
DKS,0001089063-25-000012.htm,1864904,ok
DKS,0001089063-26-000007.htm,2429393,ok
DLTH,0001193125-26-117508.htm,3622936,ok
DLTH,0001649744-24-000006.htm,3976848,ok
DLTH,0001649744-25-000006.htm,4157835,ok
DLTR,0000935703-24-000011.htm,1840183,ok
DLTR,0000935703-25-000015.htm,1924914,ok
DLTR,0000935703-26-000025.htm,1894818,ok
DXLG,0000950170-24-034763.htm,3233952,ok
DXLG,0000950170-25-042703.htm,3519462,ok
DXLG,0001193125-26-115660.htm,3623874,ok
EBAY,0001065088-24-000036.htm,3075061,ok
EBAY,0001065088-25-000037.htm,2807295,ok
EBAY,0001065088-26-000027.htm,2723024,ok
ETD,0001437749-23-024609.htm,2223109,ok
ETD,0001437749-24-027664.htm,2488865,ok
ETD,0001437749-25-027594.htm,2440279,ok
ETSY,0001370637-24-000013.htm,3314400,ok
ETSY,0001370637-25-000017.htm,2944048,ok
ETSY,0001370637-26-000019.htm,2719612,ok
EVGO,0001104659-26-024827.htm,3583565,ok
EVGO,0001558370-24-002608.htm,2963571,ok
EVGO,0001558370-25-002400.htm,3144129,ok
EYE,0001628280-26-014379.htm,2453665,ok
EYE,0001710155-24-000018.htm,2692379,ok
EYE,0001710155-25-000011.htm,2764621,ok
FIGS,0001628280-24-007659.htm,1685921,ok
FIGS,0001628280-25-008688.htm,1687981,ok
FIGS,0001628280-26-012333.htm,1683823,ok
FIVE,0001177609-24-000008.htm,1562819,ok
FIVE,0001177609-25-000009.htm,1580678,ok
FIVE,0001177609-26-000010.htm,1408140,ok
FL,0000850209-23-000006.htm,4382669,ok
FL,0001437749-24-009866.htm,3129147,ok
FL,0001437749-25-009620.htm,3046982,ok
FLWS,0001084869-25-000017.htm,2124729,ok
FLWS,0001437749-23-025967.htm,2503484,ok
FLWS,0001437749-24-028591.htm,2804714,ok
FLXS,0000037472-23-000024.htm,4021324,ok
FLXS,0000950170-24-102402.htm,2220466,ok
FLXS,0000950170-25-110965.htm,2768496,ok
FND,0001507079-24-000010.htm,1884951,ok
FND,0001507079-25-000013.htm,1786884,ok
FND,0001628280-26-009770.htm,1697000,ok
FOSL,0000883569-24-000007.htm,2841518,ok
FOSL,0000883569-25-000010.htm,2852390,ok
FOSL,0000883569-26-000017.htm,2842191,ok
GAP,0000039911-24-000066.htm,1839386,ok
GAP,0000039911-25-000029.htm,1754495,ok
GAP,0001628280-26-018573.htm,1755098,ok
GCO,0000950170-24-036902.htm,2877223,ok
GCO,0000950170-25-044864.htm,3550948,ok
GCO,0001193125-26-123492.htm,3882934,ok
GES,0000912463-23-000014.htm,3471419,ok
GES,0000912463-24-000029.htm,3638315,ok
GES,0000912463-25-000028.htm,4039384,ok
GIII,0001104659-26-033891.htm,3443315,ok
GIII,0001558370-24-003856.htm,3507033,ok
GIII,0001558370-25-003540.htm,3324131,ok
GME,0001326380-24-000012.htm,1549250,ok
GME,0001326380-26-000013.htm,1877343,ok
GME,0001628280-25-014731.htm,1596154,ok
GO,0001771515-24-000016.htm,1959175,ok
GO,0001771515-25-000017.htm,2085486,ok
GO,0001771515-26-000015.htm,2193680,ok
GPI,0001031203-24-000013.htm,2969850,ok
GPI,0001031203-25-000013.htm,2965117,ok
GPI,0001031203-26-000064.htm,2970272,ok
GPRO,0001500435-24-000021.htm,2135010,ok
GPRO,0001500435-26-000006.htm,2305062,ok
GPRO,0001628280-25-013046.htm,2112288,ok
GROV,0001628280-24-012257.htm,2194749,ok
GROV,0001628280-25-013839.htm,1930143,ok
GROV,0001841761-26-000010.htm,1775899,ok
GRPN,0001490281-24-000024.htm,2401287,ok
GRPN,0001490281-25-000005.htm,2412700,ok
GRPN,0001628280-26-016429.htm,2431535,ok
GRWG,0001604868-26-000004.htm,1555979,ok
GRWG,0001628280-24-010996.htm,1860789,ok
GRWG,0001628280-25-012661.htm,1697175,ok
HBB,0001709164-24-000011.htm,1804215,ok
HBB,0001709164-25-000008.htm,1830473,ok
HBB,0001709164-26-000037.htm,1844610,ok
HD,0000354950-24-000062.htm,2018747,ok
HD,0000354950-25-000085.htm,2199280,ok
HD,0001628280-26-019436.htm,2314728,ok
HOFT,0001185185-24-000378.htm,2647094,ok
HOFT,0001185185-25-000321.htm,1544095,ok
HOFT,0001185185-26-001420.htm,1655496,ok
HOUR,0001493152-24-011298.htm,1588212,ok
HOUR,0001493152-26-012278.htm,1567738,ok
HOUR,0001641172-25-000930.htm,1194942,ok
HVT,0001628280-24-009586.htm,1349372,ok
HVT,0001628280-25-010869.htm,1401860,ok
HVT,0001628280-26-012199.htm,1448174,ok
HZO,0000950170-23-064785.htm,4761631,ok
HZO,0000950170-24-127036.htm,3657799,ok
HZO,0001193125-25-284680.htm,4719308,ok
IMKTA,0000050493-23-000021.htm,4359364,ok
IMKTA,0000050493-24-000018.htm,4392082,ok
IMKTA,0000050493-25-000019.htm,4365384,ok
JILL,0000950170-24-041871.htm,2523675,ok
JILL,0000950170-25-048494.htm,3305475,ok
JILL,0001193125-26-134566.htm,3566002,ok
JRSH,0001213900-24-057324.htm,968934,ok
JRSH,0001213900-25-057935.htm,1001671,ok
JRSH,0001213900-26-070227.htm,1103555,ok
JWN,0000072333-23-000037.htm,2294111,ok
JWN,0000072333-24-000031.htm,1869897,ok
JWN,0000072333-25-000039.htm,2782231,ok
KMX,0001170010-24-000034.htm,2570965,ok
KMX,0001170010-25-000024.htm,2537669,ok
KMX,0001170010-26-000021.htm,2633568,ok
KOSS,0000056701-23-000026.htm,2473680,ok
KOSS,0000056701-24-000028.htm,2806471,ok
KOSS,0000056701-25-000044.htm,2681612,ok
KR,0001104659-26-037723.htm,4834025,ok
KR,0001558370-24-004603.htm,4689984,ok
KR,0001558370-25-004267.htm,4868610,ok
KSS,0000950170-24-034691.htm,1757697,ok
KSS,0000950170-25-042662.htm,1974808,ok
KSS,0001193125-26-115982.htm,2129657,ok
KTB,0001760965-24-000013.htm,2502143,ok
KTB,0001760965-25-000011.htm,2468221,ok
KTB,0001760965-26-000014.htm,2823606,ok
LAD,0001023128-24-000032.htm,2869210,ok
LAD,0001023128-25-000026.htm,3107241,ok
LAD,0001023128-26-000015.htm,3369553,ok
LAKE,0001193125-26-159176.htm,3586519,ok
LAKE,0001654954-24-004465.htm,1492374,ok
LAKE,0001654954-25-004352.htm,1651381,ok
LCUT,0000874396-26-000008.htm,2249421,ok
LCUT,0001628280-24-010568.htm,2299239,ok
LCUT,0001628280-25-012650.htm,2257499,ok
LE,0000950170-24-041066.htm,3108625,ok
LE,0000950170-25-046044.htm,3571012,ok
LE,0001193125-26-126210.htm,4075261,ok
LEG,0000058492-24-000174.htm,3679128,ok
LEG,0000058492-25-000136.htm,3685654,ok
LEG,0000058492-26-000107.htm,3698921,ok
LESL,0000950170-23-066773.htm,2611397,ok
LESL,0000950170-24-131476.htm,2842476,ok
LESL,0001193125-25-323811.htm,3204971,ok
LEVI,0000094845-24-000010.htm,3547797,ok
LEVI,0000094845-25-000005.htm,3625914,ok
LEVI,0000094845-26-000008.htm,3728842,ok
LIVE,0001628280-23-042586.htm,2726640,ok
LIVE,0001628280-24-052099.htm,2791623,ok
LIVE,0001628280-25-057711.htm,2661021,ok
LOVE,0001628280-24-015804.htm,1497795,ok
LOVE,0001628280-25-017241.htm,1467654,ok
LOVE,0001628280-26-022929.htm,1485258,ok
LOW,0000060667-24-000033.htm,2404089,ok
LOW,0000060667-25-000049.htm,2343216,ok
LOW,0000060667-26-000029.htm,2487558,ok
LULU,0001397187-24-000010.htm,2534554,ok
LULU,0001397187-25-000013.htm,2396120,ok
LULU,0001397187-26-000020.htm,2341775,ok
LVLU,0001104659-26-036884.htm,2564767,ok
LVLU,0001558370-24-002599.htm,2725436,ok
LVLU,0001558370-25-003845.htm,2727091,ok
LZB,0000057131-24-000028.htm,2101235,ok
LZB,0000057131-25-000029.htm,2138974,ok
LZB,0000057131-26-000019.htm,2158070,ok
M,0001628280-24-012734.htm,2198613,ok
M,0001628280-25-014315.htm,2171124,ok
M,0001628280-26-021721.htm,2207687,ok
MELI,0001099590-24-000008.htm,4170174,ok
MELI,0001099590-25-000007.htm,4618392,ok
MELI,0001099590-26-000006.htm,4348564,ok
MGRX,0001493152-24-012508.htm,2300862,ok
MGRX,0001493152-26-014478.htm,4069986,ok
MGRX,0001641172-25-000085.htm,3667685,ok
MHK,0000851968-24-000027.htm,2412578,ok
MHK,0000851968-25-000023.htm,2451058,ok
MHK,0000851968-26-000011.htm,2559297,ok
MNRO,0000876427-26-000007.htm,6229785,ok
MNRO,0001562762-24-000155.htm,5897362,ok
MNRO,0001562762-25-000146.htm,6083685,ok
MOV,0000950170-24-036181.htm,3813546,ok
MOV,0000950170-25-054522.htm,9130426,ok
MOV,0001193125-26-115298.htm,4872948,ok
MSS,0001213900-23-061379.htm,1421097,ok
MSS,0001213900-24-068336.htm,1521095,ok
MSS,0001213900-25-075991.htm,1578038,ok
MUSA,0001573516-24-000007.htm,2253586,ok
MUSA,0001573516-25-000010.htm,2147076,ok
MUSA,0001573516-26-000090.htm,2105588,ok
NGVC,0001437749-23-033880.htm,1671285,ok
NGVC,0001437749-24-037351.htm,1891292,ok
NGVC,0001437749-25-037556.htm,1987620,ok
NKE,0000320187-23-000039.htm,2688110,ok
NKE,0000320187-24-000044.htm,2651098,ok
NKE,0000320187-25-000047.htm,2790543,ok
NWL,0000814453-24-000017.htm,2845598,ok
NWL,0000814453-25-000008.htm,2914460,ok
NWL,0000814453-26-000008.htm,2591759,ok
OLLI,0001140361-24-015681.htm,2099912,ok
OLLI,0001140361-25-010442.htm,2237820,ok
OLLI,0001140361-26-010409.htm,1794492,ok
ONEW,0001772921-23-000087.htm,2543611,ok
ONEW,0001772921-24-000101.htm,2559491,ok
ONEW,0001772921-25-000085.htm,2514345,ok
ORBS,0001493152-24-012608.htm,2089141,ok
ORBS,0001493152-26-016664.htm,2482572,ok
ORBS,0001641172-25-004802.htm,2162789,ok
ORLY,0000898173-24-000009.htm,2998175,ok
ORLY,0000898173-25-000008.htm,3054691,ok
ORLY,0000898173-26-000009.htm,3181879,ok
OXM,0000075288-24-000003.htm,3524808,ok
OXM,0000075288-25-000033.htm,2351594,ok
OXM,0000075288-26-000026.htm,2419039,ok
PAG,0001019849-24-000033.htm,2629915,ok
PAG,0001019849-25-000022.htm,2561892,ok
PAG,0001628280-26-012830.htm,2664487,ok
PETS,0001040130-24-000046.htm,1536021,ok
PETS,0001040130-25-000072.htm,2416636,ok
PETS,0001040130-26-000019.htm,1646293,ok
PEW,0001193125-26-104172.htm,3793158,ok
PLBY,0001628280-26-018238.htm,2286888,ok
PLBY,0001803914-24-000022.htm,2362253,ok
PLBY,0001803914-25-000030.htm,2407432,ok
PLCE,0001628280-24-020436.htm,1961703,ok
PLCE,0001628280-25-018195.htm,2045266,ok
PLCE,0001628280-26-024672.htm,2082906,ok
POWW,0000950170-25-086893.htm,3738709,ok
POWW,0001193125-26-276653.htm,3786392,ok
POWW,0001493152-24-023731.htm,2137934,ok
PRPL,0001213900-24-021861.htm,1805697,ok
PRPL,0001213900-25-023815.htm,1894901,ok
PRPL,0001213900-26-036974.htm,1647984,ok
PRTS,0001378950-24-000034.htm,2157067,ok
PRTS,0001378950-25-000036.htm,1942141,ok
PRTS,0001378950-26-000035.htm,2031463,ok
PSMT,0001041803-23-000054.htm,2951986,ok
PSMT,0001041803-24-000044.htm,2944498,ok
PSMT,0001041803-25-000060.htm,2845038,ok
PTRN,0001811935-26-000013.htm,1915496,ok
PVH,0000078239-24-000013.htm,3293945,ok
PVH,0000078239-25-000018.htm,3117500,ok
PVH,0000078239-26-000021.htm,2981916,ok
RCKY,0001437749-24-007987.htm,1851166,ok
RCKY,0001437749-25-008025.htm,1869683,ok
RCKY,0001437749-26-007634.htm,1627732,ok
RDNW,0001596961-24-000021.htm,1772954,ok
RDNW,0001596961-25-000024.htm,1685184,ok
RDNW,0001596961-26-000015.htm,1744439,ok
REAL,0001573221-24-000030.htm,1837620,ok
REAL,0001573221-25-000013.htm,1937043,ok
REAL,0001573221-26-000010.htm,2008301,ok
REBN,0001213900-24-026917.htm,1026368,ok
REBN,0001213900-25-026307.htm,1183856,ok
REBN,0001213900-26-046490.htm,1314275,ok
RENT,0001468327-24-000114.htm,1972184,ok
RENT,0001468327-25-000056.htm,1808601,ok
RENT,0001468327-26-000020.htm,2010083,ok
RH,0001104659-26-037992.htm,4473120,ok
RH,0001558370-24-004248.htm,4478986,ok
RH,0001558370-25-004329.htm,4645351,ok
RIME,0001493152-23-024594.htm,2053122,ok
RIME,0001493152-26-014724.htm,2320037,ok
RIME,0001641172-25-004792.htm,1935199,ok
RL,0001037038-24-000014.htm,3086633,ok
RL,0001037038-25-000011.htm,3084873,ok
RL,0001628280-26-037074.htm,2788050,ok
ROST,0000745732-24-000009.htm,1379951,ok
ROST,0000745732-25-000010.htm,1416432,ok
ROST,0000745732-26-000006.htm,1465573,ok
RVLV,0000950170-24-021244.htm,2854921,ok
RVLV,0000950170-25-026748.htm,3546558,ok
RVLV,0001193125-26-071307.htm,4034572,ok
SAH,0001043509-24-000022.htm,3462458,ok
SAH,0001043509-25-000003.htm,3635691,ok
SAH,0001628280-26-010570.htm,3589252,ok
SBH,0000950170-23-064558.htm,4618991,ok
SBH,0000950170-24-127217.htm,3552062,ok
SBH,0001193125-25-280122.htm,4518951,ok
SFIX,0001576942-23-000114.htm,1825562,ok
SFIX,0001576942-24-000099.htm,1849949,ok
SFIX,0001628280-25-042782.htm,1877465,ok
SFM,0000950170-24-018768.htm,3343218,ok
SFM,0001575515-25-000011.htm,1811980,ok
SFM,0001575515-26-000008.htm,1809708,ok
SGC,0001437749-24-007685.htm,1885486,ok
SGC,0001437749-25-007055.htm,1604438,ok
SGC,0001437749-26-006653.htm,1655683,ok
SGI,0001206264-24-000050.htm,2685081,ok
SGI,0001206264-25-000058.htm,2621315,ok
SGI,0001206264-26-000015.htm,2804580,ok
SHOE,0000950170-24-035337.htm,2603292,ok
SHOE,0000950170-25-043195.htm,3253767,ok
SHOE,0001193125-26-126279.htm,3654872,ok
SHOO,0001628280-24-008331.htm,2087661,ok
SHOO,0001628280-25-009503.htm,2240402,ok
SHOO,0001628280-26-012995.htm,2391948,ok
SNBR,0000827187-24-000011.htm,1957398,ok
SNBR,0000827187-25-000018.htm,4309359,ok
SNBR,0000827187-26-000014.htm,3560267,ok
SONO,0000950170-23-065135.htm,3399834,ok
SONO,0001314727-24-000026.htm,1754446,ok
SONO,0001314727-25-000090.htm,1764498,ok
SPWH,0000950170-24-041618.htm,2383669,ok
SPWH,0000950170-25-048890.htm,3001502,ok
SPWH,0001193125-26-134702.htm,3344567,ok
SVV,0001883313-24-000013.htm,2699304,ok
SVV,0001883313-25-000013.htm,2111011,ok
SVV,0001883313-26-000014.htm,2153186,ok
T,0000732717-24-000009.htm,4360250,ok
T,0000732717-25-000013.htm,4064545,ok
T,0000732717-26-000120.htm,3931782,ok
TDUP,0001484778-24-000035.htm,1586789,ok
TDUP,0001484778-25-000023.htm,1536997,ok
TDUP,0001484778-26-000007.htm,1466196,ok
TGT,0000027419-24-000032.htm,1930274,ok
TGT,0000027419-25-000018.htm,2023702,ok
TGT,0000027419-26-000016.htm,2059294,ok
TJX,0000109198-24-000014.htm,2313084,ok
TJX,0000109198-25-000010.htm,2338219,ok
TJX,0000109198-26-000008.htm,2326381,ok
TLF,0001140361-24-014799.htm,1306920,ok
TLF,0001140361-25-006103.htm,1308710,ok
TLF,0001140361-26-006550.htm,1208026,ok
TLYS,0001628280-24-015839.htm,1582764,ok
TLYS,0001628280-25-017352.htm,1604102,ok
TLYS,0001628280-26-024440.htm,1576387,ok
TPR,0001116132-23-000020.htm,2831680,ok
TPR,0001116132-24-000018.htm,2808168,ok
TPR,0001116132-25-000019.htm,2962963,ok
TSCO,0000916365-24-000046.htm,1838973,ok
TSCO,0000916365-25-000076.htm,1797639,ok
TSCO,0000916365-26-000014.htm,1811335,ok
UAA,0001336917-24-000073.htm,3095407,ok
UAA,0001336917-25-000078.htm,2364472,ok
UAA,0001336917-26-000073.htm,2446740,ok
UEIC,0000101984-24-000048.htm,2010099,ok
UEIC,0000101984-25-000038.htm,2007569,ok
UEIC,0000101984-26-000039.htm,2132573,ok
ULTA,0001104659-26-035243.htm,2974678,ok
ULTA,0001558370-24-003941.htm,2905561,ok
ULTA,0001558370-25-003810.htm,2914231,ok
UPBD,0000933036-24-000048.htm,2245322,ok
UPBD,0000933036-25-000042.htm,2192442,ok
UPBD,0000933036-26-000008.htm,2288351,ok
URBN,0000950170-24-039320.htm,3206824,ok
URBN,0000950170-25-048506.htm,4104114,ok
URBN,0001193125-26-137916.htm,4451373,ok
VFC,0000103379-24-000008.htm,3575958,ok
VFC,0000103379-25-000023.htm,3737834,ok
VFC,0000103379-26-000030.htm,3915667,ok
VLGEA,0000103595-23-000014.htm,1378676,ok
VLGEA,0000103595-24-000019.htm,1255451,ok
VLGEA,0000103595-25-000015.htm,1282484,ok
VNCE,0000950170-24-052254.htm,2785999,ok
VNCE,0000950170-25-062847.htm,3418189,ok
VNCE,0001193125-26-158986.htm,3356928,ok
VRA,0001495320-24-000026.htm,1863432,ok
VRA,0001495320-25-000019.htm,1865854,ok
VRA,0001628280-26-021640.htm,1852692,ok
VSXY,0001856437-24-000005.htm,2067940,ok
VSXY,0001856437-25-000006.htm,1909518,ok
VSXY,0001856437-26-000004.htm,1923559,ok
VVV,0001674910-23-000125.htm,2609247,ok
VVV,0001674910-24-000152.htm,2428789,ok
VVV,0001674910-25-000135.htm,2328817,ok
VZ,0000732712-24-000010.htm,3835518,ok
VZ,0000732712-25-000006.htm,3941299,ok
VZ,0000732712-26-000007.htm,3989586,ok
W,0001616707-24-000014.htm,2165681,ok
W,0001616707-25-000022.htm,2210275,ok
W,0001616707-26-000027.htm,2269078,ok
WHR,0000106640-24-000020.htm,3279568,ok
WHR,0000106640-25-000011.htm,3230375,ok
WHR,0000106640-26-000009.htm,3167275,ok
WINA,0000908315-24-000010.htm,1966054,ok
WINA,0000908315-25-000010.htm,1912963,ok
WINA,0000908315-26-000007.htm,1980355,ok
WMK,0000105418-24-000015.htm,1792659,ok
WMK,0000105418-25-000014.htm,2015749,ok
WMK,0000105418-26-000024.htm,3243962,ok
WMT,0000104169-24-000056.htm,2323877,ok
WMT,0000104169-25-000021.htm,2335078,ok
WMT,0000104169-26-000055.htm,2323981,ok
WOOF,0000950170-24-040516.htm,3175297,ok
WOOF,0000950170-25-047693.htm,3958415,ok
WOOF,0001193125-26-106114.htm,3994261,ok
WRBY,0001504776-24-000006.htm,1930497,ok
WRBY,0001504776-25-000010.htm,1770288,ok
WRBY,0001504776-26-000006.htm,1743611,ok
WSM,0000719955-26-000059.htm,1370806,ok
WSM,0001628280-24-012221.htm,1369212,ok
WSM,0001628280-25-015037.htm,1498165,ok
WWW,0000110471-24-000057.htm,2291116,ok
WWW,0000110471-25-000046.htm,2258428,ok
WWW,0001628280-26-012614.htm,2308705,ok
XELB,0001104659-26-043348.htm,2994506,ok
XELB,0001558370-24-005326.htm,2591639,ok
XELB,0001558370-25-008172.htm,2765366,ok
XMAX,0001493152-24-014501.htm,1962090,ok
XMAX,0001493152-26-016828.htm,1795949,ok
XMAX,0001641172-25-001773.htm,1639705,ok
XOM,0000034088-24-000018.htm,5653988,ok
XOM,0000034088-25-000010.htm,5980900,ok
XOM,0000034088-26-000045.htm,5591068,ok
YHGJ,0001493152-24-011910.htm,1463833,ok
YHGJ,0001493152-26-012156.htm,1225549,ok
YHGJ,0001641172-25-004622.htm,1056061,ok
ZUMZ,0000950170-24-031449.htm,2629238,ok
ZUMZ,0000950170-25-038692.htm,3165530,ok
ZUMZ,0001193125-26-104063.htm,3401678,ok
