ticker,drive_file_id,drive_file_name,drive_size_bytes,drive_modified_time,drive_md5_checksum
AAP,1kTt5oOwqmWq44YMnVG7Y8Dekpo47iDGY,AAP-ADVANCE AUTO PARTS INC-2017-2018.pdf,30395251,2026-07-24T11:05:13.029Z,dad59772bd9d1f356fef3f835396e59e
AAP,1ognP5v_xVJns6IRrLuiCkBbt7u9Hr8Lg,AAP-ADVANCE AUTO PARTS INC-2019.pdf,10480350,2026-07-24T11:06:17.910Z,cd37bcfb703c28863d774cc7985c4664
AAP,1NGSd0XQBsotFiyO-H5zf-ofC22zf42ke,AAP-ADVANCE AUTO PARTS INC-2020.pdf,27366893,2026-07-24T10:57:34.675Z,4a61e535c33c054cb7ac3bd62c2a0b57
AAP,1Mcc6pv1njMKbkxvZ2lCJPg4jKYcEe_7b,AAP-ADVANCE AUTO PARTS INC-2021.pdf,34004941,2026-07-06T12:07:12.000Z,9b79157dfa0b041159a6aee0cd9e565a
AAP,1Lb3KFmr6IFI8O9n8oPDBGTeQrJBKI2sy,AAP-ADVANCE AUTO PARTS INC-2022.pdf,39878419,2026-07-06T12:08:13.000Z,06b5c4a8febfe30ceab3e8dc4d73f7cb
AAPL,10kvOV0ZA1RRh0RSy9DhdLIU99snwFjxr,AAPL-APPLE INC-2015.pdf,19332770,2026-07-24T10:57:36.418Z,ddf1faed136a70f0f5065026dff98b8f
AAPL,1Pfd9uWoTf9zOXmC9IItKUhmm_AJsdib0,AAPL-APPLE INC-2016.pdf,6354313,2026-07-24T11:07:43.419Z,cee82f57fb48f6dcc25861e7df76e309
AAPL,1YHLWq5FIej8HPu0txTgW7qzeLNaqWLsq,AAPL-APPLE INC-2017.pdf,8962423,2026-07-27T07:56:21.346Z,4a654ff77f809343527443db2f4a844f
AAPL,1aTOnoOINnoggagcG-j4N76KhX7gwAOa2,AAPL-APPLE INC-2018.pdf,18175302,2026-07-24T11:05:19.785Z,ea0b59c907ce657273c69184019c49ca
AAPL,1Tl7eJi-89LIlZTYF6jDTaVx92Q7XKSNn,AAPL-APPLE INC-2020.pdf,3131079,2026-07-24T11:10:58.414Z,5c5068090d9e907d1d6770e09f371482
AAPL,1EXE28nIM2WJT5_7kWxS2UeaW6qSUdxP2,AAPL-APPLE INC-2021.pdf,9324447,2026-07-15T15:38:48.864Z,84cd732678537b9e0b05ce7a868d2fb7
AAPL,111o6w7mep368j6wjt6CIbPkbbRfjx928,AAPL-APPLE INC-2022.pdf,15806770,2026-07-15T15:39:24.804Z,b4847da7343505cc1a3668d50b0c8fd5
AAPL,1xj3jPaa7qhLTbzEz0KrjxXUky1dNT5B_,AAPL-APPLE INC-2024.pdf,66120222,2026-07-14T22:51:17.736Z,de471ca369e95f29ff74f2b39642e3de
AAPL,1TpDbCqBhJn0v22shdRXVfpcrlChST6lv,AAPL-APPLE INC-2025.pdf,23549534,2026-07-07T10:47:22.000Z,4ef6658315aa865076de335238f220b6
ABG,13zw7nrD4CVxyU1ZQnKanRy8wJfwzdHTm,ABG-ASBURY AUTOMOTIVE GROUP INC-2021.pdf,9896223,2026-07-06T11:39:33.000Z,9d6fc9ad2d129f528ae950ce242dd527
ABG,1iGIPN0fGhiigIE9YnnAeuiu68aFbMzSU,ABG-ASBURY AUTOMOTIVE GROUP INC-2022.pdf,20427846,2026-07-06T11:39:52.000Z,cf6041c435ae77f110c8544908064142
ABG,1Q5ZvYkvlkQO9sbCrNqBJy0pp0Pwb8MMV,ABG-ASBURY AUTOMOTIVE GROUP INC-2023.pdf,19147279,2026-07-06T11:40:07.000Z,a58d8d1427ec4aedcb136e75d0bf18de
ABG,13_Qud--_9iXzMgXK2qOItVh2X6OvAh2P,ABG-ASBURY AUTOMOTIVE GROUP INC-2024.pdf,13573723,2026-07-22T09:36:24.310Z,8c092f11e4a2a97b3a7037985af1ce78
ABG,1ixRe-CxWN_rcw6tSzHjUen-7p0MTrLVs,ABG-ASBURY AUTOMOTIVE GROUP INC-2025.pdf,6146880,2026-07-06T11:41:33.000Z,8643344d581295f2ab2b36d118ed3ee7
ACI,1IQH2fO45VD8P_DO3DlAEC81jHoW9Q-Vb,ACI-ALBERTSONS COS INC-2016.pdf,1902276,2026-07-24T10:58:26.585Z,a39373804cd4c37aeb99765e2a1ced7b
ACI,1pzgo4dZoKcWize7F1vrml1gWCUqXitQa,ACI-ALBERTSONS COS INC-2017.pdf,2467137,2026-07-24T11:04:57.193Z,5b6c92044d8dbb46d22f31121f6c3225
ACI,18Oe9OqkLn-tN_gvNH3gxURLi1vH_x2d5,ACI-ALBERTSONS COS INC-2020.pdf,29106486,2026-07-24T10:58:52.146Z,98a198a2b42cb2f6e87a86e48b575a61
ACI,1UycHgQWfl_KiMHSvTd3v9cVnMOiI5Q1l,ACI-ALBERTSONS COS INC-2021.pdf,9656950,2026-07-27T09:16:13.915Z,a44a5e3d73deda8d42a27f32edb995a5
ACI,1L_3jQkthLqDAU6vtdeANJFZ2SkOUkUtQ,ACI-ALBERTSONS COS INC-2022.pdf,6686701,2026-07-16T09:16:19.904Z,d33c0a760df5bc0858579168c3a44fc6
ACI,1Id2R8Is7B_7eFg1bFtMGhrrK8n1VboTh,ACI-ALBERTSONS COS INC-2023.pdf,22920872,2026-07-16T09:16:39.237Z,f5c6b1e458ec49e2019447f0087cd101
ACI,1FOvhCnri27tJatdx_gE01BwAKQ3oeCMn,ACI-ALBERTSONS COS INC-2024.pdf,7333800,2026-07-16T09:16:59.491Z,ce917d08591ed0fa0f8a9ca28b97f011
AEO,1EXJFW4QtK6QPpARZE0SRV3U1FMQ2q4Aq,AEO-AMERICAN EAGLE OUTFITTERS INC-2021.pdf,35840855,2026-07-02T09:58:46.000Z,18a1bfa70e52b787141ecf33a32fde79
AEO,1ClOl3sXp5ior6-WKk2Yc79n35FoQsvBn,AEO-AMERICAN EAGLE OUTFITTERS INC-2022.pdf,51543926,2026-07-02T09:59:27.000Z,f29facfdab69abab2cab01b5416f3633
AEO,1zNUVuuIWEXmUSyvG3eAla8krTwKwhP5U,AEO-AMERICAN EAGLE OUTFITTERS INC-2023.pdf,4901540,2026-07-02T09:59:59.000Z,a0ca2783d05ce6bbaa4aa4993fc8f950
AEO,1lQ64JR__oP3XiHgMQW0D9NvsKqnjNcdq,AEO-AMERICAN EAGLE OUTFITTERS INC-2024.pdf,5175036,2026-07-02T10:00:28.000Z,dec107ca21dd7c7f20c14dac51c048b2
AMZN,1Hmj2TWzTNpzv78Y6f-_n6Bp4lQAHbJ_Q,AMZN-AMAZON.COM INC-2018.pdf,13481684,2026-07-24T10:57:01.429Z,029ec905f54324de076e42b1cd8987c4
AMZN,1m5NDkB-Q-xucCTUuNr2BB7AiGDZsK6Z0,AMZN-AMAZON.COM INC-2019.pdf,10184566,2026-07-24T11:05:27.006Z,e6c95c2cf455d5eed7921c47b81f2aeb
AMZN,1jnbhxnFkp3ZSrORN0vBly3kl2OzBPMP0,AMZN-AMAZON.COM INC-2020.pdf,22739384,2026-07-28T11:44:50.435Z,eb5026fda1e2ae3d716329189745b57e
AMZN,19JpVuhlCRUNKMHNoPoCKK36b83rXUuAV,AMZN-AMAZON.COM INC-2021.pdf,15390742,2026-07-27T10:08:48.478Z,315b70cb9314c78bfd2bb8302cade27b
AMZN,1c9sN5m7MqCAOfR-NMlCqLhfUz4Ngx_GJ,AMZN-AMAZON.COM INC-2022.pdf,8330454,2026-07-27T10:09:05.451Z,78f8c6b31bcdfa60d10cb46898df070e
AMZN,1U2vRvON8byh7yg06_cpCrJvaO7R5My7u,AMZN-AMAZON.COM INC-2023.pdf,15753155,2026-07-27T10:11:35.354Z,0834aeb85c718166e8fa3cb679c73807
AMZN,16QvxI5CQkkwc9aQSZbFqG-G97WId0yTD,AMZN-AMAZON.COM INC-2024.pdf,7038949,2026-07-27T10:11:49.500Z,c673a0760bf98f278fbf1f09c3a78ba9
AMZN,1x1FJeiREWjzg7BS70_fkRk-WsuihD-mV,AMZN-AMAZON.COM INC-2025.pdf,8513830,2026-07-27T10:12:06.495Z,d8c2a8f14ce43eaf10eb8560407d5894
AN,1r1knWJ43Vuwk3gMHESizfN4saKewsFCM,AN-AUTONATION INC-2021.pdf,2667907,2026-07-06T11:16:44.000Z,3b09ceaaf2759028af195ed18e905712
AN,1K299eYxJ-QqmD6RHV_LWZHQCKHJ0QO6e,AN-AUTONATION INC-2022.pdf,20422649,2026-07-06T11:17:14.000Z,98c4771c08dba1e70f94bcfc7aea2240
AN,1FBmpdjy6uxwJMStDjfbR0opDhJ5RipSW,AN-AUTONATION INC-2023.pdf,15855566,2026-07-06T11:17:32.000Z,01c4dec590c3ebf3bfb56eda9757b6ce
AN,13HiEdwFOvz1frdC-JKQIeWxno_p7kJS5,AN-AUTONATION INC-2024.pdf,24938717,2026-07-06T11:18:23.000Z,edd080c1aab04a0403d43d6d91eaa154
ASO,1QKf-LFFsaFWpX5KigjyZu2RT91GUxRAx,ASO-ACADEMY SPO AND OU INC-2021.pdf,26072804,2026-07-08T11:25:10.000Z,ff5824c5f5c5cecd93a008461512c3c6
AZO,1y3GbBfSOQvjXmYM5rh-x7WqJ0DbsJIYF,AZO-AUTOZONE INC-2019.pdf,3244298,2026-07-24T11:08:15.856Z,e0d7bf60ef5609f5e54bc8b0ad06dc46
AZO,1fB4xFWjjqWYP-jf_YXDa12ziTRClHDkP,AZO-AUTOZONE INC-2020.pdf,23008803,2026-07-16T07:40:14.389Z,10f0dc796f724cd7f863d3590609791c
AZO,1pszA3PVWjiXHIpsLZzhbROLEdaw3Y4Bg,AZO-AUTOZONE INC-2021.pdf,69339167,2026-07-16T07:43:08.082Z,0cb724784b14d698c0d7d0a4573427df
AZO,1qvnMLl8UtQm_JPRop4dvm7-Ob1vFB4oI,AZO-AUTOZONE INC-2022.pdf,20463624,2026-07-16T07:44:07.550Z,633dc811fd95a17849fec06cb07ef40e
AZO,1Bx1bFEwsbLL15Ei_sM8t4KhGZy6zFtko,AZO-AUTOZONE INC-2023.pdf,67164078,2026-07-16T07:44:40.093Z,92eab4730f6e601979270c4c45d8a436
AZO,1Yf0odu4Rk_LAP77FfyhbbpsQA4C35ZHs,AZO-AUTOZONE INC-2024.pdf,9075396,2026-07-16T07:45:26.721Z,75f70afd21ca41d3e22668955210e3d1
AZO,1WyrYB3oBt_HUJtumwTiDxzJQWOz8sFJV,AZO-AUTOZONE INC-2025.pdf,9074754,2026-07-16T07:46:50.264Z,8ff2cb6f37da055abea0fd9ba787e6a6
BBBY,1CqNOMYcM_2S5Hq_ooICi5EAKLblIvdYR,BBBY-BED BATH & BEYOND INC-2017.pdf,514688,2026-07-24T11:05:25.023Z,24bd0992962191dafcd48c721bd5f65c
BBBY,1k2Le5Kg1_20FigeKLEAop0TMs7HggUnm,BBBY-BED BATH & BEYOND INC-2018.pdf,3062071,2026-07-24T11:06:49.933Z,3e7fb7352536ffe4393cc986c36b7ccf
BBBY,124-M401pyNNrhJhVUeu5oiZXrFyMxUur,BBBY-BED BATH & BEYOND INC-2020.pdf,10031589,2026-07-24T11:07:41.876Z,149d453c568e8a5e1ed9365760095820
BBBY,1JuWR5v--62clbPt-No1yAJ1HKhOPHVHw,BBBY-BED BATH & BEYOND INC-2021.pdf,15918052,2026-07-07T08:11:05.000Z,875a09df6880a55e76e1850aa330ae1c
BBW,1WGZ591hxAkw-xN9nOGepGi4c5fA8m-RZ,BBW-BUILD-A-BEAR WORKSHOP INC-2023.pdf,10886270,2026-07-08T11:29:06.000Z,14f5dcc0afa8d03fba0547a47de20194
BBW,1BNM6xDizTpI50pKzSxpTGtZEoPmoaOmo,BBW-BUILD-A-BEAR WORKSHOP INC-2024.pdf,10001293,2026-07-08T11:28:50.000Z,ebee2faf24561ca26a85a35febec2161
BBWI,1f93qPePGeJXQLL8qX_YIjcqBrbq8C9Nj,BBWI-BATH & BODY WORKS INC-2022.pdf,4564088,2026-07-08T11:04:15.000Z,03ccfc84617ddf9492a9e9dfbeb662e6
BBWI,1Z8_O7sk5_7cXVtILSnsklhnZ6uSYcC9h,BBWI-BATH & BODY WORKS INC-2023.pdf,22523967,2026-07-08T11:03:42.000Z,4b1e172b427a4b6017e783b96f8813b7
BBWI,13cl4hulYQCvhx198sXbgCaltTAd08KO0,BBWI-BATH & BODY WORKS INC-2024.pdf,20207684,2026-07-08T11:03:31.000Z,8a4947c255bf2f63c0a6c5126b3edc53
BBWI,1SRYk4fNy0EJ94Q1Hq4KMfxl2bKR706wc,BBWI-BATH & BODY WORKS INC-2025.pdf,7315995,2026-07-08T11:03:18.000Z,047c47d004933ac5eb7f47d5a69d4c87
BBY,1sSWsHW3-GhJs_1tkS9JEoPaMt_A3hMDI,BBY-BEST BUY CO INC-2015.pdf,2196806,2026-07-27T13:16:25.187Z,0dd6416e04ce4b7e460b28a65485d111
BBY,1q7a9zTZ4k9LmLVeQwcQszwUaYvBcXLRo,BBY-BEST BUY CO INC-2016.pdf,176398700,2026-08-07T02:42:44.000Z,c73e02e70df48fef22ba5fbc0487dbe2
BBY,1-REQkdJ9SNdXGQwrprbsnPRYpNxCdLmI,BBY-BEST BUY CO INC-2017.pdf,3307541,2026-07-27T13:14:25.742Z,8f17a7c798fa5d50807e4b3d0f5b97e2
BBY,1XrQUDOQAJwB0m1RB150bl45ipf5AOoyQ,BBY-BEST BUY CO INC-2018.pdf,4118126,2026-07-27T13:13:58.865Z,76f467ae60fcd3b1e0f1c37eeb5c4e68
BBY,1tra7Z5ahbKCL-c3G-G_hzhilPAkatIz8,BBY-BEST BUY CO INC-2019.pdf,21885489,2026-07-27T13:13:13.011Z,3cf2738228f2c30196da8d815dbe6d53
BBY,19baCWBtAjSZEiLjTPs4zFSGE5VHH4w_t,BBY-BEST BUY CO INC-2020.pdf,14168382,2026-07-27T13:12:43.780Z,737a2eec2fc9ca935e30f69833442fa5
BBY,1ufxDj1TmS39ihEXO7BJ1pqGi_wzBrmQK,BBY-BEST BUY CO INC-2021.pdf,5472665,2026-07-27T13:33:40.805Z,846b2493643be7abb1d2e533806bee83
BBY,1YGIX25_KVFVgk95HfpJT2h6NGugHpLEg,BBY-BEST BUY CO INC-2022.pdf,14883698,2026-07-27T13:34:04.354Z,f8f47276897c7a56ed193b49ca01d6da
BBY,1N6rNUC76EoiRl7udbbUDDuVDXDKDNtS2,BBY-BEST BUY CO INC-2023.pdf,23783732,2026-07-27T13:34:23.830Z,1f37ae2aaf180c7676541d12a058b6c8
BBY,1oGBTM82dCT7OcdmliJVH-evRIW7nAj1C,BBY-BEST BUY CO INC-2024.pdf,3899848,2026-07-27T13:36:02.736Z,6acb09a6afc44e45ce799c26c3580645
BIRD,1CqKz-Lhl-kTbIyrYKO3QeBnp3V7CX5yR,BIRD-ALLBIRDS INC-2020.pdf,20985350,2026-07-24T11:09:00.000Z,0ce6459b598062d1867df0f1e6551c9d
BIRD,1gmFbxKBYfPi2h_yGMg9muKpK-wuYICPJ,BIRD-ALLBIRDS INC-2021.pdf,2142464,2026-07-02T23:53:12.000Z,d3fe19f006afbbb58746ec7d63014aa2
BIRD,1OS2wa3XaKjzuk2Ly9mex_FjNabQws6qw,BIRD-ALLBIRDS INC-2022.pdf,42960563,2026-07-02T23:53:12.000Z,3cf20c7640fe24f2d2e6523c96f1c484
BIRD,1wV4oe39wOnr7uIywMeRq0SdK_YpfUJ8z,BIRD-ALLBIRDS INC-2023.pdf,34013295,2026-07-02T23:53:12.000Z,7580255564a49c250cdf9ce02dd2cc13
BIRD,1gvWTY7QRUSA-G_UypFMebNqdFgUrPj4h,BIRD-ALLBIRDS INC-2024.pdf,20162461,2026-07-27T11:16:47.300Z,3efd30c3b010166d87834c64122e06b7
BJ,1BoqWac_aF5II5tJLcVhpEWbvcZkD668p,BJ-BJS WHSL CLUB HLDGS INC-2022.pdf,1308328,2026-07-25T05:21:30.337Z,76924253ee7fdeb9aeddf9b9bf98820f
BJ,1_uBZ4SZ_ytlbqoa5V0txMGT4IHHPmTvW,BJ-BJS WHSL CLUB HLDGS INC-2023.pdf,7280095,2026-07-16T18:28:19.000Z,40f19e3c7fb80d26156bc92aa7531724
BRLT,1t-TVPvAD-NxVcz3gj2mp_TU651RS5f1Z,BRLT-BRILLIANT EARTH GP INC-2021.pdf,18421130,2026-07-10T12:48:52.000Z,548be39f23753e4dd06df0018daa4737
BRLT,1le1K3a0dc4yxkL4_CdwQf5LGE-tKzV3L,BRLT-BRILLIANT EARTH GP INC-2022.pdf,13135817,2026-07-10T12:50:33.000Z,60ce3c0321c61302b844c887e784040d
BRLT,17ui6hdCyKjSRvfooOdQ6d2L1ndAlqE3u,BRLT-BRILLIANT EARTH GP INC-2023.pdf,9524597,2026-07-10T12:51:25.000Z,72a625815a17ba0a808f1218aa4ac1a4
BRLT,1KOqWtEUbcgNjMHrutfgYHKz_BwUqLqJn,BRLT-BRILLIANT EARTH GP INC-2024.pdf,888222,2026-07-16T12:58:34.171Z,aab96b7a2fabf27e7c6667254acdc412
BRLT,1QNG9gZTadZt_StLbprSJDMAS5muW_bCY,BRLT-BRILLIANT EARTH GP INC-2025.pdf,754644,2026-07-16T12:59:22.650Z,695394696720a90f62d7d11b9b1aa4f2
BURL,1xtueO3vEYEkTQDSvSvGN8yoi-PIhu_0O,BURL-BURLINGTON STORES INC-2018.pdf,9872720,2026-07-24T10:58:29.962Z,1fd114183488db5f57b645d16fc639ac
BURL,1jr2mXyZc9S0AeAtQrrgBDmiOYmN9V9sq,BURL-BURLINGTON STORES INC-2019.pdf,4761181,2026-07-24T11:07:50.033Z,5e1389b02b982a2cd2f2d87ccb2a6040
BURL,1sOQU9O4sHnzRmQYDgnNiUoyE3SRhi6Th,BURL-BURLINGTON STORES INC-2020.pdf,6047625,2026-07-24T11:08:08.844Z,cda79be05acb8a427aac2dc7c307ac20
BURL,1ddMJi0xbWMjAsYrfIOIT3guXerjXkBFt,BURL-BURLINGTON STORES INC-2021.pdf,20205450,2026-07-14T06:46:33.000Z,6133ca9c280bc4a52f1d413fc394e7af
BURL,19SspcRMk-6osrIG1Kg6vhfJmb20PosbF,BURL-BURLINGTON STORES INC-2022.pdf,12106338,2026-07-27T11:32:29.141Z,65f40835c38b1c0dae718afec5639cfa
BURL,1v2RYPNsOG2jrHL05sKrFumstjHZMLR13,BURL-BURLINGTON STORES INC-2023.pdf,11771126,2026-07-27T11:32:44.128Z,a755cfc459d46c1700d6ccff7dcac68f
BURL,1amE0HL43roZhX_Z9kGHINrL1H0LfKMYJ,BURL-BURLINGTON STORES INC-2024.pdf,10899018,2026-07-27T11:45:15.660Z,1282ea1ab11a2158bffd09869fb51a6e
CAL,10hLN6AXKoRO_RHfObCAhvCcMAKtgUTIS,CAL-CALERES INC-2020.pdf,4296477,2026-07-24T10:58:36.912Z,706ca6f1fcaf67bd3d3f5f1a98f9a246
CAL,1kJVpnGyGAZlwokEAomo5ddRnzvYicbp4,CAL-CALERES INC-2021.pdf,4199864,2026-07-02T12:09:24.000Z,5572b6479145baf2c9027416f7b2cd97
CAL,1Hobo4mZHYCrigni7ZTZzUNNLTrlsA2Ia,CAL-CALERES INC-2022.pdf,3755226,2026-07-02T12:09:39.000Z,7d3c919daec748e5f31ef5d5da04d131
CAL,1hj7_Xo5CmkWUTME1zDpekghH9rtQAthG,CAL-CALERES INC-2023.pdf,5049340,2026-07-02T12:08:36.000Z,6a9db29f78be688f3f430a98de1d0ae7
CAL,1f-3I4C_X4qXCP_sOHwyoqROlPHDUnmN9,CAL-CALERES INC-2024.pdf,572220,2026-07-02T12:10:04.000Z,ce3f35752118ddae74a5028b660836d4
CASY,1q7o2HGXlJ2NkjcDDbvTecQjt2Oiek9RE,CASY-CASEYS GENERAL STORES INC-2020.pdf,5640261,2026-07-27T12:06:05.597Z,dc93ac84c515fa46b45abe991a331769
CASY,19mcoOGN1FnuRtJ-oMW4gZqHP2HgcdYJz,CASY-CASEYS GENERAL STORES INC-2021.pdf,5448757,2026-07-16T08:57:28.531Z,af9d908f8091727c37ab5be72e0e44cb
CASY,1SQd6CMujT3hlD4Rhjs31-aAtPh2wSG90,CASY-CASEYS GENERAL STORES INC-2022.pdf,5503608,2026-07-16T08:57:53.341Z,715311efc9abdd00885618385b664efa
CASY,16Quw-ezA7_Ponz9vhhvtM9YYgF3kSv_G,CASY-CASEYS GENERAL STORES INC-2023.pdf,6754355,2026-07-16T08:58:26.915Z,f7063f0a2001f135ea3bafc7f35e4099
CASY,1mlhHyp2UijsDHGE26HsUFggfuplIHsrt,CASY-CASEYS GENERAL STORES INC-2024.pdf,22797373,2026-07-16T08:59:50.111Z,aed313e7894f8cc367f09ef4b9fd2f27
COLM,1rs38XWMu398BgGK3yZBiZIZxeUbXDo9f,COLM-COLUMBIA SPORTSWEAR CO-2015.pdf,14693399,2026-07-24T10:58:50.483Z,db10ad2df48e706017bfd048f0cf05e2
COLM,1PRxy7oLrJlpL1v8WrhMcpYQOJwhqqpMV,COLM-COLUMBIA SPORTSWEAR CO-2018.pdf,11741894,2026-07-24T11:05:34.362Z,ddc3cba70b014e906728dd4b711fe27d
COLM,1b37r-eE1jbJD_EPoxO67E5IUDUI_cxOl,COLM-COLUMBIA SPORTSWEAR CO-2019.pdf,13125418,2026-07-24T11:06:56.297Z,2ab73a84ce8a4da341e2ce17ac415021
COLM,1w1BZyyh53yHKCPCie4wKSUYLTzTV0o3g,COLM-COLUMBIA SPORTSWEAR CO-2020.pdf,11294508,2026-07-24T11:05:07.760Z,ee7e7269d5ccbfba2b8397c48d01a3c2
COLM,15oz5YD-0e_UNbNxBIwcIciaBrLdWQKYF,COLM-COLUMBIA SPORTSWEAR CO-2021.pdf,41982349,2026-07-02T15:28:06.000Z,29db94b4b3bedf96ff5be45560ace9aa
COLM,1HlGYypyVzVYK5Ul6AB1aE_IKX87TnqtI,COLM-COLUMBIA SPORTSWEAR CO-2022.pdf,11788833,2026-07-02T15:28:27.000Z,ba3376a4c2f4ba098a00d7fd1cb29cff
COLM,1PHlPTOCuTT55Gqz_QuemfEIsSr2v_27d,COLM-COLUMBIA SPORTSWEAR CO-2023.pdf,21296496,2026-07-02T15:29:07.000Z,4e542f18f3fba588218ad59695f91e85
COLM,1UOj6R1HxHtUXSL9KpM_e0Rhd8SE9zji4,COLM-COLUMBIA SPORTSWEAR CO-2024.pdf,11569190,2026-07-02T15:29:27.000Z,2f8afd253a6d46362b72c855fbc28f99
COST,1rvh1rfLA-J4p0yLeB_k8okLCTzLkupU-,COST-COSTCO WHOLESALE CORP-2018.pdf,8097169,2026-07-24T11:09:04.979Z,f690c63fbf7792d6a4a369381ac9d919
COST,19BL86cmhbqECTlvqDCoMKQm-g7SIN3Ii,COST-COSTCO WHOLESALE CORP-2019.pdf,30251201,2026-07-24T11:05:54.212Z,d3318e8fdb2c4cdfd9a964b0059159cc
COST,11xsK3mcbu9MaFHwV6JB8kgJr4lAP22q0,COST-COSTCO WHOLESALE CORP-2020.pdf,186239129,2026-08-07T02:35:13.000Z,e96e19cc780d14c8967ba97e346b6c2d
COST,15hnqnKjVHMwNfBXgsSRn57_5_OwE5a2f,COST-COSTCO WHOLESALE CORP-2021.pdf,6622870,2026-07-27T12:33:03.209Z,e6a651d78fde7714796e914567a6fe36
COST,181VBVmpDv-J5fU_vL7tCjPq6Wsk6vtM0,COST-COSTCO WHOLESALE CORP-2022.pdf,63414164,2026-07-27T12:38:17.037Z,dd0de99f7f83ea1bea1311e3b4548551
COST,1wWttd7RMrz22h_T6KBmlThQsx7LRg9yJ,COST-COSTCO WHOLESALE CORP-2023.pdf,55177691,2026-07-27T12:36:02.495Z,8415d918d2edc87c6599d4e8336467a3
COST,1lmXE5n6KWVfuxNN8iln9FEDOH0ImuIxy,COST-COSTCO WHOLESALE CORP-2024.pdf,42405972,2026-07-27T12:36:26.034Z,c3ee2e0229b6855c4c42149a642d7b78
COST,1sY3gLuoPUie2W9m_6THgQU_FpKPF3kQ6,COST-COSTCO WHOLESALE CORP-2025.pdf,11576743,2026-07-27T12:37:53.481Z,419875ff21eb92608337c706376ff78b
CPNG,1Q-1z_ViaZylyGZyckbBz2JqQ42SXnkPD,CPNG-Coupang-2022.pdf,11853502,2026-07-02T10:11:34.000Z,cd4b03a89252e4c3bd0935f205daabe6
CPNG,1kYVh4-itAd5bDDenacjwGNBnXPVX5GMW,CPNG-Coupang-2023.pdf,5174918,2026-07-02T10:10:49.000Z,e49dea22a93a5d0be6112ab28e5238e1
CPNG,10rIijXniLt9Dir_ke-2THFBmXa19Ei6P,CPNG-Coupang-2024.pdf,6809003,2026-06-30T06:56:32.000Z,a61febcec1ea41cae452c7dcb9d3572e
CRI,1wgjJr9dnvcpCoUoKh1EYwjBXTevVAqfl,CRI-CARTER'S INC-2020.pdf,11029097,2026-08-05T17:57:49.027Z,9d2798b0642e586c7abac6e8901c4bc9
CRI,1ogyuP5P-KR0Isx-oxH1MbxxRCgRH8U01,CRI-CARTER'S INC-2021.pdf,58705844,2026-07-02T15:36:52.000Z,ac8c7fd9e3ce7747bcfbf74dd151c7d8
CRI,1Fuwd5CRrFl9gNe0OLM1sPNyA5AKptmMv,CRI-CARTER'S INC-2022.pdf,19180692,2026-07-02T15:37:08.000Z,5a8bf76468d680fb8902f47df99158bf
CRI,1pkk04rrvMhpfVX4aPK7-a-qHx9_DwPVC,CRI-CARTER'S INC-2023.pdf,35414744,2026-07-02T15:37:29.000Z,7d193adb87e4d243106518655139a155
CRI,15_yOeOIBoK0GliPCZENJh6Nqg5uWCEe9,CRI-CARTER'S INC-2024.pdf,23170458,2026-07-02T15:38:11.000Z,2f5c02e442d39c11934a95ada956d6f4
CRI,1oRst0uESYuSna9YK1ucSAStDM-_Wg-6E,CRI-CARTER'S INC-2025.pdf,11191388,2026-08-05T17:58:50.690Z,4e9d4991c39a9f0e8029a84709edd766
CRMT,17dil1KYaP0p6Uv2UQaH3NaOWm1VHUM1E,CRMT-AMERICA'S CAR-MART INC-2020.pdf,3809404,2026-07-27T12:57:27.764Z,9ba815aad2565fd77d60dde64450f702
CRMT,1zd_6liFcDIbFpL-RV-aRHJ1vd6kq1U8I,CRMT-AMERICA'S CAR-MART INC-2021.pdf,19242862,2026-07-27T12:57:43.675Z,af4d6bc8075604adb883764cf790b15e
CRMT,1g6sQxVsMJa9YhInLwEsxQSvLw3rbWNy7,CRMT-AMERICA'S CAR-MART INC-2022.pdf,8080374,2026-07-27T12:58:39.686Z,6f43c3b8fe7ebc77af30351e47c6502c
CRMT,1RCOmlmzcp29HOC-SdyqS5Lw12CLhfRpv,CRMT-AMERICA'S CAR-MART INC-2023.pdf,2786263,2026-07-27T12:56:19.704Z,028abf89b72345cdbf1b8f2c0d3e5fed
CROX,1IZGkOvVi3OOKVr7MgyaCkkZbo_l8Ti1G,CROX-CROCS INC-2021.pdf,37489948,2026-07-02T18:06:33.000Z,641eaf5edd5ba2fc484cf616210d5ae9
CROX,1vCVXUNhSDKYle7XOd6Q51KdboCZiDEyT,CROX-CROCS INC-2022.pdf,33050861,2026-07-02T18:07:11.000Z,c99447d8e3c5a113bc98e4206a586452
CROX,1_T6N7HMh5Y3coLXlESZf0Ffk-AqaHPdc,CROX-CROCS INC-2023.pdf,48495806,2026-07-02T18:07:54.000Z,b3091f1e2685471895825cd4c94728f3
CROX,1kzG4_rLc5wQv0Uw1U9TpdnyuEUPAW3vM,CROX-CROCS INC-2024.pdf,50701831,2026-07-02T18:10:14.000Z,da7c044427599b28256f3e1fd3785b74
CROX,1HhRNcSmEukDvl9UI8T16MjHPVtDEMiPi,CROX-CROCS INC-2025.pdf,82659833,2026-07-02T18:09:07.000Z,2dcee9642bc6199b8e6eff8f27797744
CURV,1qBT9C9p3Cx3dA8-SSKK6tqhCevo2aQjo,CURV-TORRID HOLDINGS-2021.pdf,43978379,2026-07-02T15:17:26.000Z,373708538f57cc0e62a5f2c6cfabb70f
CURV,1B1OHavcBlfE0iX0ULp2EzH3DTbudXTbX,CURV-TORRID HOLDINGS-2022.pdf,24915256,2026-07-02T15:17:06.000Z,dbb20ccdc416e316060deced9d215137
CURV,1KHpJo4jAuX5XRwNc-EQLYQGyOeMSpJxk,CURV-TORRID HOLDINGS-2023.pdf,6739205,2026-07-02T15:16:48.000Z,14ddd3912680a027905c6702d3ffcded
CVS,1STwsdfO8Dc0450AtyEPrDlQQYTOZ8Eh0,CVS-CVS HEALTH CORP-2015.pdf,13041211,2026-07-24T10:58:33.398Z,6438883da40632fe9b635a850b28c4f6
CVS,1NKhnqOVMigB_nakokLcuV6OQbg2r_7kY,CVS-CVS HEALTH CORP-2016.pdf,13134803,2026-07-24T11:06:03.057Z,a9d45a64a258f4e580315a2bf96fdea1
CVS,1O-pa4rkbZAsGY48_OFrRGYZ78jQs39MI,CVS-CVS HEALTH CORP-2017.pdf,21985121,2026-07-24T11:05:41.029Z,23ae14b1ab6e4e4bd4d282aeb9a01352
CVS,1OGnMCFcTaZuEXjwBpB-6pMcj9UdV3ZkU,CVS-CVS HEALTH CORP-2018.pdf,7668030,2026-07-24T11:06:54.740Z,937ce1e745af00d9148b7e24604cc69f
CVS,1bevpGk0PdvwCXpud8EVrga2QY8j34pBp,CVS-CVS HEALTH CORP-2019.pdf,48745349,2026-07-25T05:50:50.980Z,d9fcdf130e18a1bec77e02817f69312e
CVS,1bi7sexToP7fom0GiGNIqKaNTQlAYXmWF,CVS-CVS HEALTH CORP-2020.pdf,57371862,2026-07-25T05:51:19.124Z,5b91a79f648f71cc952c055e8b55f7a9
CVS,1pcB3yRDPzcmazL1cRQRhpIzzFu1Dv7zL,CVS-CVS HEALTH CORP-2021.pdf,14831633,2026-07-07T10:49:39.000Z,5eb4b1891da4dd2b9479db16a84e38dd
CVS,17ePQ0rZT_Mk5NtB87O5hGA2kyljv4h5-,CVS-CVS HEALTH CORP-2022.pdf,14819147,2026-07-07T10:50:39.000Z,601cfab319d9110189bd3fb6db7fa1fb
CVS,1P1SuH8viOMqlQg32XKlOlHnbu_ayGxym,CVS-CVS HEALTH CORP-2023.pdf,21249620,2026-07-07T10:50:55.000Z,6c740067d18d9b3fc07f58e9d8830ed2
CVS,1XUUI5aN8xzNekN2C6r6yQd1y_oX-ITTk,CVS-CVS HEALTH CORP-2024.pdf,6049392,2026-07-25T05:22:00.632Z,de2ffc201e2277dd76d9deac6e8c5b0a
CVS,182g7QCQzWGCkN1xOIpBUb6-QaDv6QrSc,CVS-CVS HEALTH CORP-2025.pdf,3665668,2026-07-07T10:58:12.000Z,3ae385287d7127a3f95b6038840df083
DECK,1gwZo0AdKMRXHvy8jv8G78Fc7AAXVoc9A,DECK-DECKERS OUTDOOR CORP-2015.pdf,3608091,2026-07-27T14:27:55.843Z,5ec19f0186e6c263d5312dbb21dc72be
DECK,1mH7DqY2g0SN8gtKeYianboCq4-mdHR98,DECK-DECKERS OUTDOOR CORP-2016.pdf,2144640,2026-07-27T14:28:25.625Z,aae2eaeab2d400fadf45c8eb866f1d0c
DECK,1jP6NBzgXBYjytXd3FHeijf0gFRqwmt6b,DECK-DECKERS OUTDOOR CORP-2017.pdf,3328697,2026-07-27T14:28:39.911Z,c65e2c665b5292a4aef5cfed30d0ad96
DECK,1p4YzlwA89HoEWy06Dph01T9DDSAKZqti,DECK-DECKERS OUTDOOR CORP-2018.pdf,5306053,2026-07-27T14:28:16.343Z,cab98afd4fc8a4e7c63a1815ad17a6ed
DECK,1vPm7py1UmS_SywewIUmJJIstKzWSJQaY,DECK-DECKERS OUTDOOR CORP-2019.pdf,6725198,2026-07-27T14:28:07.835Z,def615e573f01fb01282830365d400cf
DECK,17g_Rr6XL8H9B28x387L-aS3_LgAwnKxk,DECK-DECKERS OUTDOOR CORP-2020.pdf,21507902,2026-07-27T14:23:02.166Z,e7fda031bd4c3951d1d334d53787056b
DECK,1CFcaUNYOg2ro0uo98NE9VL8cOE1rl3Gc,DECK-DECKERS OUTDOOR CORP-2021.pdf,25068362,2026-07-27T14:26:38.446Z,2b67bed79ba5781fc7e28f1989d316a1
DECK,1a8QJRH2f5qVuIBIYX6LXF3BrI4491APy,DECK-DECKERS OUTDOOR CORP-2022.pdf,34287508,2026-07-27T14:26:51.113Z,b94c4b9fdeddefa3309b445e9a91db6d
DECK,1f_HYcjFJdODgN6505S6rbVHE24HBlG51,DECK-DECKERS OUTDOOR CORP-2023.pdf,34646579,2026-07-27T14:27:07.402Z,f6ce995e31cb658d78a01273378ab297
DECK,1eatVTkiT-09y1Nn1Va2BpvSxnFvKmrRX,DECK-DECKERS OUTDOOR CORP-2024.pdf,31929845,2026-07-27T14:27:19.484Z,bfe8ece669072ceefa5e44724ad1560a
DELL,16Z4mcbqW8izp7Tqx3D_89d-t5SaWR3_u,DELL-DELL TECHNOLOGIES INC-2016.pdf,20278869,2026-07-24T11:09:03.280Z,3a2435d7c7f21218b16366d89b48ba55
DELL,1eUQ_3i9k0X23PvFsBmFHJeFbMT4BOUsa,DELL-DELL TECHNOLOGIES INC-2017.pdf,48441776,2026-07-27T14:31:35.264Z,78d51dce21e455364fb2588cc78ddc33
DELL,1TIGTv5oUXZKNbghvzz-deyYNhh3iuQc2,DELL-DELL TECHNOLOGIES INC-2018.pdf,3847942,2026-07-24T10:58:15.724Z,c044bf59e705e8bffc6f2bc2036973be
DELL,1IIAzmBMeedq1AYJMeVze8D8njUKephQh,DELL-DELL TECHNOLOGIES INC-2019.pdf,5068588,2026-07-27T14:32:02.118Z,2e61ebd41c3657e5e2af068b8cc3ca1b
DELL,1YzF8agkowryZCmH_VukNcZZNWWVa6B9n,DELL-DELL TECHNOLOGIES INC-2020.pdf,8269266,2026-07-27T14:35:05.982Z,8dbda4134e5c287e2f8d5699ca2bf6b7
DELL,16cfIZzIlrOmWoXlE3Za1pIcOvQGAaRaO,DELL-DELL TECHNOLOGIES INC-2021.pdf,78068859,2026-07-27T14:36:07.223Z,ed4979bd99b36e9be064433402607ccd
DELL,1fRJusrshDlkf2PkOCMXtL0ZOtwQskMBf,DELL-DELL TECHNOLOGIES INC-2022.pdf,34358050,2026-07-27T14:36:40.956Z,83b3cf899f9b88b1d4b82530bcf77a75
DELL,1qGyCX2ktZTOB_vdFCxCNJqSpj6lx_r4v,DELL-DELL TECHNOLOGIES INC-2023.pdf,81027148,2026-07-27T14:39:21.082Z,026ccde2cdd5374f3048a1ca073d8b21
DELL,1WSP7EVBFvNkyU1uVqLSqgO66N2TTr4sr,DELL-DELL TECHNOLOGIES INC-2024.pdf,12049968,2026-07-27T14:39:53.376Z,c0461379c802d3c6e43cde5e730ffbcd
DELL,1bPxgYcc-S1caROoprjcLEvSc6Y46oJ_D,DELL-DELL TECHNOLOGIES INC-2025.pdf,879294,2026-07-27T14:41:00.109Z,56f124e247c3e4a7a93dc1f7a3c10520
DG,1SpX8LRObL-bTR0Vxn0RVIpT1Ikd52UHr,DG-DOLLAR GENERAL CORP-2019.pdf,4588099,2026-07-24T11:07:06.970Z,1f129c82a507e3dae9b466967c6cea17
DG,13kBiylY01c6PMha1Ip00p77Dsq0QpLEY,DG-DOLLAR GENERAL CORP-2020.pdf,7542942,2026-07-24T11:08:44.602Z,35c2f5ed37a98c041ebd43717036fece
DG,1OVCo_rtRYlz8_YaWfZozZCCICm0I3gbR,DG-DOLLAR GENERAL CORP-2022.pdf,5346855,2026-07-07T10:27:55.000Z,67bbc02b47f288ef26d6d2f272bd1322
DG,1twAWLLcPPZ4qLqLk3brpZrxt2AeqcJdo,DG-DOLLAR GENERAL CORP-2023.pdf,50172145,2026-07-07T10:29:02.000Z,5b2d90827def38f7a05f5d2b372de873
DG,13dmKkVEx16pJmCFXf_Eoo-jMvmpznzAB,DG-DOLLAR GENERAL CORP-2024.pdf,9210611,2026-07-07T10:28:13.000Z,638e499e255da0beac59adfdbe21255d
DG,18KkYS5iK7YoCxP0yViWegfKfM4pNkDnt,DG-DOLLAR GENERAL CORP-2025.pdf,10953701,2026-07-07T10:29:26.000Z,07b529f41534653fad1ed3410f120457
DKS,1OeQIdiAE8KPibEFyaAxXjp5fUQCfThhd,DKS-DICKS SPORTING GOODS INC-2018.pdf,7768319,2026-07-28T11:59:21.257Z,b9f3b1ed92d4c6a47040c9a5c8d8c78b
DKS,1P8CkI2wVATFCj16vVOxa0Izx7Jd5QC3T,DKS-DICKS SPORTING GOODS INC-2019.pdf,31037903,2026-07-24T11:05:02.429Z,e19b58aadcacf8da8f7cbaeff58f305c
DKS,1EXWgqCwR64tPfWJbpP0OZGo1uNGlQv6m,DKS-DICKS SPORTING GOODS INC-2020.pdf,22346317,2026-07-24T10:57:41.914Z,931b3e5efd3b4f88103b1f7aa309dc91
DKS,1RbYz98D4gbkpT1BlIlgboe0-907pNY0r,DKS-DICKS SPORTING GOODS INC-2021.pdf,16581286,2026-07-10T12:58:23.710Z,6f0a6d9dce7fd2694e57135133e38a8b
DKS,1QJI4P4wlKaPbEvP6wVFCrhbDO6HHxZN-,DKS-DICKS SPORTING GOODS INC-2022.pdf,16289226,2026-07-08T11:26:21.000Z,47706efaaee4c80ec00bb459bf9533a0
DLTR,1u9ii5ygoRUG1fXuGbPQ_Mqd_bzK2kYDz,DLTR-DOLLAR TREE INC-2015.pdf,696689,2026-07-27T14:57:40.270Z,83f31130e154c01435dfc3fc168f37cc
DLTR,1jFdYwHyFEI3BYVjmlJlX8ZcVhWHZh1Tr,DLTR-DOLLAR TREE INC-2017.pdf,560906,2026-07-27T14:59:37.414Z,f6c993823c0ab2025bcaa8c5d2c29dfb
DLTR,1hqPqbT13nxw_LZ9ID9UV7MAHSDbJXbHS,DLTR-DOLLAR TREE INC-2020.pdf,6561260,2026-07-16T07:52:27.318Z,14da06094560ba8e09ad0a323662ee91
DLTR,10CoW5aH7X2Xb9CETCJVy2OHt2p4A9vKv,DLTR-DOLLAR TREE INC-2021.pdf,2405035,2026-07-16T07:54:56.342Z,2da1ed1b11d5089ce5a9e6ef30ef3a42
DLTR,1Pswn-yISMYHJ9d35yoMfHYQ9jKYXRaas,DLTR-DOLLAR TREE INC-2022.pdf,3739702,2026-07-16T07:57:29.225Z,c77457a16424ab77616e7445332b6527
DLTR,1wJdtVMfgbrrWNEIzArVnaMxQCDsWJObR,DLTR-DOLLAR TREE INC-2023.pdf,3814204,2026-07-16T07:59:11.747Z,55fbcb5553c784c79b41aa9fcec2115b
DLTR,1c61V9AV_Uih5jkEhl23Q2fOVBF0k4WD7,DLTR-DOLLAR TREE INC-2024.pdf,9788156,2026-07-16T08:01:19.465Z,75b096cce421f701212bcb58e95e45f3
DXLG,1Cwwh8jaYamOQL-gbB6e_1Yd8UzVL648e,DXLG-DESTINATION XL GROUP INC-2022.pdf,544032,2026-07-14T06:25:00.000Z,9bc6eae6ba7733d24f11af9aa3e7554a
DXLG,1SpV-jXVEWoGKmUf3AFmgHnFuRt3jHoph,DXLG-DESTINATION XL GROUP INC-2024.pdf,726014,2026-07-28T07:25:19.737Z,11b5b66b1117767b9524226811560112
EBAY,111LM4m3j-2UYPeWTQMabRdGtnc9uH6-W,EBAY-EBAY INC-2016.pdf,2718405,2026-07-24T11:06:29.438Z,0f1e610421ed7ddf68dc22c86b3b3fc4
EBAY,1E-Hla5nGbQJ98MxzpJC4zt5Y3FDXh17t,EBAY-EBAY INC-2017.pdf,8850114,2026-07-24T10:58:31.672Z,1a150478513cf75c23bfa5ad3f257135
EBAY,1Nuf8dqmTNqBDNI4fB55x52dHK_thsi3Y,EBAY-EBAY INC-2018.pdf,2361003,2026-07-24T11:06:44.511Z,9e9a1b6e1f2435f25b9dfae63b5d90b2
EBAY,1az_Gm_oRPfHfNNQz3u7op9_AoSzC8THp,EBAY-EBAY INC-2019.pdf,16140531,2026-07-24T11:05:37.640Z,7544540ff9697065c953a00bd4e31695
EBAY,1ns9bOymkihk-725fDbMSz-6X6JNLb6KR,EBAY-EBAY INC-2020.pdf,13084784,2026-07-24T10:56:47.321Z,fca02435c15ea02e30a385ca3a17a6cf
EBAY,1Yvh15G3zXX3OYOrkN8hn5UeKTMXa0kPI,EBAY-EBAY INC-2021.pdf,13082098,2026-07-27T15:09:00.568Z,e0e6f6b1b88e85353f024fd40e970af3
EBAY,1WNDNBroSEIFUsfDmOxdPT83GC3Q3fj6l,EBAY-EBAY INC-2022.pdf,494993,2026-07-27T15:09:16.883Z,a3a840c601e184388aae073689435661
EBAY,1xjeDjJrK94IQDXVcRKPvXD9X1C1_2ScS,EBAY-EBAY INC-2023.pdf,4343653,2026-07-27T15:09:32.596Z,a31ef7dd83bd9d236b24a61c9e7c3249
EBAY,1_bkqwEpkZQNDHoZd8lH-CN4YNoB1DnVH,EBAY-EBAY INC-2024.pdf,9084199,2026-07-27T15:09:50.979Z,ce35364c5a5025da305cf3fe6129d5af
EBAY,1rBWPZzIBKYcyI7uZyKJc27LOTrCIeGTE,EBAY-EBAY INC-2025.pdf,55372114,2026-07-27T15:10:07.234Z,af465046628835fb40ad615338092d56
ETSY,1Vkyxd8EwET1VFm1gpX_bo_nJFkmSKU2c,ETSY-ETSY INC-2016.pdf,291581,2026-07-24T11:05:23.009Z,ecb562448ae2e54c329da6dd4fd95cf7
ETSY,1KCknnbKo_Vtw39QapcQLdg6VSzaIm_ae,ETSY-ETSY INC-2017.pdf,7830703,2026-07-24T11:07:15.883Z,2ea51fbbaa69d341e40830d274d9ae17
ETSY,1q6bTM7YZeiusTRiOILi-5IJkaoMH9Owe,ETSY-ETSY INC-2018.pdf,13214238,2026-07-24T10:58:44.325Z,87b8f7e796924e79d6b63b368cd85e28
ETSY,1Aemw18XrXUMy1_o7Kprs0cc5JBghuYKe,ETSY-ETSY INC-2021.pdf,372346,2026-07-28T07:16:19.686Z,9d6e43054864351d67796bef7fcdf700
ETSY,15nlrCz5FbnnxlfmY1nmy_1sNSnExyaAs,ETSY-ETSY INC-2022.pdf,356509,2026-07-28T07:16:36.948Z,6725694f5f1745948bf81797be96c3fd
ETSY,14xn21QvUZXK3D9MjxwXY9aeMad8Rh3h8,ETSY-ETSY INC-2023.pdf,1938563,2026-07-28T07:16:59.414Z,3cdef53823b360723cf0ef2a94ac44a3
ETSY,1Ijwbl1pLDvGZGP1j_K7W9JlujvM_1Z30,ETSY-ETSY INC-2024.pdf,11289687,2026-07-28T07:17:17.851Z,62cfaaa67284b2e3dd89d12e8084c77e
EYE,1JHT8W5_6Uhm81yEZeMYSUXRAUlEllS34,EYE-NATIONAL VISION HOLDINGS INC-2020.pdf,5973208,2026-07-24T10:57:22.188Z,f27bc9ed2a900722a9a7131194a72fac
EYE,10xjXt3z0gT3fljRmVK7_LIoYswnnH8LZ,EYE-NATIONAL VISION HOLDINGS INC-2021.pdf,4741584,2026-07-08T11:15:10.000Z,98bfac08e08e780e0ffd90fe54196ef5
EYE,1OssKyAXBk8WJKZHDRj_IPaWiAmSQc8dn,EYE-NATIONAL VISION HOLDINGS INC-2022.pdf,12397567,2026-07-08T11:14:55.000Z,df6dbb44739a95b59317edbc09facb06
EYE,1WfwEI_Ly8TZR8kCloD3qCl_YGK3k--Yi,EYE-NATIONAL VISION HOLDINGS INC-2023.pdf,19402067,2026-07-08T11:14:40.000Z,4bd19796ea01079ae0d27397793b422e
EYE,1ALhVBzWbOoQPnvrfUU-DoT3Up3zUXFA8,EYE-NATIONAL VISION HOLDINGS INC-2024.pdf,17546224,2026-07-08T11:14:03.000Z,5ff99b4c968e900a927698e99b7968f0
FIGS,1I4sfboDUhxYjurRI_vxK42eTbQzJgox9,FIGS-FIGS INC-2021.pdf,2413898,2026-07-02T15:15:44.000Z,d607b2f3fa99a90ebeaa62a08e8d6d16
FIGS,1aFL90jlGB5927w7H5qfz7HyxYxPzfBDU,FIGS-FIGS INC-2022.pdf,6455041,2026-07-02T15:16:43.000Z,03a9909ad9e6a6f06324acdb34307932
FIGS,1S5-eU7PRdoppuIR0Tmgw8k98ZTz-ftTn,FIGS-FIGS INC-2023.pdf,34382821,2026-07-02T15:17:02.000Z,99316edb259772e179f4f26bb29a9a9d
FIGS,1g6j3NvR6Ja-ULwzTIFzAV3PN1DsVX5QX,FIGS-FIGS INC-2024.pdf,33505523,2026-07-02T15:17:27.000Z,5023d17e88e5dc708624d3be498c6945
FIGS,19HMmp8T0xnnLXjBwT6lcvXLalhULh6-G,FIGS-FIGS INC-2025.pdf,4816645,2026-07-02T15:15:04.000Z,42b902b35763769ff62e947c11195f6d
FIVE,1gGzbYWeOw_7zych7bu2JUZIackkaI3xg,FIVE-FIVE BELOW INC-2020.pdf,1525373,2026-07-16T06:41:03.009Z,cce9ba62321c12589888b7c344d4619f
FIVE,1bD-8RO9C9RvWt73-h8X6oosnOC6RsOdG,FIVE-FIVE BELOW INC-2021.pdf,1579342,2026-07-16T06:33:50.368Z,4899692ccc5670f9fab1598c6749af1a
FIVE,1NfIMI6XrIzS0IuQF4t4xmqSqonYE9mPc,FIVE-FIVE BELOW INC-2022.pdf,2603281,2026-07-16T06:32:34.957Z,a1c70d545744417a108fb6f4813b5367
FIVE,1YE5BF8cOfwJCM1kazzehxcjewUCDv1J5,FIVE-FIVE BELOW INC-2023.pdf,3454627,2026-07-16T06:30:27.433Z,50c9949937414d1b05829a432b554cd5
FIVE,1sLWlPnwDVl8yOfUuRxcQ_oAre0NJ002S,FIVE-FIVE BELOW INC-2024.pdf,3179525,2026-07-16T06:28:55.915Z,65058de45f6306e2242323a8309ddff2
FIVE,1eZcoAh7gbEWCCx8ujM2qFgiaqdzP2gqz,FIVE-FIVE BELOW INC-2025.pdf,2720855,2026-07-16T06:25:41.142Z,9c857aadb5c79928f1258057a27ae816
FL,1vkEx6UCcpQDFWd967oXw7Mp2Jk1pFUUy,FL-FOOT LOCKER INC-2021.pdf,113839622,2026-07-02T12:21:33.000Z,fb01363cd3410479c4344bfa88531978
FL,1S7Ob1EZxqPSU5Ix3kYnMoEtjO4a7TsB5,FL-FOOT LOCKER INC-2022.pdf,14064023,2026-07-02T12:22:00.000Z,86cbfd9d1ea18cd206f693da90821d1e
FL,1LM_oy5CgYLdbxTMPi5hHtAwq96USvBIZ,FL-FOOT LOCKER INC-2023.pdf,6097805,2026-07-02T12:22:23.000Z,ddb7ff42f97a5f71fdf120ef6ba3baf9
FLXS,1a_aY7lngiBpd1LUpmbRn3LTizNN5ekgA,FLXS-FLEXSTEEL INDUSTRIES INC-2022.pdf,7993989,2026-07-08T09:17:11.000Z,7372f4727c1f7865fefbe2cfb3a95803
FLXS,1zb20ClrzQfieDUvS5-DVjFcw-IdVBuR7,FLXS-FLEXSTEEL INDUSTRIES INC-2024.pdf,6302053,2026-07-08T09:17:47.000Z,dc9994aaa3dfc5a07755632f7103c37f
FND,145XShWc0KR-BCbwWNIEoSEjI8EWz-kFU,FND-FLOOR & DECOR HLDGS-2022.pdf,724393,2026-07-16T11:12:08.145Z,f5802896acc553d837f1ee4f8eb265dd
FND,1Kru2rP8SpL9L6FV-EMckBGd6dCO0-kA6,FND-FLOOR & DECOR HLDGS-2023.pdf,654690,2026-07-16T11:13:38.541Z,eb07b898a395a6a4a846c0105af85821
FOSL,1rF8j0s-jUI0jDH9kaOqzI5S5LTsNrCQt,FOSL-FOSSIL GROUP INC-2021.pdf,19364971,2026-07-02T17:06:34.000Z,dfe652eae65c877c4652d1b51f0cb635
FOSL,1wxEFkY9jcvfNYECV4A20FKjdRlwcpkgf,FOSL-FOSSIL GROUP INC-2022.pdf,15451970,2026-07-02T17:06:56.000Z,31c472d06deb5ec33a96bd9085f3f3ed
FOSL,1o3L7L-8MUyhCwWy3yyaYNWPS9aBmTzWg,FOSL-FOSSIL GROUP INC-2023.pdf,16929519,2026-07-02T17:07:41.000Z,069c26ab8c18e3c2270ac669c1afd42d
FOSL,1KpUZmZdcd0peArtUx9vh3IW8JXx2RCCf,FOSL-FOSSIL GROUP INC-2024.pdf,15289428,2026-07-02T17:08:25.000Z,a5c6566a09645bb7f247ffd8c6a05274
GAP,1HDk6Vv6H6Tg9tDDFs7F0nHxbPuH-56N3,GAP-GAP INC-2015-2016.pdf,4609980,2026-07-24T10:56:36.842Z,94947382396b52baeedcd983c816b544
GAP,18qI3sHiQGJb9rD_A64LXqkelMR2ZLmsv,GAP-GAP INC-2017.pdf,9672437,2026-07-24T10:57:30.972Z,d954d340f4e7b56b2425c86d7e8b87c1
GAP,19swt5iJ5n9XemLtGs8KmXZJSCrQ-yDuY,GAP-GAP INC-2018.pdf,6624846,2026-07-24T11:07:30.155Z,6cf5d322fdf6ea72bf2b108da1247e8b
GAP,1AmysKOQYf9veovyY5CuQbPP4EZKva6DH,GAP-GAP INC-2019.pdf,7131980,2026-07-24T11:07:19.317Z,e881afb4d0915537b5b9b556affd4c7b
GAP,1Xi9SehUf8CQvbW2ABzv4UQaqwyg2rwA-,GAP-GAP INC-2020.pdf,7321249,2026-07-24T11:08:34.701Z,7ece7a438ca7f07ca6ee6435c5ffe02c
GAP,1jge30OYPvSEgnW8zsjcqsbPbjjwoEtqg,GAP-GAP INC-2021.pdf,9361510,2026-08-05T18:00:37.085Z,b8d90079dc0e09780fc02be25592941e
GAP,1_GkealyExIktiwSqvH6_X9SXM9cW8d-4,GAP-GAP INC-2022.pdf,16488173,2026-08-05T18:00:47.105Z,1316aa6f9942d61ce5f8c1b72047f37c
GAP,14bB44FGMVkqL1zV9pPCbCQGp2r-JV6sI,GAP-GAP INC-2023.pdf,7259056,2026-08-05T18:00:58.709Z,b88b0c09dce4b7ac1902cc38f2627bdb
GAP,1vS6kSLpPaHEWke2tVwpZRxr3Vft4w_nU,GAP-GAP INC-2024.pdf,17569956,2026-08-05T18:01:41.168Z,f7a908b5a0ef5606f9cfc7ab9b0fc989
GAP,13mva9jPxJxerVZ-KAI13zubcK0TDu4jw,GAP-GAP INC-2025.pdf,120503222,2026-08-05T18:02:10.385Z,a814db824dd3c2cc7434328291649ce2
GCO,1w07DZtyJ9xC3LKDCaYHl1Cgb9NTm1b0m,GCO-GENESCO INC-2021.pdf,17674385,2026-07-16T15:00:23.917Z,e3234789801bf9e49514b6efe1bc4683
GCO,1wHHtyAcRokoezd1pfA5a_2a8nf0Gk2FA,GCO-GENESCO INC-2024.pdf,2194751,2026-07-16T14:55:40.918Z,f02498a147ddbb01d4ca449206980f38
GES,1A7C_6_VxALUw3HGrAW3WD0WyUoTDG4Ls,GES-GUESS INC-2016-2017.pdf,7801039,2026-07-24T10:57:03.915Z,37d28c2b8c88c5c6cd9a857e4e18e145
GES,1rCb38w_vee4n1oWCTO40Ksl5D8llV3ii,GES-GUESS INC-2018-2019.pdf,67336510,2026-07-24T11:07:48.429Z,64fb1e24aff4fac958ab77b20750f7df
GES,1gQ8PoWB8tZz_yp-fTuex6GtIeORYa6X0,GES-GUESS INC-2020-2021.pdf,18601652,2026-07-24T11:08:03.648Z,e1b6f9dd4b6d3bd750690c24920fa703
GES,10tvqjtbTmfITvaJ8gf9tRtO6iZNnbcCO,GES-GUESS INC-2022-2023.pdf,10557620,2026-08-05T18:02:25.413Z,79ac7ecc699af03a7891375598042cd3
GES,1uK82o5OkU1AYXEiAY31D14Dg6X2XIPT1,GES-GUESS INC-2024.pdf,1407383,2026-08-05T18:02:34.570Z,dd48c305f018171941c4b6b71afe7e04
GES,1zRBWzxOS6KFRbXqPZVKUD0jrdr76muj3,GES-GUESS INC-2025.pdf,15929963,2026-08-05T18:02:42.749Z,3a00aa69fdbc3829dfca126001596adc
GIII,1JI2A4r8Hii7hpmfMYCrskkEWIDspqUHR,GIII-G-III APPAREL GROUP LTD-2023.pdf,1515592,2026-08-05T17:53:31.210Z,aaaca723605db735dc3d4204bae954c2
GIII,1dLUubUXlj3tk66twSPCJWLnyEonACXp8,GIII-G-III APPAREL GROUP LTD-2024.pdf,4822941,2026-08-05T17:53:45.605Z,17095d4b0e4ec42b80592b18e2a01a05
GIII,1NwiHAlW42rmx56VBGDs0mcdlLFXyfOSg,GIII-G-III APPAREL GROUP LTD-2025.pdf,13342015,2026-08-05T17:53:37.952Z,efa2d3fae811a633fdc39e5782dc6946
GO,1sjZO6005wmTh5nKxTe_CyVHKJEBXyj0H,GO-GROCERY OUTLET HLDNG CORP-2022.pdf,15074513,2026-07-07T09:48:39.000Z,3aed26a67135c9ed38f21c9e2dfc6897
GO,1mC-fu1b7bNV6CWgNHYiORJTE1jLjMTFe,GO-GROCERY OUTLET HLDNG CORP-2023.pdf,25468087,2026-07-07T09:48:22.000Z,48d13449bc9806d2ad651a32776f31bb
GO,1LvWv_FGg6tJA4OKptfOf8efYEoqKcmtE,GO-GROCERY OUTLET HLDNG CORP-2024.pdf,12646148,2026-07-07T09:45:59.000Z,1f34d36ff629dd129b12d2d0dd16b119
GPI,1WUTQq53rLeC4uexM_pNA9wau8f_RM42M,GPI-GROUP 1 AUTOMOTIVE INC-2021.pdf,13450008,2026-07-06T11:34:24.000Z,46286b0bf617285a37c06563e57c1acc
GPI,1g9bIQFUo2-xuGDDnpLN4qakKq8NG3AcP,GPI-GROUP 1 AUTOMOTIVE INC-2022.pdf,23156121,2026-07-06T11:34:39.000Z,ad99ac625af2bf0c63d237008cdbe953
GPI,1LDSzwlicDTK232pXls2RMIYwiGYo9j0J,GPI-GROUP 1 AUTOMOTIVE INC-2023.pdf,12532134,2026-07-06T11:35:12.000Z,65c4b030769079cc4ad6286bf9ad4bfd
GPI,1c3yDtRvpj9ENenT-OA2KH5jdYuvIRZNs,GPI-GROUP 1 AUTOMOTIVE INC-2024.pdf,10322495,2026-07-06T11:36:32.000Z,ac050f4aacf8b25d654595341fc3d11e
GPRO,1iD36di8e0NEm-_qGeY8b7ftFpwyVjukb,GPRO-GOPRO INC-2022.pdf,10849559,2026-07-07T12:07:47.000Z,5c5cd6f55c4161e3828dec6969db3999
GPRO,1c0hYQuiZWYS46d_7ZMPAPKJYRjmd1Nwr,GPRO-GOPRO INC-2023.pdf,47139927,2026-07-07T12:08:35.000Z,29e0cf50a47de49fdb9639f33cf52835
GPRO,13I8h-bpRZ_z-i7gMrfnB6-G9lXbmxrfp,GPRO-GOPRO INC-2024.pdf,34241061,2026-07-07T12:09:09.000Z,bd7587615824d8b6ecf3ad34bf5062bf
GROV,1eQpV3BUvqcIDwzxvdx8eSRV8g88EidIx,GROV-GROVE COLLABORATIVE HLDG INC-2019.pdf,5377310,2026-07-24T11:05:59.807Z,aca495315cfa1bab56ce1019bb8a209b
GROV,1P2Nau6DszpVTV6oGh792U7Dx3jk4ukK5,GROV-GROVE COLLABORATIVE HLDG INC-2020.pdf,10991497,2026-07-24T11:08:49.849Z,1230827a0c55e649892797d9fe15cea3
GROV,1XE9YpHUY99_PCbxIym1M51PGXQ-JaKX5,GROV-GROVE COLLABORATIVE HLDG INC-2021.pdf,3376496,2026-07-08T10:49:32.000Z,ac9523ca1a7eba549e51c5f1d8ad0d95
GROV,1SQY6OC52_aOuIxyBChY-DjXELmgsj9CQ,GROV-GROVE COLLABORATIVE HLDG INC-2022.pdf,5152752,2026-07-08T10:49:55.000Z,a2644f6efb6322909b44f5836792eee5
GROV,1m0NFkIjyJHmzo2PamnsW3AOzlobetCLp,GROV-GROVE COLLABORATIVE HLDG INC-2023.pdf,3301535,2026-07-08T10:50:18.000Z,76d09e6956bed79c9caa8b4a4450aebe
GROV,1q360sWRxdEsmOhu-rn41mSc3tlpgYM6i,GROV-GROVE COLLABORATIVE HLDG INC-2024.pdf,3864101,2026-07-08T10:50:45.000Z,a8f67dcbc08045c6e2bdbc472e15c5ca
GROV,1B_RI235-GpqogG8h8kZpJiDMnk-J0u1t,GROV-GROVE COLLABORATIVE HLDG INC-2025.pdf,7373804,2026-07-08T10:51:11.000Z,928cb28bf7cd8b5b8f144ee880ce8848
GRPN,1opLkKzvTkL1m570hORf-pew2CgtDt3F_,GRPN-Groupon Inc-2021.pdf,13060996,2026-06-30T07:23:54.000Z,00d77f38f55ca1a42936029f2aec9d2a
HD,1g-WaHXuxP9ylu1GMTmkE5XMH3cbmCO37,HD-HOME DEPOT INC-2015.pdf,13673662,2026-07-24T11:08:31.286Z,64a6d9e020fa0bde6e55bbc295220f2f
HD,1-9neRPCyz2q5wBngYZC1tEKsPk-OauZr,HD-HOME DEPOT INC-2016.pdf,24613176,2026-07-24T10:58:28.034Z,93ae90110e8800022347bdec229596e1
HD,1NrvvwYQCDinitIbgqPwW72Y-as0GlZ9J,HD-HOME DEPOT INC-2017.pdf,7144980,2026-07-24T11:08:43.091Z,e93e7e0c8f2a72adc297f4d7828c6e2e
HD,1IGsqoVG8wKDp5B1xky8_M9hSqr8gEfdb,HD-HOME DEPOT INC-2018.pdf,12922576,2026-07-24T10:57:06.165Z,c27c22670c01a5785ac787e68c214b68
HD,1vvl7yLgBkLoeYjB7492Ly1J3Z9Ajs6e2,HD-HOME DEPOT INC-2019.pdf,31231964,2026-07-24T11:07:01.331Z,b8675e7f412fb2593a8e25d8608062fa
HD,1zZ0pvm6WeHIGLHcZcdAUNCnFjHchhRqw,HD-HOME DEPOT INC-2020.pdf,26759817,2026-07-16T10:35:08.351Z,4836d946741eca27f5c97428231ce260
HD,1JTQeNhBV2vDSpzCq-a7OzNSclCBfa29w,HD-HOME DEPOT INC-2021.pdf,14771760,2026-07-16T10:37:30.098Z,e41b4860dc9f11da84d9e6978eaef276
HD,1wWcwxS7IDWVB9MOzVBEp_b-VaaO5z36B,HD-HOME DEPOT INC-2022.pdf,52886418,2026-07-16T10:37:52.936Z,048c4cb207c5acce316af622417fa08e
HD,1mkUCDyD7oE-NYUvZ-yFRY2WJEqESgqbx,HD-HOME DEPOT INC-2023.pdf,36803885,2026-07-16T10:38:13.326Z,12f61d1f2accb4c7e9bef005cf64c777
HD,1Bj2ZXgDHcyd7Vq5SJghTDS6zD-kCvXf7,HD-HOME DEPOT INC-2024.pdf,11744930,2026-07-16T10:48:55.137Z,caf4a3c21b54fb52f31d4f391f97bb59
HOFT,1aACm3ad5Egs3hMOY1-0aWll3bjBXkk5e,HOFT-HOOKER FURNISHINGS CORP-2021.pdf,6920294,2026-07-14T02:25:45.000Z,b368cf5bd3e42a6631fc7fe39f0b4553
HOFT,1iS9NXxEnHlh1gvvKcmW5bXEgCrdvMyQ5,HOFT-HOOKER FURNISHINGS CORP-2022.pdf,38053798,2026-07-14T02:32:04.000Z,935a83718aff2f810b7f24624652c332
HOFT,1NMTPRygSiwxknuCCyuAvIwbWTfH6HXn4,HOFT-HOOKER FURNISHINGS CORP-2023.pdf,4309884,2026-08-05T17:52:05.101Z,f707158128e200bf02b66b4be89eddd3
HOFT,1S9R1602PqNPhkNCuWOCXdqR19on3v6_n,HOFT-HOOKER FURNISHINGS CORP-2024.pdf,6956473,2026-08-05T17:52:10.575Z,e531d2d80bac7098afaecdb5ed1a16c1
HVT,15trejtd34iLd3ZBSbv-K2f82lZJbbGKx,HVT-HAVERTY FURNITURE-2024.pdf,2377127,2026-07-07T07:53:50.000Z,221cb022493d12fb4ae6bfdc390ab5a3
JILL,1twepYIG6UXb7C6wL2VfrjmEBzI5OsWKp,JILL-J.Jill-2024.pdf,8752646,2026-07-02T15:11:58.000Z,bc3e93b6b1f66c29dab7fdd3e55add35
JWN,1gD4G73v9qnyP2mDxER4qcphYDVpxsh_d,JWN-NORDSTROM INC-2020.pdf,21714881,2026-07-24T11:08:51.966Z,87d3dab8b92331c54043a05a49e3e472
JWN,1LXyhP-_3Gf3khIsYBzTiHDmCpSPIkr7e,JWN-NORDSTROM INC-2021.pdf,32064537,2026-08-05T18:03:45.354Z,76f921d20f7e478f719e470c048ca81e
JWN,1vPbFWP3whFYllSFnHWhTutTVwx_2QUJf,JWN-NORDSTROM INC-2022.pdf,27976801,2026-08-05T18:04:46.370Z,5332054e70de053b8374a961ee04d6be
JWN,13MUvSITtGs3MmI9Cx9ZeJVDERLsKqx9A,JWN-NORDSTROM INC-2023.pdf,25160413,2026-08-05T18:04:31.014Z,23ff0a672be9e36035085ae237b2d859
JWN,1i2aW2hP-JBKH-AyO10ufqjE9iyy7mpZM,JWN-NORDSTROM INC-2024.pdf,5144084,2026-08-05T18:04:36.896Z,c2d244416b4081fa8c64dded43fe15f0
KMX,1-tpCCAoWSSf0B361qcWl7NwMHhuw4W29,KMX-CARMAX INC-2019.pdf,10297073,2026-07-24T11:08:28.049Z,346936873b4f0b43ba9826c3f28a8f13
KMX,1oK6Kt_h4TQt5S3mhQvKCDcJIFMydCRYR,KMX-CARMAX INC-2021.pdf,3873936,2026-07-06T11:50:19.000Z,c102232594846ab7bd7740bb39fb194f
KMX,1VKGTVPFQYwwrUZnpNiJBGEaNtCIZAEC3,KMX-CARMAX INC-2022.pdf,2940232,2026-07-06T11:50:33.000Z,1c4de02031447d410ac056f97ce702d3
KMX,1POHLbUa-6d6FLuqc9hcZQefiLNvxssid,KMX-CARMAX INC-2023.pdf,3509167,2026-07-06T11:50:48.000Z,cf2ff74ca02ac48d3332f32337aa88b0
KMX,1wunjY4KkvHk3vDr64rTgbBLpMelET7vl,KMX-CARMAX INC-2024.pdf,3084362,2026-07-06T11:51:02.000Z,83a3289ac8a0e9382bf237480585c238
KMX,1DyLYZpFlZYwOIvIYZYyshepdtmiyd8MV,KMX-CARMAX INC-2025.pdf,8661475,2026-07-06T11:51:25.000Z,05e2f3ac13def6f5b48771baf909d160
KR,10u8Uv6hKXtBVV6QEFWEUHOcwyHi5hf97,KR-KROGER CO-2015.pdf,9719939,2026-07-24T10:58:09.817Z,34373cbde53b51335cfdb5efda100ab4
KR,136XZ-dKd-Z23hGS7bfUcaDI9RGUtaji6,KR-KROGER CO-2016.pdf,11135207,2026-07-24T11:07:14.337Z,6cc92f421a261b8d3741f2829980b454
KR,1BdjtVdznYbH_szWqfrvM4_OcKR6zY8NP,KR-KROGER CO-2017.pdf,12194656,2026-07-24T11:08:57.743Z,e79ce5d4bbfbdeab4a00cd949e64b832
KR,1diQfc34AmnR2Wd7kKXpoIEVfOFQUzegW,KR-KROGER CO-2018.pdf,14009111,2026-07-24T10:56:43.092Z,0db048a5eaa4cdba1b539614f79f3ee3
KR,1XReEwxYO-pc87dGFK9NxhA8jtugOU4J8,KR-KROGER CO-2019.pdf,19197306,2026-07-24T11:07:08.771Z,6c187a6ac86c93aee934a774e7fbfcd7
KR,1IIaN98WgJ0p5rqN8nTDp26t0b0jxsPmi,KR-KROGER CO-2020.pdf,15574378,2026-07-16T09:32:27.206Z,09b06592250f049a36c720e8fd10809c
KR,1p3EGIXoRONFr696hu2he__4FJb4rPPnc,KR-KROGER CO-2021.pdf,19056845,2026-07-16T09:33:17.394Z,f875fda843a4fd6c0bc736fe686cb905
KR,1zZHOpHnTC4yx7yEG3Eceg_f_EEvRI6zL,KR-KROGER CO-2022.pdf,9134485,2026-07-16T09:35:02.544Z,ce27d7e00ef0c24c16c89419b1608b35
KR,1OEfqdDtOXpjwco0aPJuhdYc1NH4OIWbD,KR-KROGER CO-2023.pdf,7322123,2026-07-16T09:36:43.696Z,53dbbfc25e8416190379ee80227372c8
KR,1He6Tw0ZTvhrrY_6E1qx_UtamH1lf2TI6,KR-KROGER CO-2024.pdf,8761950,2026-07-16T09:37:14.258Z,6925e019b58a7aef3773a39771cf6f95
KSS,19BSPHqFOK9FKlz4i5cePCpN6EUaUNMei,KSS-KOHL'S CORP-2021.pdf,11498336,2026-07-10T10:44:26.000Z,40cee8acae23b94e7a98e7e443a7b7fb
KSS,18TUa1JJrkMeYBr_S7hSfcRqRlSANk6wR,KSS-KOHL'S CORP-2022.pdf,60597663,2026-08-05T18:05:55.534Z,97b3a2d0313eaec8ddc0af5d44a6ad2c
KSS,1TB8aV2KLoeo8dnS5Bs94wxoaKSIDbsq5,KSS-KOHL'S CORP-2023.pdf,22338103,2026-08-05T18:06:01.380Z,822df2927f26dc1522948d1ceb692b58
KSS,165rEG3Jy1cwQTUedt1xtDor2Eg2HLIWW,KSS-KOHL'S CORP-2024.pdf,4765059,2026-08-05T18:06:07.584Z,4eb20f0863dc7d6729132c6e1dce47d6
KTB,18_HAZfoCEqc2KHUmE-UTzEgRu-snuNJ3,KTB-KONTOOR BRANDS INC-2019.pdf,9574873,2026-07-24T11:07:45.068Z,6d7d869d8ac102fa9723946879ddda5a
KTB,1NdlRasOw6tN7CofFRyc2GtqY5Pynwaif,KTB-KONTOOR BRANDS INC-2020.pdf,20768143,2026-07-24T11:06:48.310Z,018ffda82722fcf807a9df38ee338eaa
KTB,1Yf2iXzr_-jePE_XlLGinWk3QiCKduZ4f,KTB-KONTOOR BRANDS INC-2021-2022.pdf,18907189,2026-07-22T13:54:55.085Z,1e92ac95504efc8c1cdc2d89f16de786
KTB,1VQT3EPfI-734y_xpC3Uf6UZjdknm3Jab,KTB-KONTOOR BRANDS INC-2023.pdf,8626698,2026-07-02T15:10:16.000Z,bde0c61e3bd11cce34c9dac5946651ce
KTB,1UxM-NMzU7C26o-QwmaRpDGUVM5d31il6,KTB-KONTOOR BRANDS INC-2024.pdf,16473189,2026-07-02T15:10:48.000Z,804b4037dadd3acb3dd40dfbef0b8da2
LAD,1Nwep0TMghT9lKbHuUIEAbvxmPEZ9SF73,LAD-LITHIA MOTORS INC -CL A-2020.pdf,2509105,2026-08-05T18:07:14.021Z,2572271e828786d2a39a70c41b7fd124
LAD,10OQV38Oia6U2Mb6UW93NkjF-4am51rca,LAD-LITHIA MOTORS INC -CL A-2021.pdf,6304308,2026-07-06T11:28:01.000Z,d375f71daa0f93728f9c7e3da2657f4c
LAD,16Sj5HukFBLN8v0UwfnIe5IWzq2WN7QSn,LAD-LITHIA MOTORS INC -CL A-2022.pdf,9411438,2026-07-06T11:28:16.000Z,ee5a769169edcd492d07581ea263ddc2
LAD,1dIvPfUjYAtYFy7XgEXX2HK94s6BvJ9uH,LAD-LITHIA MOTORS INC -CL A-2023.pdf,6966010,2026-07-06T11:28:50.000Z,97f1de8b936434ed8d48fa5c87fc3a08
LAD,1pbyyGWQhFLjb1zb3UOfaOFjn5D-9JjbQ,LAD-LITHIA MOTORS INC -CL A-2024.pdf,6956113,2026-07-06T11:29:30.000Z,ca304eecc7cc57197c5377fdceecb9cd
LAD,10M-q2A9hUuTJQ8bM0rDnIm4vEd3JKCv2,LAD-LITHIA MOTORS INC -CL A-2025.pdf,8600984,2026-07-06T11:30:10.000Z,89488d869799b8db6d9f01b45202b299
LE,1uOmbHRK_AyOS6T8rBrk0yY4DMUPjxOSu,LE-Lands End-2024.pdf,4818589,2026-07-02T15:09:29.000Z,e02c0152741c83a4de225c0521f11a49
LEG,1ecnhtd0X_efW4tCUfpirarFFp0NaHhNQ,LEG-LEGGETT & PLATT INC-2021.pdf,2219791,2026-07-08T09:22:30.000Z,8f9740268f022b2a4c9d71c4c3b59c5f
LEG,1GCfqeD4Xg8Lcx9HMG2Acf7Hg2GLKKaVh,LEG-LEGGETT & PLATT INC-2022.pdf,3350412,2026-07-08T09:21:33.000Z,f45b99e52d7c20e10104c7819c3ea8f2
LEG,1GpZ-FYZDSgyJXJJVIdVU8e_A6tz4Usqg,LEG-LEGGETT & PLATT INC-2023.pdf,2533155,2026-07-08T09:21:46.000Z,938d8dc37239f1bdc95b56d204fc86d0
LEG,1uOEcbH1uJbrNYZ0pFEm73z4r7URGDeuV,LEG-LEGGETT & PLATT INC-2024.pdf,8051958,2026-07-08T09:22:01.000Z,0d397d55fe3968fe5b3da64d755f057f
LEG,1JV_9aE1EpNl-hULi-mT7VkqVrvV7PjLK,LEG-LEGGETT & PLATT INC-2025.pdf,1340423,2026-07-08T09:22:48.000Z,306a31bf2caba2702c33298497535c40
LESL,1yV_XZSc8TOx6LfcrTh5PJHqIZD4xFbRO,LESL-LESLIE'S INC-2020.pdf,26669765,2026-08-05T18:08:07.572Z,5b541776fe11fb23bb649ad3f1c015d5
LESL,1lp51n6IkTbU0MT5NqoCZ8wbfOfQcW2nZ,LESL-LESLIE'S INC-2021.pdf,11920143,2026-07-08T11:39:21.000Z,d3af2a5267e11a736cf64e9fde0dc9b5
LESL,1GxLLfGuHvcWwkyOqkHqFT1OvzJ266ArI,LESL-LESLIE'S INC-2022.pdf,3339333,2026-07-08T11:38:50.000Z,648d3f447f78460cf8d94b234e733afe
LESL,1-YiZ2acgySGcaPouxrL3PZdH_0CnAilP,LESL-LESLIE'S INC-2023.pdf,3301061,2026-07-08T11:38:17.000Z,be6622a277a48819b6bc59df74946740
LESL,1Bu7M7d8mJbi5Z-vs-yLxcqN1XF34APyx,LESL-LESLIE'S INC-2024.pdf,10936421,2026-07-08T11:38:02.000Z,fc8498f44be0ae647d3be0bd34502aaf
LEVI,1Hy41kYBmOECu8BjcOx1JIZNKKhnhRpau,LEVI-LEVI STRAUSS & CO-2019.pdf,4309285,2026-07-24T10:58:24.566Z,b6eb8abe361b6ad32530e6a63b9d0fad
LEVI,1X_rjvphAWmQgjqexl30TCI2bcKnTjG7V,LEVI-LEVI STRAUSS & CO-2020.pdf,54125447,2026-07-24T10:57:48.503Z,00af63e7971a149912ec85cb35ff2d48
LEVI,1BM0nuIL5v450Bx5hrZcMH2r_Oi_zlmAt,LEVI-LEVI STRAUSS & CO-2021.pdf,72837070,2026-07-22T13:41:43.758Z,65f1654c7304bc5b2889e2984c5fe8ff
LEVI,15PVgmZZXYHkh_BQlt_KQ-hBg9AqY-NRC,LEVI-LEVI STRAUSS & CO-2022.pdf,1904951,2026-07-02T18:20:09.000Z,b56593980afeafc8fb9cf37b70a523b0
LOVE,1Gx387Han6jJN__15-OyNBH3Jyg1CC5RB,LOVE-LOVESAC CO (THE)-2021.pdf,1664092,2026-07-07T10:21:40.000Z,659e86c14bb5f805b53bc77f44b72510
LOVE,1rxFnmQNGoFAjA4Hdoei74vfY90Lmyhg6,LOVE-LOVESAC CO (THE)-2022.pdf,7212939,2026-07-15T04:14:05.691Z,e16666b176a292e9553c929ca5f645ed
LOVE,1YUgDJFk1979G5acFfwHhrIDyS_7xH74g,LOVE-LOVESAC CO (THE)-2023.pdf,12422491,2026-07-07T10:21:45.000Z,5a85493932421d49a8b9c1cffffe4e11
LOVE,1hyjGoKFtK3BJ2rnCqaUu0Z15mpXiC_ZH,LOVE-LOVESAC CO (THE)-2024.pdf,10903336,2026-07-07T10:23:38.000Z,64c0fbbb4282987969fc7fa40201176f
LOVE,1RQ1_dOajdq7D0Me7X93XHpmNGLa-1Ied,LOVE-LOVESAC CO (THE)-2025.pdf,8165524,2026-07-10T11:11:59.000Z,2a03a7c321b279d65808bb563235e834
LOW,1MAFoxwu3yCe3QrZQKFOQXvRWnCE9Zgt7,LOW-LOWE'S COS INC-2015.pdf,3150077,2026-08-05T18:08:46.542Z,c84c193d7015990ec3e0403ffa1b8fdb
LOW,1lb88xjacrSXTXj6JtTCSFrXs4uPTc5Cd,LOW-LOWE'S COS INC-2016.pdf,3617043,2026-08-05T18:08:53.329Z,1d93f5488c5b69619480f530220874b2
LOW,1CosDeSKhZoAoDB7JtYJhzCIigfVrjkii,LOW-LOWE'S COS INC-2017.pdf,25143646,2026-08-05T18:09:12.648Z,dde14b5a9abbc2446cae906bb5a1ef00
LOW,1BtXha9KmPnvYF9F2Ku1nUgli57_fehS7,LOW-LOWE'S COS INC-2018.pdf,31580597,2026-08-05T18:09:20.055Z,7f7184cf577570c42b837b48aaa457cf
LOW,1wH-sjPu3bm8eI3O4T5tLKxqHsaNRtQAj,LOW-LOWE'S COS INC-2019.pdf,13722944,2026-08-05T18:09:26.380Z,3f5510e5c1f11c20e2ed9bbc594b8e8c
LOW,1LHcCDKG4V-QXJ4eNb3FV52jSE_elnXmb,LOW-LOWE'S COS INC-2020.pdf,7520130,2026-08-05T18:09:36.367Z,58aa655b4d76d78673e8049251de1041
LOW,14eyPDUnNiOXP-H8ESBAh-SrmfNZzTYUw,LOW-LOWE'S COS INC-2021.pdf,6250222,2026-07-08T10:15:11.000Z,45847a3e18957f83a58b9d1b38011820
LOW,1_Pb9M73dEf6fuSjqWavw0Rq0TvJzWwGb,LOW-LOWE'S COS INC-2022.pdf,7447821,2026-07-08T10:15:22.000Z,4b24dcad6183cf86e14e39662bfe96e6
LOW,1JRhMgKugoIE3Lx8s7hkTV8XqgdHWP4T_,LOW-LOWE'S COS INC-2023.pdf,13177869,2026-07-08T10:15:34.000Z,f57742c3b2692f472677ddd6ba3bef36
LOW,1Ka7qnD4IcvVAyAveBUGH56DDzjQdzxUm,LOW-LOWE'S COS INC-2024.pdf,15078961,2026-07-08T10:15:49.000Z,609a8f23d79e85ecf4b83663b40201bf
LULU,1JjnidNPIbXCEOI9k5vo6kL1UBsGwRtOA,LULU-LULULEMON ATHLETICA INC-2020.pdf,3833658,2026-07-24T11:06:41.348Z,4e67c9878f398d8adf86a5352af64d53
LULU,1UtdTng839YST1-tmfsjuKyFc4io01FV4,LULU-LULULEMON ATHLETICA INC-2021.pdf,7422604,2026-07-02T16:23:05.000Z,e6114ce65679f53dec0d6c81586245de
LULU,1xh2GRbtyqS4W_ypQ85Zr7toyDDHRBPni,LULU-LULULEMON ATHLETICA INC-2022.pdf,9434749,2026-07-02T16:23:29.000Z,ef01dbc1ffab7bff07861c3adbcb4835
LULU,1UwwXJOzsOw4Kbpvw35tO63-aVHk_6gmr,LULU-LULULEMON ATHLETICA INC-2023.pdf,7473603,2026-07-17T00:09:27.000Z,c279bc0bbd519ac8d2108c8a664502b4
LULU,1yFxEbZ6JWDGD4gph1W2P1E9-OLwTnIxR,LULU-LULULEMON ATHLETICA INC-2024.pdf,18550040,2026-07-02T16:42:28.000Z,1b0463edc6b5ebb7463d5e2e5caec254
LZB,1-ccCcw60DMBqWnPzQtYZU_vb5FHy8VDg,LZB-LA-Z-BOY INC-2021.pdf,7305185,2026-07-07T12:38:02.000Z,0816ebed6fd7bc6cbcd99754f3a4d319
LZB,1R3BTKMzGzwS5hC_BA-MfZ5HdA98CEN8d,LZB-LA-Z-BOY INC-2022.pdf,8081017,2026-07-07T12:41:00.000Z,e6a715afccde1e2091aff6d2f41d3539
LZB,1o5tuj_uylHAOWbgEzdHfGLRe3pbdcgDJ,LZB-LA-Z-BOY INC-2023.pdf,21157574,2026-07-07T12:38:24.000Z,a5c84ac9ca75465903ef65a2c5a21a04
LZB,14Wbmj4W2csxA2mX5bh5W6JEkH6ZBtVVX,LZB-LA-Z-BOY INC-2024.pdf,10089475,2026-07-07T12:38:33.000Z,27a9bda24b6872e7794935dfb2b93851
LZB,16e9MOFR6mWEFtKDz7JczHPl3_zl09XMT,LZB-LA-Z-BOY INC-2025.pdf,26437642,2026-07-07T12:39:18.000Z,50bbc2d9cac62d64f3e4b93403aad832
M,1HVG9UMFr-wxLLv87rkkYZfuJteJlGloU,M-MACY'S INC-2018.pdf,5481408,2026-08-05T18:10:14.699Z,75af26750db1353bdf51630f4c933ff8
M,1jdEbdmBNPOXyc3SaOz0cWiK2U3dxjxCx,M-MACY'S INC-2020.pdf,13686424,2026-08-05T18:10:23.561Z,185a35469045929f98af2c53bad055a9
M,1UGik-XA3LaAXZcFAvvXmKpfZdVNRv3zf,M-MACY'S INC-2021.pdf,1976075,2026-07-10T10:41:33.000Z,466afe27e2f46fa0245c2027d5d12c79
M,1cqvvqWWFd_8DPA0w49zlJW9NXHwX_6M7,M-MACY'S INC-2022.pdf,11911330,2026-07-02T10:00:25.000Z,6643aad0af93aebb252dde43e4301b32
M,1-QEA6GsDd7EcjVvizL2FCvJbHaHsyOpE,M-MACY'S INC-2023.pdf,16912496,2026-07-02T09:59:51.000Z,d9d8586558b41cb5a035ceef484607fa
M,10YZP1U18GbeBWZRNvdisCAUTv5jxyD2w,M-MACY'S INC-2024.pdf,5924157,2026-07-02T09:59:13.000Z,06417365bff6e49d3083dc767dd649ba
M,1mduP8T5ksVwI9ebKZzpJ88erbQlLBug8,M-MACY'S INC-2025.pdf,5961662,2026-07-02T09:58:48.000Z,3843f2a8f12c306413b7fdbb9e2e1061
MELI,1x3RP-PGW6dIGhOg0FhLkxKbKg_yPDaDS,MELI-MERCADOLIBRE-2021.pdf,24455195,2026-07-02T10:27:20.000Z,bccfc960b20b8de879192ada2535fa25
MELI,1zp8uYfrLpW1JwMZy8ooDLCEEjL1y-xEA,MELI-MERCADOLIBRE-2022.pdf,3545068,2026-07-02T10:26:45.000Z,5a56968f0d80b46424b2b9fbdd703972
MELI,1lTCCjjmCSwgmEIY06yiofCnIhO9JOffr,MELI-MERCADOLIBRE-2023.pdf,3774438,2026-07-02T10:25:18.000Z,ecc83643dc92f8f3715c5a37b1c612f6
MELI,1RDlMqlCEv-afnOhBWOd7PMxuBcFOAh1r,MELI-MERCADOLIBRE-2024.pdf,9947644,2026-07-02T10:23:52.000Z,a02d4e68d632b3bc45745dc1c5044095
MELI,1uNkeBvA2o8xy2mno1qQ-lnTpqGC4ZIkd,MELI-MERCADOLIBRE-2025.pdf,24759564,2026-07-02T10:23:31.000Z,add3e81102502c276b81b9aa5ad52921
MHK,1koqBIApUS3rKaqed4hsoUIRUGwq8V_bc,MHK-MOHAWK INDUSTRIES INC-2016.pdf,6636810,2026-07-24T10:58:11.862Z,4e6c83564ccdfa9dd24cdd04f4352970
MHK,1tk7DDzQzTlYqv5DKX4tGQpfZ3MImQfO-,MHK-MOHAWK INDUSTRIES INC-2017.pdf,5875758,2026-07-24T11:06:14.458Z,0181e86d44682ceac61d3b02b800c50d
MHK,1cfaGReVhtsWyOugssHa7HyeIDjHkez91,MHK-MOHAWK INDUSTRIES INC-2018.pdf,18027892,2026-07-24T10:56:32.845Z,5b1b39727f54d0a5430e11812b256595
MHK,1lE05b6gvl1ByuM1BY-f6LnbSZn0Y1gsm,MHK-MOHAWK INDUSTRIES INC-2019.pdf,5386106,2026-07-24T11:08:00.363Z,0f4eb545904f8bd7781327047d9ac1cb
MHK,1LeylVliupPWaPRWsWKq7wh4djTt6HGAS,MHK-MOHAWK INDUSTRIES INC-2020.pdf,12620929,2026-07-24T11:08:24.550Z,83a960b2056d0a6e059a5b8492ce4d2a
MHK,1OAXs7eyg9AfafwccNEgBEC3byjEZlTM2,MHK-MOHAWK INDUSTRIES INC-2021.pdf,14024310,2026-07-07T12:34:53.000Z,f9cfbc7fa84cfefb98e0e1f11bcde86f
MHK,1mQKIRKLvebGz5ExtKBmZaGvj2FCdZ5U0,MHK-MOHAWK INDUSTRIES INC-2022.pdf,14780015,2026-07-07T12:35:09.000Z,0f9d4552495930ea5e245cb3f0c457ec
MHK,1BepM081WWCoH19_KChL1CuVnNbHrB61D,MHK-MOHAWK INDUSTRIES INC-2023.pdf,32197628,2026-07-07T12:35:33.000Z,073c7006615668e3fddd3ee18582b6ba
MHK,1-hFOsGEK8TgWaALBCQ9O_MQ8lolI0JpC,MHK-MOHAWK INDUSTRIES INC-2024.pdf,22167116,2026-07-07T12:36:19.000Z,ecf2f748bcb454f0a1e8135407dd0169
MHK,1HokgLiggvQ6MiMs8ShQpIQvpkE0czSsR,MHK-MOHAWK INDUSTRIES INC-2025.pdf,8346648,2026-07-20T15:33:08.000Z,a38ac1daad6e0f00b1c96b34c0e47f86
MNRO,1Af3S0j9WvlWBOAj2Ac10Dp5_OiN9oSU3,MNRO-MONRO INC-2021.pdf,14982541,2026-07-06T10:58:42.000Z,f844763aeebe79daad60ff150a15cc97
MNRO,14InNEfwfqMikdw_hbJGuz9zaUksFR94k,MNRO-MONRO INC-2022.pdf,16229145,2026-07-06T11:05:31.000Z,64ea7fb98cd09afc144a81c9d63478ed
MNRO,139tvQ0WnsVuI7l-ZV9E6UHuDqyri7ZmD,MNRO-MONRO INC-2023.pdf,16259260,2026-07-06T11:05:48.000Z,02c07b1635a9b067fd14756371b137a4
MNRO,1fuST4n9eTAaE3AlR24xFifKrdTqWVJdc,MNRO-MONRO INC-2024.pdf,14905778,2026-07-06T11:06:19.000Z,bbfa0ad515b0f7375b9eb7852735df4c
MNRO,1hiRQmTNaeJ413rVVx-3pwDzypouBqtBQ,MNRO-MONRO INC-2025.pdf,29758901,2026-07-06T11:07:09.000Z,54e4c4b787bab4e59da70b77c0807d15
MOV,1GsCgAKEMw5MUc-Xi882AVk0pHNVK7kYL,MOV-MOVADO GROUP INC-2021.pdf,2956652,2026-07-02T17:03:55.000Z,4b07bb684a18ba3b968f9c943e12d033
MOV,1lfFI5C4s0dX1uOx-h71R6yq6c4Gm4gFf,MOV-MOVADO GROUP INC-2022.pdf,27774745,2026-07-14T22:51:28.958Z,71c3fac72fb9b4287ff437c0a731435f
MOV,1QcO-Po-ZFs3rxbXOVlVQm-RPcVTQ9j88,MOV-MOVADO GROUP INC-2023.pdf,9326446,2026-07-02T17:04:24.000Z,cd4c1e65de08a8ac3f02fcd98b157e0d
MOV,1RnU0krlIlieP88-lXGlMQglNdMRsG2eu,MOV-MOVADO GROUP INC-2024.pdf,21742674,2026-07-02T17:04:49.000Z,bf217602e549c3a0670b8f2ba18b010a
MOV,1BlHCgYRVyQrrSg87r6jho__ULqRsewmg,MOV-MOVADO GROUP INC-2025.pdf,28076458,2026-07-02T17:05:37.000Z,5f53168e84b048934e99216ab96a3b63
MUSA,1pbe5iR6NtewA1cewofWV8KHiH6cpwL1S,MUSA-MURPHY USA INC-2021.pdf,4208913,2026-07-07T07:32:22.000Z,0325c0d1f0c57f7ddd193ca8401f4140
MUSA,1Wjix_Zy5Ld8wjE_nYTTXBmoaSYTJPVoc,MUSA-MURPHY USA INC-2022.pdf,17163498,2026-07-07T07:32:42.000Z,b5bc7872d54d32fdf0b5aba0cf7167b3
MUSA,1R_US21iyMooHJQlGKt35PXxEnPDacs2Y,MUSA-MURPHY USA INC-2023.pdf,7737054,2026-07-07T07:33:04.000Z,6a357fd0b400f21f387ab6d13a4ae016
MUSA,1K8ra22jiMRLvhvNOuK0-sk9c-k0JSNHl,MUSA-MURPHY USA INC-2024.pdf,100918589,2026-07-07T07:34:42.000Z,22995bc64a30f14e4ffa3b998beddd19
NGVC,1VbKnCcikuIc12edrEguCYNe_DhibgD-U,NGVC-NATURAL GROCERS VITAMIN CTGE-2021.pdf,17109447,2026-07-25T05:52:14.474Z,146a657faf505d8d6cec5c011ec1bd34
NGVC,1grl-pajpdlx-vrbegoLbv6yz5wVITQQW,NGVC-NATURAL GROCERS VITAMIN CTGE-2022.pdf,19051322,2026-07-25T05:52:23.028Z,7932d60c4530f3b13c4f695a5777892e
NGVC,1wv55J1m4HWR0eyhnAZwEt1lPQAHqKrBr,NGVC-NATURAL GROCERS VITAMIN CTGE-2023.pdf,28372782,2026-07-07T09:51:17.000Z,baec8de1ff968bc36e84b96d31ca3b47
NGVC,1ewxMtYTxoRf97IzHtM9EhmJa9UerfPcM,NGVC-NATURAL GROCERS VITAMIN CTGE-2024.pdf,57089142,2026-07-07T09:52:14.000Z,3ac6e17dcc96744fbbb28fa87aee3a45
NGVC,18v9c4aq_XiFCJEg-8Nxbahh65zpdTBIB,NGVC-NATURAL GROCERS VITAMIN CTGE-2025.pdf,42242328,2026-07-07T09:53:34.000Z,1f073651fa78502c4cf6932b65866168
NKE,1YG-ysGZBAY-hqyYctFgIdmn9EKHq-P1o,NKE-NIKE INC -CL B-2014-2015.pdf,6240087,2026-07-24T10:56:15.656Z,b69f986722f031ec1bb95f2dd08d777b
NKE,1ASRXtrEmvAFYT3Z9nYO4UIT-8igV8rii,NKE-NIKE INC -CL B-2016-2017.pdf,6525924,2026-07-24T10:57:09.549Z,98a2d355287eab4dc5df598e7ca4dfb9
NKE,15jtuS9a4ar_y6ABHQaAITGvIb-WM0ctg,NKE-NIKE INC -CL B-2018.pdf,7415762,2026-07-24T11:05:18.090Z,e7a8df85c4009165b7a1b85c6a90b17f
NKE,1tn7V0inuUttqTEivyAdgUfdptbl7mm0h,NKE-NIKE INC -CL B-2019.pdf,11701953,2026-07-24T11:08:39.698Z,1b64fd5e48b861f84516275b04fb7266
NKE,1YZIrua6SsovzTdvHAh9u38R6Si32eLWQ,NKE-NIKE INC -CL B-2020.pdf,5256322,2026-07-24T11:05:48.960Z,1be16c51b90170dbe1d8f6ab33ea6f26
NKE,1iqPtCdUtjzBVQO3mWvTsFu08uFuS7hP3,NKE-NIKE INC -CL B-2021.pdf,10462766,2026-07-02T17:47:15.000Z,9fdacd298735161aafe4413fcb83f5d3
NKE,144es5S92Nd2XwEDoOSOF0BP6jaG2NRWb,NKE-NIKE INC -CL B-2022.pdf,25406264,2026-07-02T17:47:33.000Z,14a48d9e17b3336b222af98e26fc639a
NKE,15JZg0Cw3sZBT_eisIZQIkAR_JydwA9SM,NKE-NIKE INC -CL B-2023.pdf,23075168,2026-07-02T17:47:50.000Z,459024ffa1f4f5a140f3a5b0d64ab1d1
NKE,1zvZYHeZoZQaNwfbllon7hgv_u-x1TQq3,NKE-NIKE INC -CL B-2024.pdf,1386026,2026-07-02T17:48:19.000Z,84e0b736a3b37b79a9c2f9283ef22da6
NWL,1Xd-ajrz5900ZlUrGjwTKAdfRpdf2yg0u,NWL-NEWELL BRANDS INC-2019.pdf,20809961,2026-07-24T11:08:46.362Z,0683c3ea3acb7461632ee76549e4acfd
NWL,1UTBJjhbL2Hdj0An2llfOQ5ZufdRq8QrP,NWL-NEWELL BRANDS INC-2020.pdf,9694305,2026-07-24T10:58:22.617Z,ca12c2166417692971cc95cfcd54cf88
NWL,113A3JgPYNOjXxrOE9P1HMSRrJojXtuJM,NWL-NEWELL BRANDS INC-2021.pdf,12326074,2026-07-08T09:42:39.000Z,ffb9b9368a38dab213f55638eb4c2f8c
NWL,1G77u7k6PJ9LcqKqPo2ICip_6Z4CN0Dyg,NWL-NEWELL BRANDS INC-2022.pdf,9868702,2026-07-08T09:42:59.000Z,adbf9bd5ed90c23deead9ca76858152f
NWL,1_8Qz2EspVZivIcaYHz5bsJPgwTcWfm8I,NWL-NEWELL BRANDS INC-2023.pdf,11911499,2026-07-08T09:43:12.000Z,492398d05e5bd15b76810daeac39d2e4
NWL,1Q4Z6hHYePFcdXL1aS0LkHLr6nYHP5MXO,NWL-NEWELL BRANDS INC-2024.pdf,5928379,2026-07-08T09:43:29.000Z,dcdb31094ab411d3f4d2bfd91b5e8fa3
NWL,1RJu65U4ZjdYGXG3aJICDtwx16Gr1I_l4,NWL-NEWELL BRANDS INC-2025.pdf,8012163,2026-07-08T09:45:17.000Z,b9d226be49efb3bed86e64a3e422e066
ORLY,1b3auRhZX-4m1bTSl6jqOW1u_38TZ8JZ3,ORLY-O'REILLY AUTOMOTIVE INC-2018.pdf,4823802,2026-08-05T18:11:03.513Z,163fb2f9e65a642f91b7da2647103efe
ORLY,1D3P1P1O67BUfDCayb0VQdK7VZPGbmhBN,ORLY-O'REILLY AUTOMOTIVE INC-2019.pdf,1563255,2026-08-05T18:11:20.270Z,51881ffd447f099f808195fb54232db0
ORLY,1ls7I2b_TRlCNo3YknKCnrbp9G16_Yq5Y,ORLY-O'REILLY AUTOMOTIVE INC-2020.pdf,2512069,2026-08-05T18:11:12.138Z,e0c1e04437f7c1a5f768a273db2484b5
ORLY,1jDyYv8HwzqmokisubfGrGssgTR0p9Z1q,ORLY-O'REILLY AUTOMOTIVE INC-2021.pdf,4797848,2026-07-22T10:04:05.000Z,3833e6cca929609edf0c0e454a232e68
ORLY,1m1QUDCEw1bLZq_aG5MgxASvrf1zaRaj-,ORLY-O'REILLY AUTOMOTIVE INC-2022.pdf,5479761,2026-07-22T10:07:35.000Z,9c8033d7263775ab10924cb21d14fd10
ORLY,1BltsEjACUGavr4qXCKaiCfdoI9MH_Wme,ORLY-O'REILLY AUTOMOTIVE INC-2023.pdf,8483531,2026-07-22T10:08:05.000Z,bf0b95c059a8c26cdd635db8e78ecb52
ORLY,1zopv0JQTuf7Y_6gA_SnA6EF5HwQFFYDG,ORLY-O'REILLY AUTOMOTIVE INC-2024.pdf,40162793,2026-07-06T12:05:42.000Z,ea06fbb433ff3815fed15b3fe26ad3ad
OXM,1pACo-jdKXdRmJO5ucOeIX1kzQiVmUyDh,OXM-OXFORD INDUSTRIES INC-2021.pdf,4516749,2026-07-02T12:56:17.000Z,5347f1c2f6c995e41af29164b0eb1c0b
PAG,1izMyzORgUblUHz31GDkTyxCn-3IV3hl7,PAG-PENSKE AUTOMOTIVE GROUP INC-2020.pdf,14518707,2026-07-16T14:45:52.627Z,82f6dbe6b8ac169fd1cf86b0434593c1
PAG,1zliTZOKgY6aMJpKJGbE7Ad3IqmRPYi7C,PAG-PENSKE AUTOMOTIVE GROUP INC-2021.pdf,21437193,2026-07-16T14:46:49.085Z,abe3ea78452eb15e2abe2bf7ec2e2965
PAG,1Ass6pmLyLtpOwW2sc4OMAsxGfIhWJ-FQ,PAG-PENSKE AUTOMOTIVE GROUP INC-2022.pdf,68391419,2026-07-16T14:50:08.611Z,a9e6f9487b65b76c1ce28afa7d8670b9
PLCE,19CSFPIopid-ny7JYDYN2ooMwg_TjH8Yt,PLCE-CHILDRENS PLACE INC-2019.pdf,5359066,2026-07-24T10:57:38.062Z,90b1dc4799930d21ab19a5e367b60255
PLCE,1L-Gg7V8BeVOR_DZQZ7dA6Z1znhNQ5h__,PLCE-CHILDRENS PLACE INC-2020.pdf,8885456,2026-07-24T10:56:56.593Z,3f7204b88ff9e6c5bfabce65253d07ce
PLCE,1R9tb61DVTERP3f8HI8sMPy_3nwjXqn2t,PLCE-CHILDRENS PLACE INC-2021.pdf,34409808,2026-08-05T18:12:25.954Z,eaab73588b973c758c7ca2d69fc38f0c
PLCE,1ajCdZ1KKJj7Wo2qu42Za4k675JM3OzaU,PLCE-CHILDRENS PLACE INC-2022.pdf,20144081,2026-08-05T18:13:18.953Z,1bf190559ca97bdab9b7ba3585f29f60
PLCE,1GChSrTLap59yEB1FpkxX41653nE3IB1e,PLCE-CHILDRENS PLACE INC-2023.pdf,25972972,2026-08-05T18:13:49.157Z,d3b636ac2e6f23d98ba1f0e2a7e615e0
PRTS,1LN3y91Q30rJnnzdgs-go1D7PtkfVCv0L,PRTS-CARPARTS COM INC-2022.pdf,57482036,2026-07-07T07:29:10.000Z,6332d84ce202570689eb586286f390f7
PSMT,1aKo_nDV3OeT6lYaZ42j_nIE4pw3mZjQO,PSMT-PRICESMART INC-2021.pdf,11574637,2026-07-07T10:41:32.000Z,1ff686bc2f788b4c3daf6cb805611ce6
PSMT,1bjXcKO0tsOsj6WhqWJxDUAYaY7f5QJBE,PSMT-PRICESMART INC-2022.pdf,20709244,2026-07-07T10:41:47.000Z,19b7ba9aba4972f0b6b5a0f87b2d3221
PSMT,1bH3uf6DbzWQs_tAqHkDz5OUh0b9pH4ax,PSMT-PRICESMART INC-2023.pdf,130936664,2026-07-07T10:42:37.000Z,726012400332b47d2127630f1ed93a38
PSMT,1vD-TjObCkN0DWe8miI2HxrGJR0ni_hnD,PSMT-PRICESMART INC-2024.pdf,93367190,2026-07-07T10:43:23.000Z,ec8114a340ca81cb577752a7c3b029f8
PSMT,1SClNWqErdgtZImuPiFogF4APO8Nb8Wig,PSMT-PRICESMART INC-2025.pdf,62177993,2026-07-07T10:43:54.000Z,ef9388d18bfc18724575322abacd380b
PTRN,1wIZq2EB1BPcBHOHfzutKqb6eTpSVlLJN,PTRN-PATTERN GROUP INC-2015.pdf,5861965,2026-07-24T11:07:34.777Z,d96355a7f6c291336453c22e4603d7a1
PTRN,1N5o8zyeLEMDFf9YGSahw7XQoXe8IO0-2,PTRN-PATTERN GROUP INC-2016.pdf,2784839,2026-07-24T10:57:07.630Z,8877783faa86822760b4c13d7b17ff30
PTRN,1SWuic-YJ3OW-v4ozsMX1uzUJWvYPZrfV,PTRN-PATTERN GROUP INC-2017.pdf,5510333,2026-07-24T10:57:46.365Z,7d5557b900ec18a629a0e5cd888741ab
PTRN,1OXd-1F1o7YAV3S2YAGU3Y8gRZFLku2kh,PTRN-PATTERN GROUP INC-2018.pdf,3982440,2026-07-24T11:06:24.237Z,cc3fc288b0912ce11e999fb84e45ad4e
PTRN,1T8AQFcj8ZoS_7y3xaToZTphzWRLz9GI9,PTRN-PATTERN GROUP INC-2019.pdf,2952440,2026-07-24T10:56:40.851Z,c9f4de52c831cbf9794b39889c95a3e3
PTRN,1atjdksMR8vL-mBnaB-ahvTupJ160zSE0,PTRN-PATTERN GROUP INC-2020.pdf,6650171,2026-07-24T11:08:32.925Z,492d757c71201cf126959eec570fc5c1
PTRN,13Xhqltb9WVmwVItcmony1qQEdVTgL-6b,PTRN-PATTERN GROUP INC-2021.pdf,6215942,2026-07-27T12:19:38.184Z,2b266b31e9c5959f4466be9dd31d2e7c
PTRN,1Zy1q9rYUm2wkF3TLO1KXhFJd4XWQf3Fs,PTRN-PATTERN GROUP INC-2022.pdf,5586805,2026-07-27T12:19:46.685Z,6ec907cb86ea3321403ce51f046ba3c7
PTRN,185sLZvlyA3i43NkB_9dOFJMqEWQyxV3p,PTRN-PATTERN GROUP INC-2023.pdf,41768495,2026-07-27T12:19:51.666Z,e9664e52f2025c7b86ba7eeb98ca2653
PVH,1_3Zx0GzsYs8J9OP4ccCKbu9PaaZWmv5O,PVH-PVH CORP-2015.pdf,3427791,2026-07-24T10:59:01.956Z,5e52582d7286e7f768372c61284934a5
PVH,15r2okZ2OXOWZBX485zsxazJokGVYBP5X,PVH-PVH CORP-2016.pdf,11893979,2026-07-24T10:58:20.566Z,32868d8ad2b563f7afb72ef957364205
PVH,1IkG0gopXFPHGo0AFmQLafnD17i60k2fX,PVH-PVH CORP-2017.pdf,4917970,2026-07-24T11:06:31.053Z,983f858c67708909edb08c9e3a30a21c
PVH,1MQnO-rYOSKkaT_23e3ooFA-i3myJj38U,PVH-PVH CORP-2018.pdf,4273466,2026-07-24T10:56:20.559Z,5673c32aef2fa7a3c1d4d3d073cfcac6
PVH,1AS865Wul7xrZB5C-qYh1OqXlY-Xe4oSx,PVH-PVH CORP-2019.pdf,4202647,2026-07-24T10:57:39.856Z,6e0cbc5364abe9a4fd516931caa8aa3f
PVH,1INkGgzYqXp3I4aqUKlbPRhZbZZV57vkj,PVH-PVH CORP-2020.pdf,8144221,2026-07-24T11:08:55.291Z,6597a348f5706dd9f366dd781e9623c2
PVH,1ZAQ4wLHyUr5EGlTxc1-XZCx2fOlHvDrE,PVH-PVH CORP-2021.pdf,9793138,2026-07-02T12:59:31.000Z,bca2ef9e6e5925b929e49ec5c50997ca
PVH,12wwsKq_pQpWJ2EVvU3nVcUpVav_va1tX,PVH-PVH CORP-2022.pdf,19446900,2026-07-02T12:59:53.000Z,ef4ade70ab61340aa0985ce1d378245d
PVH,1Ns1Bty1iiZflrAYt90y0R6L1uY73hM11,PVH-PVH CORP-2023.pdf,24691041,2026-07-02T13:00:17.000Z,30025006ef36c87cdfedc60085a1f0e4
PVH,1Tvgw0LG7MBxOpAel_tJ-73BDcW-NoFx0,PVH-PVH CORP-2024.pdf,6519735,2026-07-02T13:00:47.000Z,d737ac7d35ba69f48729841597f44e35
RCKY,1_sAIUXyqfh2yzJdez77zZ0_E_0x0eS_F,RCKY-ROCKY BRANDS INC-2023.pdf,4595672,2026-07-02T17:54:03.000Z,e0f26a81e4d81702d190e0dc0e697a51
RL,151kYo_O1UT0ey7oAAQFcq9pHs5ccQLwZ,RL-RALPH LAUREN CORP-2019.pdf,5427748,2026-07-28T08:57:57.444Z,958394b439c01c679d5593077ea6bf9b
RL,1AI7glRi3I5gVmroI4lTb9d5lbyd_Z3Sc,RL-RALPH LAUREN CORP-2020.pdf,4878841,2026-07-28T08:58:02.308Z,058bc56e425899941c859507a3241698
RL,1Tltnhs3mCfktfY6X8-iYgVRrk0Tv8YYY,RL-RALPH LAUREN CORP-2021.pdf,17017793,2026-07-28T08:58:06.699Z,a784183078352e7d01996c77775fa2d8
RL,1dAxEyWIXA_NblAAqWVHyxVMAG6mTX13E,RL-RALPH LAUREN CORP-2022.pdf,7557257,2026-07-28T08:58:09.948Z,f055ca32a0200b6f1f5a831b32347d2d
RL,1xsW5c_03l0WREpU1Vj4vYjv6ixr1E4gB,RL-RALPH LAUREN CORP-2023.pdf,17488051,2026-07-28T08:58:14.975Z,71daf26ba36533cbb6c9f958b3cf41b2
RL,1pME9nhwOwjToV5-bdn_UuOY1lSoueHGl,RL-RALPH LAUREN CORP-2024.pdf,11345167,2026-07-28T08:58:18.565Z,538426a8ff729fd518d5c00cac12297e
ROST,1TVjFG2yQB8xcaQRMBf-hftszgxoMexd2,ROST-ROSS STORES INC-2020.pdf,26084923,2026-07-24T10:57:11.763Z,08f317e9e042f1e67d2da0f5bbaa81db
ROST,1qzrD01jPblEO5LUGpoqLQL9w-qi6CnTs,ROST-ROSS STORES INC-2021.pdf,15322018,2026-07-02T14:20:41.000Z,cead50b1c4c84159aeea2cbee072268f
ROST,1-mQBsfFkIax1N4tyVElkectCxAbOrzRi,ROST-ROSS STORES INC-2022.pdf,11416038,2026-07-02T14:20:25.000Z,b3e3ac1e72d0e9ebe65c5e7b908b41d8
ROST,1ijacWann2rs-90PhkhoKOwDop73Pml_T,ROST-ROSS STORES INC-2023.pdf,9158343,2026-07-02T14:19:59.000Z,94c7c403cee3262a321695bc204c45b9
ROST,10GLW6ZlubgWBGJ5f4_ocIO48r9FzZYAm,ROST-ROSS STORES INC-2024.pdf,9075575,2026-07-02T14:19:44.000Z,d8e35b604f24d413de5b2bb3187f2c78
SFM,1e36bleeWE248zqyP_xYaPn53G1BVqLzA,SFM-SPROUTS FARMERS MARKET-2018.pdf,14135061,2026-07-24T10:57:56.730Z,e80c05005053670313bf4235fce7090c
SFM,1JGhfobv5P9TvYHqP1f24ZxE5Yq67MES_,SFM-SPROUTS FARMERS MARKET-2019.pdf,30989067,2026-07-24T10:59:03.846Z,20c2e5036a0fffbd394c18d0b6f512a0
SFM,12CJ4x-3WI9t4JqtSjEkjPKqnlXAETd2k,SFM-SPROUTS FARMERS MARKET-2020.pdf,12494104,2026-07-24T11:07:51.599Z,2d6d5086de4177f5d6c47c3a8e4c0d6f
SFM,1cRN77tIrujcdS7EcHD1ly-mDdHM2kuUA,SFM-SPROUTS FARMERS MARKET-2021.pdf,12787015,2026-07-07T08:38:53.000Z,11c31972337adb26e19253fd684e8157
SFM,1SH9jCSDvH39m2TQYzYF6nTLV4NN30bbs,SFM-SPROUTS FARMERS MARKET-2022.pdf,15370137,2026-07-07T08:39:09.000Z,8e3867eb61dc0208bfb82a5c86fae6ef
SFM,1mk7VOuqsgAznoq6k_CR-58mH1cRBNRK7,SFM-SPROUTS FARMERS MARKET-2023.pdf,13988343,2026-07-07T08:39:39.000Z,08dd11ee8ba27e4b1a0948fed08f806f
SFM,1ZU4hL3QiYsPN2OPjoys2PMPqvL-n3t_x,SFM-SPROUTS FARMERS MARKET-2024.pdf,56747851,2026-07-07T08:40:25.000Z,06a874dec88d376e0c715cedf3bd0387
SGC,10Pdcnd6LJwZVjjmFoTdOrF-lClYfXU-h,SGC-SUPERIOR GROUP OF COS INC-2019.pdf,25707296,2026-07-24T11:05:04.448Z,25218f96a833c9b863deccb53c4b9c10
SGC,1MuQY9rFV3uNGT-UnCB_XPS6-3DOyOAZ_,SGC-SUPERIOR GROUP OF COS INC-2020.pdf,17003750,2026-07-24T11:06:57.998Z,97b3bdd21078b3f5af7e2e7a5a578fb0
SGC,1PW1WqSnAFpDyDgoj08v1XJrK8zTKK8br,SGC-SUPERIOR GROUP OF COS INC-2021.pdf,24721410,2026-07-02T12:42:27.000Z,2d061d457dd8cfe0732434bdc0d03ff1
SGC,1m0tuPAMJ8tTAYiDm22zeFq4KSIdw5mv3,SGC-SUPERIOR GROUP OF COS INC-2022.pdf,9058583,2026-07-02T12:42:53.000Z,4160b57e411b1c06c30c9196990e51d6
SGC,1QoQdfktOiQpNwU1EZR0CQLIp64rFuw5f,SGC-SUPERIOR GROUP OF COS INC-2023.pdf,5106327,2026-07-02T12:43:44.000Z,fa9acf42c8bc3785e720508e212e7eee
SGC,1M9dLFDuq3m93qke5k4gdx9jCt9N4mv9P,SGC-SUPERIOR GROUP OF COS INC-2024.pdf,23094270,2026-07-02T12:44:13.000Z,177c5ed8f2b862f29d208027d54c28d8
SGC,1PpBwj1513QtJDvjD1AQMP5CWY__yWjwA,SGC-SUPERIOR GROUP OF COS INC-2025.pdf,82900867,2026-07-02T12:44:34.000Z,f7cb156e990e1fb0db35de73fadf5730
SGI,1DmYkDG0O4iFxzV7XlZwX6cnoqbvAfSnk,SGI-SOMNIGROUP INTERNATIONAL INC-2019.pdf,1345317,2026-07-27T18:11:41.969Z,b2d50fc9fee2362953865d313c8d8d13
SGI,1B3jc0ctQb30jWd87b4tx9VyQaEbED05x,SGI-SOMNIGROUP INTERNATIONAL INC-2020.pdf,6803563,2026-07-15T14:48:03.087Z,c21738b2266f50fa322359b34ebcd962
SGI,1_FazXVsProOiNuA-Ye2qIggX8Obj0RPt,SGI-SOMNIGROUP INTERNATIONAL INC-2021.pdf,4312072,2026-07-15T14:51:16.173Z,1a202779cd9bb3902140b70530251f2b
SGI,1dTRYDQWj80PD2UI-N51At5UiakqLcjz-,SGI-SOMNIGROUP INTERNATIONAL INC-2022.pdf,23792569,2026-07-15T14:54:41.962Z,7ecaf21c45fac89f4015aa7e73c93114
SGI,1MQBvaDMW6VnThG4IUNbx_trpG4DUxdLA,SGI-SOMNIGROUP INTERNATIONAL INC-2023.pdf,23109171,2026-07-15T14:57:27.132Z,c9a6e20ea89d5b7a0751d4c4126a7bdf
SGI,1p2ApOKrkzCX_Osu060TNNcR3iT5yPa7v,SGI-SOMNIGROUP INTERNATIONAL INC-2024.pdf,13526677,2026-07-15T15:01:39.868Z,e05be0c780fe1c9f80d4ff43cc4e58be
SHOO,1z76J-LIBsVrWLIYyGhwIyjgfMITd5MGS,SHOO-MADDEN STEVEN LTD-2019.pdf,29392527,2026-07-24T10:58:46.553Z,786d444fb90a568a87b1965fc75f4e79
SHOO,1U8b-s0q9Rzs2Oe10lWjTrg3iZRQbS-eG,SHOO-MADDEN STEVEN LTD-2020.pdf,9551191,2026-07-24T11:06:12.788Z,601ff461122d19698bc6cc92a5e3f9fa
SHOO,1n-BYQrkt1IJpqzCc3CP99GJLsDGMQPCO,SHOO-MADDEN STEVEN LTD-2021.pdf,41303998,2026-07-25T05:54:08.618Z,f2ac87436fdfad69ea210422b65b2815
SHOO,1LmrmCPRL-H3fYXuLEeRyl2PZtR8Mp5b3,SHOO-MADDEN STEVEN LTD-2022.pdf,25819270,2026-07-02T17:58:28.000Z,ad80685ca993340004ad802a72699555
SHOO,16mQBq3UgB1tU3I_BksH4pnbTqvMFrIQK,SHOO-MADDEN STEVEN LTD-2023.pdf,8841538,2026-07-02T17:59:36.000Z,a2dd80741cb7a35ee366f6354e615929
SHOO,1M7KN7YkTrkH3qNkp3XUnVP5EIM6XlHmq,SHOO-MADDEN STEVEN LTD-2024.pdf,27396415,2026-07-02T17:59:51.000Z,4ecc80739dd6c3db772267f2f6bf2ebe
SNBR,1ojRZuqcuFnod8QcyhGOoQYyfXnogrgvl,SNBR-SLEEP NUMBER CORP-2019.pdf,3949494,2026-07-24T10:58:58.323Z,97fb0279dfd9a53d044c9c44c9fb0e22
SNBR,1k0zKXOtIoZA1-H4FbpxMXF9Mmj4JLSEf,SNBR-SLEEP NUMBER CORP-2020.pdf,3158481,2026-07-28T11:57:31.683Z,3d41906867b7d9b9ce6a555c310cadb0
SNBR,1FtUpYpb9fiBM5Q5PsehWuabVAr6_WS7x,SNBR-SLEEP NUMBER CORP-2021.pdf,5909213,2026-07-28T12:04:02.806Z,f57a4537082b8149d679829208b12034
SNBR,160wD8ingIzbxbHfX87E7xF6YZm_iskxw,SNBR-SLEEP NUMBER CORP-2022.pdf,4514144,2026-07-28T12:04:16.149Z,e2801e53957df6ed84d71954cd38bb6c
SNBR,1oBJ1gzkGMB2h84iRtjk-dvBgnztktlsK,SNBR-SLEEP NUMBER CORP-2023.pdf,4336252,2026-07-28T12:04:23.041Z,31028dab093ac84b5bd000dc56e67286
SNBR,1nHpFn9ofXhi1qz887-ZPlmB_n2XUoG6_,SNBR-SLEEP NUMBER CORP-2024.pdf,4466052,2026-07-28T12:04:26.747Z,37a0cfd1c1639fa8accdfa46237a7704
SONO,1a1tKG54W-r_T_Pgx4cnCyyAaY9ooS7oQ,SONO-SONOS INC-2018.pdf,1642280,2026-07-24T11:06:21.103Z,4892b84966407166a7348b519c90995d
SONO,1VhjasLqP7Vd4Ci5QerJwdr9ewxpYthJ9,SONO-SONOS INC-2019.pdf,10451473,2026-07-24T10:57:13.897Z,cd46d77f598457a4b33ff4372479bc88
SONO,1Sm3-jF-HEQ1uIWzNqJP3tAF4fQjbcfmn,SONO-SONOS INC-2020.pdf,6797489,2026-07-15T12:30:33.000Z,7e066ced2c1ac984545973e91231ca85
SONO,1-2sEdeHnUAUqKfG_328UYfDznLiAAv6C,SONO-SONOS INC-2021.pdf,4900989,2026-07-07T10:13:02.000Z,1c3c5015f9ce98e45645dd30908fc02e
SONO,1uxD3olvERFE6bxh2E6uTaE5uFIJXbzGY,SONO-SONOS INC-2022.pdf,6923257,2026-07-07T10:13:12.000Z,0758a4a606dc7b5e5eaa203b56852f32
SONO,1gPM3vHDmgkrXVxx5VRePbrzKmYIeXaZm,SONO-SONOS INC-2023.pdf,14207686,2026-07-07T10:13:14.000Z,6ad2534ec2148c16df92bef7bdd59a80
SONO,150KQxM7poRYa8WVP0BQw4rB-X4R4pe3d,SONO-SONOS INC-2024.pdf,5162718,2026-07-07T10:14:11.000Z,4c5ea9494c50ac875dae91281a23c864
SONO,1srpe25F9mX7hIaGWkctTjQXrSWxFOE3C,SONO-SONOS INC-2025.pdf,7467464,2026-07-14T02:23:10.000Z,4abe3463d4da73917586c7ce7bc3f1d2
SVV,1LMMid_UmcPMXoYAwdSYGuZVMZ_DlMzg0,SVV-Savers Value Village-2021.pdf,12357072,2026-07-28T08:33:53.648Z,38ce6146e6163ebcb29bc992fd676376
SVV,1De_P0M_izfCCt8KkQKt6D_H8snsSCFNf,SVV-Savers Value Village-2022.pdf,66346468,2026-07-28T08:33:58.733Z,ef66d782fb68413cd3350cd5f0e8556b
SVV,18RBNzKKaiISgrQnnWAH7OXFCak1qcZgG,SVV-Savers Value Village-2023.pdf,27688453,2026-07-28T08:34:02.928Z,f5e5a74dde8a45faea604c23acf2cf41
SVV,1HW1-uHW4v_1J4b0nIA9zxO7MJwHGaFbU,SVV-Savers Value Village-2024.pdf,2333068,2026-07-28T08:34:06.183Z,3c879186983e61b889ef27d02ff22a46
T,1TgZcR-SB1TZC5g9fsMcppigXbzOhtNOV,T-AT&T INC-2015.pdf,3719222,2026-07-24T11:08:17.576Z,f352cbd11001f7289b6dd31b0adee5c3
T,1BwOeQI3Karow5keVOgzwIRxFf372_ChV,T-AT&T INC-2016.pdf,3378000,2026-07-19T11:24:13.000Z,53dd85ec07ebe579102b64b77079919b
T,17AFa44jKT-JXxJloF2_EZ1g13XgMvIiS,T-AT&T INC-2017.pdf,8901609,2026-07-24T11:05:42.539Z,3aceb95ca2263a924d6d6a0fcc10ad34
T,18--9g5xQTIT9BAQwdpKm0kCdEun-rHdi,T-AT&T INC-2018.pdf,9818299,2026-07-24T10:58:07.981Z,3db0f767f83a32270230205b021c4d1a
T,1J126svyriBjYuT7JOZwVEqMa2Z2iiw5-,T-AT&T INC-2019.pdf,10255993,2026-07-24T11:05:56.187Z,8967e215c1eb4c60137ad4e1751d4e5c
T,19s1OqnNHojDdzdNEfRmgMGUK50pSS_fG,T-AT&T INC-2020.pdf,6176080,2026-07-15T14:31:42.497Z,d1d566a21e840d1293909c9e2fa9b01d
T,1U_aJMobhjUwihGdrD9NDQ4_9hhkafA2n,T-AT&T INC-2021.pdf,9867176,2026-07-20T07:55:17.000Z,cfd1ede4ce28cbccb84f78eef07b577c
T,1GldA5w01F-l1E01SX5Pg2t41a-rcUPiV,T-AT&T INC-2022.pdf,7527268,2026-07-07T11:52:30.000Z,5188ac8271138563c734f6031c158fd3
T,1_IeHK56Vf0GKnyWqec93GsKJ7KEzA2YM,T-AT&T INC-2023.pdf,24368616,2026-07-07T11:52:53.000Z,38bdde66c877f949a8a8f0e30a4e4ef3
T,18dHo35eaYzRzqs2GkKmYktHvbeVLKv6o,T-AT&T INC-2024.pdf,3578232,2026-07-07T11:53:10.000Z,456cde6a51dce1ebdfcf3adfe2425c6c
T,1VBWoAh60Mr0nRJ340GxdVDiZbAfpWQmB,T-AT&T INC-2025.pdf,8484849,2026-07-07T11:54:45.000Z,d59364b216368b7724522d5fa2745c16
TDUP,1EGWWXRaUJ_NfwPizS3W1sWREzyVBkiLK,TDUP-THREDUP INC-2021.pdf,10071559,2026-07-08T09:50:21.000Z,4515ca3940fe574118967948e349d3a4
TDUP,1YB8ipIQTWj_Xp1sqbKuomA6rfdg8sMkD,TDUP-THREDUP INC-2022.pdf,28216306,2026-07-08T09:50:35.000Z,92445a9a768d2ebea984fa94dd7fa2c5
TDUP,1K8ExPqk7P9tcjBRC2P0c8a39u8H_2U0r,TDUP-THREDUP INC-2023.pdf,6498505,2026-07-11T18:29:50.000Z,58efb4a263daff8db7f2c4dd8e45fccb
TDUP,13QZgf-ARWmdmhf3NJatX3zhYwChM_ro_,TDUP-THREDUP INC-2024.pdf,13309190,2026-07-11T18:30:40.000Z,805521786f635dc46b8d02442713265c
TGT,1wqpRNDsIjzEzx6Bw-WVeCdfoz3EqMIaA,TGT-TARGET CORP-2015.pdf,7092622,2026-07-24T10:59:00.014Z,c71bc0e238c2261998ddc63eef6d6efe
TGT,1BupfS3zSiGtpCJhxugDD8XImY7DJ4xQo,TGT-TARGET CORP-2016.pdf,9552789,2026-07-24T10:57:27.224Z,6cc80c87cb7d2027c3c4d30f26f01b7b
TGT,1zW7bYGpRgqRj9medF6sr_L3Y0_sw_4Ly,TGT-TARGET CORP-2017.pdf,5210378,2026-07-24T11:05:21.369Z,6298f1e6d97df5f81c386f82e4ac23c8
TGT,1uzH2ZGcBFRZx0-5iH7e_z6v1Je6qNsPd,TGT-TARGET CORP-2018.pdf,12510470,2026-07-24T11:06:27.800Z,8cef77fdbcb726f659495fe01aeaafbd
TGT,1Kbgq088Y8XPpOPq8nliQwNbb6dL7X570,TGT-TARGET CORP-2019.pdf,7468767,2026-07-24T11:06:34.777Z,74196eeeb506c6dde8809b26597c91ee
TGT,1qXA8kRqsm-NZz9lALfLTRNo9pevIjdJW,TGT-TARGET CORP-2020.pdf,5545572,2026-07-16T08:22:53.872Z,207ab94e337788b3d8bb61ec5856d63a
TGT,1xgjontXVwrySq0U0P-m8ZoyKFyyFJCqx,TGT-TARGET CORP-2021.pdf,5097233,2026-07-16T08:26:40.293Z,8c31ce540e19fe04df573774794d600e
TGT,1mrKYlUzC0B6hwAA7uprhhZ3AFhrC_smu,TGT-TARGET CORP-2022.pdf,10277649,2026-07-16T08:27:10.684Z,a289f1fea3d570aa74a9dc3d164c3eb3
TGT,1Y3HO2W7EyJstmsCDOG2ZrWmntGpYjZqD,TGT-TARGET CORP-2023.pdf,21278411,2026-07-16T08:31:29.327Z,5a0154bf59cd9a03ca20af19da4736c1
TGT,1kg6IBJCF0y3cZ0SX2cUUR_OgvOr2ynCw,TGT-TARGET CORP-2024.pdf,31411235,2026-07-28T09:07:39.147Z,fbb543460502f3112eeab6b7057b2ad8
TJX,1CtssUlLRl_sz4z0m8qTcC7pn7odP0fTN,TJX-Tjx Cos Inc-2015.pdf,6598139,2026-07-28T09:14:32.800Z,2c4ea51e88cc104bc4c82652ba74bdcc
TJX,1YN6zxPGLCYnfctLNku2G-CMHylEwMpwj,TJX-Tjx Cos Inc-2016.pdf,8748631,2026-07-28T09:14:59.027Z,ada649c0e8885e29ca107c7cacf0e0a3
TJX,1Vo79BI-LPqxse1Kq3eUGiUDUGwhPze31,TJX-Tjx Cos Inc-2017.pdf,5908378,2026-07-28T09:15:15.246Z,8b10d9269f9801370ed4f415b1ea6700
TJX,1lDNEsKUTsruRfcITkQLV5sl-gyQ2Hpf9,TJX-Tjx Cos Inc-2018.pdf,6411733,2026-07-28T09:15:36.331Z,bc46c56dd9b620664aa48eb45d23795a
TJX,1iMHh5UXmsuzP0bz4sgZ3bxAwdaj8JEsf,TJX-Tjx Cos Inc-2019.pdf,7048168,2026-07-28T09:15:58.701Z,7f7774c1ceba554d58e8ecbc5c51df96
TJX,1kSVzcMe7GasB_OQR7VtuMNPSucOpItbO,TJX-Tjx Cos Inc-2020.pdf,11181039,2026-07-28T09:16:23.824Z,da180a5d37a24aec3080240ff020ad90
TJX,19CEhkgrsKVzgFC5y6vRwnv_i14cDopTD,TJX-Tjx Cos Inc-2021.pdf,18137185,2026-07-28T09:16:44.983Z,3d023a2213f860f5930d2c7a6507a310
TJX,1aNko4DuMexlc9TucDKyHuqZXYyrnYVVL,TJX-Tjx Cos Inc-2022.pdf,20642095,2026-07-28T09:17:07.355Z,35882afe3ca54299cc21209e1ecdc719
TJX,1F5vSLzmBS4qoTDlz3hnoYdCR_PcjPQFj,TJX-Tjx Cos Inc-2023.pdf,13313478,2026-07-28T09:17:26.359Z,01552ec0dc3f57f5dc52802123606f4e
TJX,1hbN8ONDXxZzbhTFAicR8662q_ll2zUVU,TJX-Tjx Cos Inc-2024.pdf,24120310,2026-07-28T09:17:49.622Z,0533b7ca39f988acfca97bec60c27973
TPR,1MVniPc-sF_yEHUgTba36tbeOUge8f0wP,TPR-TAPESTRY INC-2015.pdf,15374186,2026-07-24T10:57:54.512Z,759b3900800e4d44d8f0d0996d0647c9
TPR,1QaIiMtV8XRypS-U0PTFdly5d59-O5RtK,TPR-TAPESTRY INC-2016.pdf,9646509,2026-07-24T10:58:17.305Z,b7dfffe1cc6c3378a8499fd2796720ff
TPR,1anJQRcuswVFn4LID22-1LoO6kUPw0AFo,TPR-TAPESTRY INC-2017.pdf,8115760,2026-07-24T10:58:55.969Z,16fafb80e492eb61bc62dc831a28aa23
TPR,1vfPzUAYVN5usueGH3aJYn7BtKz_ZWu45,TPR-TAPESTRY INC-2018.pdf,6540419,2026-07-24T11:06:01.306Z,97ffc0fa21f1310e566efdfe87cea5e3
TPR,1hpl7ju5bEADfpm-4wj_dObrVfUiSTgDT,TPR-TAPESTRY INC-2019.pdf,6863892,2026-07-24T10:58:35.031Z,e080f31ce6d1c4f758d70afc20f3c49c
TPR,1t0DK7dAmu12WpBeMoW3D7tvCxBHBA7ah,TPR-TAPESTRY INC-2020.pdf,5321285,2026-07-24T11:05:47.443Z,e3cfba5477abad78871051baebaf7cdb
TPR,1VcefTEhR9BTlm0dtej3ICWRxkoxMr32n,TPR-TAPESTRY INC-2021.pdf,4236177,2026-07-02T16:55:59.000Z,8b3275cac44bacf280b49045d043feab
TPR,1PmoEpJUsRqaBcGrw5xh9VmbDOIFdd7XJ,TPR-TAPESTRY INC-2022.pdf,11947541,2026-07-02T16:56:13.000Z,1f2461ee23eccdadf78737fafe119333
TPR,1FZsxNpTAb9KdCh0XXmNJ9x5Ov1O78EGK,TPR-TAPESTRY INC-2023.pdf,14468810,2026-07-02T16:56:37.000Z,14eda261fbcd7fe38e3b7bfdef924eb5
TPR,12IIDQ2W3po_XSnB_Eax-9jPl0ld1Kw37,TPR-TAPESTRY INC-2024.pdf,14732306,2026-07-02T16:57:27.000Z,5e59b7c3727691dbc77f53e14c03202a
TPR,1yNpdQWieykzt7r5Oy0IX_QC6c9YSuIDy,TPR-TAPESTRY INC-2025.pdf,35723691,2026-07-02T16:58:05.000Z,74f662ab3df48d82594574c10a5bd9e8
TSCO,1Uq1oIivO6kVQykUg_H9MJVa9MnTV-QFd,TSCO-TRACTOR SUPPLY CO-2020.pdf,3872285,2026-07-24T11:06:39.292Z,857d93b000ce29a8341debe1b27d2fad
TSCO,1Jxr1OlXG284HNikU0VaB67wKBmijJnIJ,TSCO-TRACTOR SUPPLY CO-2021.pdf,5654488,2026-07-21T06:03:31.216Z,c3d1b010ba046df117db162e41267d00
TSCO,1_40h1NFivUJLNVbSBRz20fvjxhNWinsH,TSCO-TRACTOR SUPPLY CO-2023.pdf,6139149,2026-07-25T05:23:02.730Z,f654b2c81211fcc03ddfcc1bd04d5c4e
TSCO,1lVpf7OJZdGYxonlXzv00Mm7LLT_oUyyh,TSCO-TRACTOR SUPPLY CO-2024.pdf,3525454,2026-07-08T11:36:48.000Z,19cdd8c4dfa6318666bb3db905e6de2d
TSCO,197Zs-7SKJBOp0zU6mSv-2LGifCoOTGM8,TSCO-TRACTOR SUPPLY CO-2025.pdf,24602598,2026-07-08T11:35:38.000Z,7aa6990bfa569efea9d26eeb531598bd
UAA,1AYEbPaAqtlXk1hckvUGelgMUtWZWmTv4,UAA-UNDER ARMOUR INC-2021.pdf,12936710,2026-07-02T16:13:34.000Z,33c672e241a6329ea3f98ae1c7af8720
UAA,1OqzX3uNsyC34GUPmKZqlAFMQ0DbBYTLL,UAA-UNDER ARMOUR INC-2022.pdf,17297496,2026-07-28T04:32:28.918Z,9c1d662eb653f9223a54d695d0869648
UEIC,1sqQ2rAw-aTIN-26ZWNRr3OHyD3AQaGIN,UEIC-UNIVERSAL ELECTRONICS INC-2023.pdf,2935566,2026-07-10T11:08:19.000Z,3a3167701e2205d33c2c82a76cc92bf6
UEIC,1-Viq2j0ydHgU9BEgYk8NXlLXtDvW04Zq,UEIC-UNIVERSAL ELECTRONICS INC-2024.pdf,3681267,2026-07-07T10:10:05.000Z,83a6f8a45c1756b3526dea5166b656d6
UEIC,1937919C2vchuWwbR-nDDhrG214Y5WwBH,UEIC-UNIVERSAL ELECTRONICS INC-2025.pdf,3952764,2026-07-10T11:07:14.000Z,857a31c726ee9929f22447c2cf2522a1
ULTA,1FHHHHg9IM_z5lnJNPMX3Ul6YlOwtYUn-,ULTA-ULTA BEAUTY INC-2020.pdf,3651145,2026-07-24T11:06:16.285Z,58e85e109cd0929eb445c1089681558d
ULTA,1uMllAgwqwHuxYUC-Ioj_aEyfqN_zurM5,ULTA-ULTA BEAUTY INC-2021.pdf,17765718,2026-07-08T11:12:28.000Z,2a7325d950435561b4e40d5678c3c64c
ULTA,1bTLrRrO664DYN_FLfZkGBFguuVyhkQPo,ULTA-ULTA BEAUTY INC-2022.pdf,7756768,2026-07-08T11:12:15.000Z,251cfafd5c824eefff0a559bc479a11e
ULTA,11LW5pRrxu1SqG-8kVKASV4aXWWQT3T7g,ULTA-ULTA BEAUTY INC-2023.pdf,7084793,2026-07-08T11:12:02.000Z,e44859a18e543a5e06acfcf236d2ec8c
ULTA,1mkI0E3ealSBH53SYtw_BeOdCFatO8vsI,ULTA-ULTA BEAUTY INC-2024.pdf,8144642,2026-07-08T11:11:47.000Z,569515fb2adb6131647d2d247be76b99
ULTA,1aNM7odKfk8WQmc9avZutpghC63M8tDak,ULTA-ULTA BEAUTY INC-2025.pdf,17006858,2026-07-08T11:11:35.000Z,01a2bbc8ec260bb36883706b2894ca1e
UPBD,104XyvDeGnhBmCKUNiJW1JirrQPUyVN7w,UPBD-UPBOUND GROUP INC-2021.pdf,3692826,2026-08-05T17:56:07.760Z,79fbf38a2fd45788cdd795724039ea83
UPBD,1aSyukIyfYlG693fu49w0Os3o2lIcoKCj,UPBD-UPBOUND GROUP INC-2022.pdf,2795537,2026-08-05T17:56:34.722Z,4905584b1a15ec918910c1a5d6835f1a
UPBD,1bl4clSro5CA3CXX9uPeF_5RJmWlIEHy9,UPBD-UPBOUND GROUP INC-2023.pdf,5076334,2026-08-05T17:56:41.961Z,4338890d0f989e84caeecba5d3debd36
URBN,1clf-_CcsvWvwLvzdbjh2M2p32RKZVuBS,URBN-URBAN OUTFITTERS INC-2022.pdf,43970957,2026-07-28T05:06:33.844Z,fa22ae4df9b25f73819f39a73f1742bb
URBN,10MVwgkMq8wbqrkrF5OpFNEQWK-7iqICn,URBN-URBAN OUTFITTERS INC-2024.pdf,50637267,2026-07-28T05:07:39.452Z,8d7b932e745555afcd86242324ede6cb
URBN,1IGlyLwXvPXkk6RJjpp_rCmABmEJxfHBU,URBN-URBAN OUTFITTERS INC-2025.pdf,2558829,2026-07-28T05:08:15.467Z,c3d73843bea8f80b759c8720bfb25cc0
VFC,17AitgmJS7ZSdsLSxZcEc-2K5sSjexCwJ,VFC-VF CORP-2016.pdf,5744233,2026-07-28T05:19:23.581Z,9d4dc838419b4556e1c0b6cf54a65dfd
VFC,1a7oQhTdfT5dv0E1Nz8lIgv3jfHbYIrUh,VFC-VF CORP-2018.pdf,3563325,2026-07-28T05:20:04.318Z,3c2cca5836ac1a29c752e02545f52245
VFC,1NlCrQRSPx4D_6k0YlPixN-JdfKa2LFsb,VFC-VF CORP-2019.pdf,13461208,2026-07-24T11:08:11.775Z,f8e0a6a699d3c34f283528662a52c82c
VFC,13UvuyoCmP3gGEnnJ5sDfu07Ri5eTPgmb,VFC-VF CORP-2021.pdf,19332761,2026-07-28T05:30:47.027Z,4a60d9f6083508f028ddeebfb45bfba7
VFC,1Ju7O4zB--xUvmADd88GTVeWnJuc5ZH8_,VFC-VF CORP-2022.pdf,18233188,2026-07-28T05:31:03.935Z,ebb41ae386472510f6f6625675ab928e
VFC,1fUoUnSK18zNkKKjkiy51lTfR12j6Rwey,VFC-VF CORP-2023-2024.pdf,23802890,2026-07-22T13:22:42.271Z,696d7c1c842576e4684d376f97d7eb88
VFC,17BzqBFUR8loQighxi-v_0kBSY1wEdBi4,VFC-VF CORP-2024-2025.pdf,16555174,2026-07-22T13:23:08.310Z,6f13620efe958649db85c56e4ff25e82
VRA,13lCszFw1k-DSlJAGIOGgJzQ7SucwzYNj,VRA-VERA BRADLEY INC-2022.pdf,16159543,2026-07-02T17:00:02.000Z,dbffd5170bfa2dd27786d7cd88cc575c
VRA,1hibV4saf_yt_LENxbCz9cmfvE_wyUaME,VRA-VERA BRADLEY INC-2023.pdf,16477964,2026-07-02T17:00:24.000Z,4e68e8bc6b2f64f1d2f52006197ad9e5
VRA,1IjuYLw4_lMvVSTtntGBWRNTiwjzo5lR2,VRA-VERA BRADLEY INC-2024.pdf,3169782,2026-07-02T17:01:37.000Z,dbdc795604ac321cf137ab9ce7be8fba
VRA,12bpmPtbvCJaLqfHEoxC0D2dYtWNeZOhK,VRA-VERA BRADLEY INC-2025.pdf,9079234,2026-07-02T17:01:52.000Z,eac997eff6a464ab5dd7edeea7758e45
VSXY,1mNSMRzDsT5LujJPJXPzkHfi78oTdanR4,VSXY-Victorias Secret-2021.pdf,1454400,2026-07-02T15:21:47.000Z,d809821817069094a6cba331a683f07b
VSXY,1BXhWuQtKyJZlAy1LSiAEmId21pw10nf7,VSXY-Victorias Secret-2022.pdf,2736556,2026-07-02T15:21:31.000Z,cda9d0aed0a7fb9f494af3803ea2502f
VSXY,1Vm8eDNOTTv8XqSKZWGSsxCp3_M69pbX5,VSXY-Victorias Secret-2023.pdf,6124331,2026-07-02T15:21:11.000Z,9b065b85f862fd38f414167d73f40627
VSXY,1wnFRAAWevR8KRh3i0qbEBseex6-EKcQJ,VSXY-Victorias Secret-2025.pdf,19840411,2026-07-02T15:19:38.000Z,fc616498173e02b6a95d73e81445ba6c
VVV,1ycAiRTj0M3g9Ridf7P7YQR3fahW5zD9c,VVV-VALVOLINE INC-2016.pdf,12237448,2026-07-24T11:05:51.983Z,364a4157b9860db16a342dc0c9e070a2
VVV,1-HOZwFu1h5HkrZVPIMOI1Kkv1PFFeDD1,VVV-VALVOLINE INC-2017.pdf,20264459,2026-07-24T10:57:24.997Z,3a75ef5ae19d95701b9e8848ba53f3e4
VVV,1vEtxzLOnIzdgx7S_duHnmWvWqY0lB-M7,VVV-VALVOLINE INC-2018.pdf,22499964,2026-07-24T11:05:06.021Z,76ea04c7fa7aea4d6e96e6f0dbc47ce5
VVV,10YKIs8qxWbebmFcYZT6_TetecsDEQGGW,VVV-VALVOLINE INC-2019.pdf,17729993,2026-07-24T10:58:38.796Z,01972e1f9f21bf4e05d83230122822cd
VVV,1pLNpikHuqH8X3GSY5uaHyifBWkldGhsB,VVV-VALVOLINE INC-2020.pdf,5113528,2026-07-24T11:06:09.505Z,7b8922d0ce95e4f1b09d24c8f25e4229
VVV,1BTw_9VSjFK7q0OQ5xWSvTPvx-X8svXn6,VVV-VALVOLINE INC-2021.pdf,9483391,2026-07-07T07:40:30.000Z,e4dfcb19e9e8dcd0166f73bfc41a0f7e
VVV,1_GUogjF7Ixs49B3G6quVnWSZjS_sbkMO,VVV-VALVOLINE INC-2022.pdf,11252443,2026-07-07T07:40:47.000Z,c56564abd8e739841f4a3cec58b76a89
VVV,1SpeJ4u0plXuyjMAHSLs4zrVdF4o1OK4F,VVV-VALVOLINE INC-2023.pdf,14119693,2026-07-07T07:41:20.000Z,271aa52dcd82572a2d9e50e865ca6147
VVV,111SIrx17Amsx7b5zOr_1CNgBT0EO_ugM,VVV-VALVOLINE INC-2024.pdf,12516734,2026-07-07T07:41:45.000Z,109c995752d5cc7d69cadd5f6aa37724
VZ,1WkonwxZ6OOteG8-ynYZ0tj8eKGEl-Gv_,VZ-VERIZON COMMUNICATIONS INC-2015.pdf,29556526,2026-07-24T10:58:00.220Z,372c6e3f3d63acd16bdad9d72294e87f
VZ,1oamKrn5XsX6ATQsq8KoXj2TRBQ-H0vrs,VZ-VERIZON COMMUNICATIONS INC-2016.pdf,4912995,2026-07-24T10:58:02.143Z,0f43e3c8444948835fa5c94fedbfcb6c
VZ,1dCduzHAu3j8FT79T0KsLylwvO8B-U4OC,VZ-VERIZON COMMUNICATIONS INC-2017.pdf,8802399,2026-07-24T10:56:51.971Z,40d12d031d7c5f17922ef336f78ae4aa
VZ,1NG2U2xuYTQ6GN2t9vzPZyuvQ3ThKRO1P,VZ-VERIZON COMMUNICATIONS INC-2018.pdf,7169576,2026-07-24T11:06:04.540Z,da1d29e93676ef04c7edc04835d2ad46
VZ,1PAKRcRPx3h5uNf1kVbAgkQxv6185Oxq7,VZ-VERIZON COMMUNICATIONS INC-2019.pdf,8990200,2026-07-24T11:05:50.430Z,5ade765a23ce0476df04381edc9a1a25
VZ,1DoPjQnHKUxh6m5nC0Q-bpToaqK7hY57-,VZ-VERIZON COMMUNICATIONS INC-2020.pdf,2544735,2026-07-24T11:05:31.165Z,9dc1ffe9dcdd3194f3d9c44e78a89d72
VZ,1zqHgME1qwMG7RZaERKD7gmZ6x_hwM9ov,VZ-VERIZON COMMUNICATIONS INC-2021.pdf,2587848,2026-07-07T11:56:01.000Z,23cfe69412c295a8118a2009f07a1d93
VZ,1RmlX0tGiBA1nv2Pg9W9sC0cXZS7tyS9p,VZ-VERIZON COMMUNICATIONS INC-2022.pdf,1738137,2026-07-07T11:56:15.000Z,62731872c2b6d047ea8e8e85021cfd9c
VZ,1hhbwzLrLugNO-5bK_-zOJ2nH7qvV8axF,VZ-VERIZON COMMUNICATIONS INC-2023.pdf,941780,2026-07-07T11:56:33.000Z,ff80f775e4f077d90588c1fb29e909f7
VZ,15dLuFaUyqOKj2sJJvDbvrOPlhgSv9z7U,VZ-VERIZON COMMUNICATIONS INC-2024.pdf,2268388,2026-07-07T11:57:31.000Z,7052c13683c1b2f7b4028ef1a084a2de
W,1v11zoc3w_MNEWp1lkYlW4vZiYRW1igvm,W-WAYFAIR INC-2021.pdf,3634908,2026-07-07T08:14:23.000Z,9ca71bd66938ed22d2c561bf5141dfe3
W,19-QyGeqo5WDh8MYJfg_Eidob8bq4mtJK,W-WAYFAIR INC-2022.pdf,49496088,2026-07-07T08:14:51.000Z,d8a3fa98bcf623305262420a3f95a388
W,1WLn8h1qNeL4F2JQ_nI-sN3mEfLQ52rro,W-WAYFAIR INC-2023.pdf,48475978,2026-07-07T08:15:56.000Z,e7f05a7e666aad5cb40be8e27c77babc
W,1WBzM9rhrsfR5ewootYsMPXYIGZHi3jId,W-WAYFAIR INC-2024.pdf,35655596,2026-07-07T08:16:25.000Z,b6bd87cf5345225cff564378b67b66d7
W,1-vKMq44PPolaxcRTiOaBon5bJXaGdQNl,W-WAYFAIR INC-2025.pdf,40019002,2026-07-07T08:16:59.000Z,3cf86d213627795b412873bc78b9f9b8
WHR,1I7BvazPzxltSBzSvzIZxNAe-mwKweYAY,WHR-WHIRLPOOL CORP-2015.pdf,2791769,2026-07-24T11:08:02.018Z,bd86377d2ce3fb4c39c6c670592e57e4
WHR,1KUVwIvDMo_862wbBhNOauUQsYWPgHeGB,WHR-WHIRLPOOL CORP-2016.pdf,5009882,2026-07-24T11:06:53.208Z,9c730d3687b0a7e58e30c094d4d762b5
WHR,11Wwp9cLnxXiFgaqMhMLh_mLL09A9P0dl,WHR-WHIRLPOOL CORP-2017.pdf,73016384,2026-07-24T11:08:22.950Z,7a642eeac5423e4dbcd69a602f37f17d
WHR,1BTwSqmvQFreWvn8aMHhJanHKH2SKVJv1,WHR-WHIRLPOOL CORP-2018.pdf,9209250,2026-07-24T10:58:05.912Z,be806278e478fe70c9781ff3b083b85c
WHR,1f_0naelVhlkm2_5kY9eUK5N5lda3gZm-,WHR-WHIRLPOOL CORP-2019.pdf,12671274,2026-07-24T11:09:10.033Z,4378f2fa48a922ddd151f7b093d48927
WHR,1koBq23_AU1YzRiKMlXOT4Zivq1yXcqID,WHR-WHIRLPOOL CORP-2020.pdf,8811851,2026-07-24T11:08:48.075Z,02e84366e7f288dccdc2ef7c976b820f
WHR,1qDbq6JVjcLyHjh8vZ03WdagZfAx7M6xm,WHR-WHIRLPOOL CORP-2021.pdf,16082072,2026-07-08T09:34:18.000Z,4fbb526f06bed2a65e1741fcddc13661
WHR,1VtWvk0QlskxRMQd8epZo4uCJKECm3uC1,WHR-WHIRLPOOL CORP-2022.pdf,9976093,2026-07-08T09:34:34.000Z,9d6dfd9f5082b52efbfc387b4c04c8d7
WHR,1p5rK7GMnddEd4RRKDH_JRtgif2X11bQ2,WHR-WHIRLPOOL CORP-2023.pdf,15646824,2026-07-08T09:34:50.000Z,93f335216f334304b96699369f218707
WHR,1J_Oj-CjNyV3kl3IoQHLE7-bSrAtyQliP,WHR-WHIRLPOOL CORP-2024.pdf,9879430,2026-07-08T09:35:04.000Z,6b2703465a61142054f90d3687d21149
WHR,1up6N6-9oqs9LDh-hGmIc4S5zWEm6tmVZ,WHR-WHIRLPOOL CORP-2025.pdf,26330269,2026-07-08T09:35:38.000Z,f0414ab3e39ffa5639f30d577411bb9d
WMK,13jyEbiu8DvMOfd3g6Lk5zLOAPY3Er6C3,WMK-WEIS MARKETS INC-2015.pdf,7830491,2026-07-24T11:06:25.893Z,cb34f67318765189933bbee732aecea4
WMK,1fQ7bp4orXF6EyXHz6a60__Sei_EhgV9m,WMK-WEIS MARKETS INC-2016.pdf,3113159,2026-07-24T11:07:33.306Z,6d103c13bf698c8d54df82fdf32d30c5
WMK,112uia5qCXHpiFry1mrlDbI70fMQR-2Nz,WMK-WEIS MARKETS INC-2017.pdf,2445660,2026-07-24T10:56:38.808Z,e5ad94228d84e04f039855383a5dec08
WMK,1c8ywoyrA7RVj1SQU6j2auirzHVhuHJf1,WMK-WEIS MARKETS INC-2018.pdf,8417913,2026-07-24T10:58:03.872Z,ab3c862d16a304e131981d3b70892461
WMK,195ARzHA_eYoS9Vr9ZRj517P_JK6xnCrZ,WMK-WEIS MARKETS INC-2019.pdf,5021570,2026-07-24T11:05:44.303Z,a2719531c430189f34e35b4850630f55
WMK,19vUGdQq7TYDhQ8Th60dpk3F3_5yNH8jI,WMK-WEIS MARKETS INC-2020.pdf,3346363,2026-07-24T11:07:28.356Z,d6840c02fbe7428dde6774e234276280
WMK,1015Fw6i8tQ3ZE4MDoN0wWukQemPmDC5j,WMK-WEIS MARKETS INC-2021.pdf,10544316,2026-07-07T08:29:43.000Z,8b8bab2ce397c24608896cb77fd3ba77
WMK,1QU9LbYJm6XXRlW5x4rvW-6cRkXy7vhfg,WMK-WEIS MARKETS INC-2022.pdf,8119625,2026-07-07T08:30:37.000Z,977133921ef837bc819c2aa9df2a102f
WMK,1bDa6JpcXwjen2aroFCq_V2z0DOXyn--J,WMK-WEIS MARKETS INC-2023.pdf,6717491,2026-07-07T08:31:07.000Z,ca9bf88b9388cb0c683c6fe020046670
WMK,1OytiC3S0_ox_1GNGnObCDINIanSTOVDO,WMK-WEIS MARKETS INC-2024-2025.pdf,7882107,2026-07-07T08:32:09.000Z,c99ced84f93428af3ff6487d13e0455a
WMT,1bo0XL7CZn3uUJ4vge9fCMhRjxyrwknCz,WMT-WALMART INC-2015.pdf,10079561,2026-07-24T10:56:45.232Z,62483dca8ad4d0f64af66054bda5622c
WMT,1KlhUwoGsqLFZ1N53XSaU8eDPb6NFZueP,WMT-WALMART INC-2016.pdf,12011557,2026-07-24T10:58:13.607Z,ded80b2ef5bdb885a70577912a623796
WMT,11eN4xxrEWHRSAeZVVjr_t0WKPp72WX3N,WMT-WALMART INC-2017.pdf,9197160,2026-07-24T10:58:18.934Z,eef9f03ff3895a442650f5396bce31c6
WMT,1O5519vguBaaLF7W23FypssZ5-fZJZi-j,WMT-WALMART INC-2018.pdf,9896421,2026-07-24T11:06:22.689Z,cd7fea5aa95fee1a5f3e21fe6b0a0b84
WMT,1qbIfTSebPBMACAXbnde2hRK-quyoRyil,WMT-WALMART INC-2019.pdf,15772303,2026-07-24T11:05:39.306Z,6f4f9fcec03e49639cf060301cd05e25
WMT,1yoSjgRSBFQHjKHegRZ6-lywKt-VbviFD,WMT-WALMART INC-2020.pdf,15361349,2026-07-16T08:13:05.517Z,08391634df9da9cb04445263fc1fbc73
WMT,1d2mDwtYBsxH2jzz0oJvI-BlKS8KhraZ_,WMT-WALMART INC-2021.pdf,10711338,2026-07-16T08:14:31.107Z,3224156457b254c05be1293afec039e7
WMT,1NOhmPByhegdPzRhbj_y-iMKd5NCgcmup,WMT-WALMART INC-2022.pdf,4700060,2026-07-16T08:15:25.983Z,bca5273d63b3dd1f0ec42816bc3f36ee
WMT,1V9np3ClpX55PLEgIz4aUVZuCsZ53Yfnz,WMT-WALMART INC-2023.pdf,103068798,2026-07-16T08:16:45.396Z,6d105a6d496b39c6a0a92f5d03d424a6
WMT,1Tf7ptypfRKDLRnOUsRD9cCQVzVZvta8I,WMT-WALMART INC-2024.pdf,21725562,2026-07-16T08:17:51.263Z,6310abaa382ba71926e351d35f07c886
WOOF,1mTmBgD5UYgjAyex8gF4BRYHm9kpugoDe,WOOF-PETCO HEALTH AND WELLNESS CO-2021.pdf,5848959,2026-07-08T11:33:06.000Z,5f6565ce98e46a35b178649f796de10a
WOOF,1-Rx9dH4XLzn5IrFi1KMlYZqWVhz3aGvp,WOOF-PETCO HEALTH AND WELLNESS CO-2022.pdf,13572628,2026-07-08T11:32:52.000Z,804060780c59c6da712edef82a370829
WOOF,11UTnWcbaEhl2fpm2ddmlWk14Gra8IfeM,WOOF-PETCO HEALTH AND WELLNESS CO-2023.pdf,56248714,2026-07-08T11:32:39.000Z,57b27d2ec997a2c79e99bfce9eb6f379
WOOF,1yX0v5e4IznuRu8oTZkfjkHZijmhEq0Ki,WOOF-PETCO HEALTH AND WELLNESS CO-2024.pdf,42387875,2026-07-08T11:32:23.000Z,7172e72ed2b585a1567e6e19cd7d0235
WOOF,1i8QGn6Vu97bRfl7HgHEaSojfyCKhrusq,WOOf-PETCO HEALTH AND WELLNESS CO-2020.pdf,15538924,2026-07-24T11:07:53.637Z,0530c702a3a039617031e554a5c5eb0e
WRBY,1s4-SSqepRNdDm8y-e6Fr7drsPpEyyJJn,WRBY-WARBY PARKER INC-2018.pdf,16443108,2026-07-24T10:57:44.289Z,5afc57ce53839cbf6113a8b6e581d0f9
WRBY,1ND3PjuCcMbwP1BQpd2FSsZMgV1H02p6L,WRBY-WARBY PARKER INC-2019.pdf,4940999,2026-07-24T11:07:17.607Z,95f706678d7705ad9e2f4eaec4491cd7
WRBY,1xvNkhPWdwD9Ik4Jr1pm8wWBuWrpyEjUW,WRBY-WARBY PARKER INC-2020.pdf,45607935,2026-07-24T10:57:58.357Z,0048f3f9e3b22f5fbcb0fd0a7cd5f61a
WRBY,1N5zoO_EC-7AmR7RrihnKYuosbcjfy5wU,WRBY-WARBY PARKER INC-2021.pdf,31469479,2026-07-08T11:18:12.000Z,2425f743c3af9faa3ff489c53da4dfc6
WRBY,1cRhkLv4vrMQF1EUgdcVM9Wq3nH56mZdB,WRBY-WARBY PARKER INC-2022.pdf,15210299,2026-07-08T11:17:58.000Z,f80f247cb42a5b6721d1be0998eddbe3
WRBY,17oQlfFaUOSDAv_gzOPrQlSAABGy-baQ_,WRBY-WARBY PARKER INC-2023.pdf,9371164,2026-07-08T11:17:48.000Z,19eb14c6e718a9ba9db85f3daf36c186
WRBY,1N6DPfRJGbYCsg5UanVioyaOEVqn_0XyR,WRBY-WARBY PARKER INC-2024.pdf,9754571,2026-07-08T11:17:36.000Z,e2a9506df5c3604cfeecea4385187cdb
WRBY,1P9jzveXnG0fVo4m968FXqQB860Rt-1p6,WRBY-WARBY PARKER INC-2025.pdf,9657937,2026-07-08T11:17:06.000Z,0d745b05a3f9dcbb5264b59370dea6a0
WSM,1jWmb_pfe6-4vhtrip4_F0n1iryv0OaCc,WSM-WILLIAMS-SONOMA INC-2018.pdf,4921043,2026-07-24T10:58:54.276Z,bb9709d0e0bcd43f0eb80f71ecaf4380
WSM,1NhlY3is7sgSwyOhzqgoS276vhDj0enn0,WSM-WILLIAMS-SONOMA INC-2019.pdf,5488253,2026-07-24T11:05:11.429Z,7266a05d16686874398f728ff30c0d12
WSM,11TTJfiH0MGEzKeU5A9P1fcM9cptSgmPv,WSM-WILLIAMS-SONOMA INC-2020.pdf,8221566,2026-07-24T11:06:19.567Z,df4ea5879c8a06697fc613b60f6ca7ae
WSM,1-d7F-mJY0svQswt4yFe14QMDhIK65CQZ,WSM-WILLIAMS-SONOMA INC-2021.pdf,2975347,2026-07-07T07:56:38.000Z,3db645bca33281ca8610d885d1307c50
WSM,1YpP83xwK570KMlZdfBhemOvfmf_oENgJ,WSM-WILLIAMS-SONOMA INC-2022.pdf,3026642,2026-07-07T07:56:50.000Z,0eb9c8661ad5581237608cbbf30223a6
WSM,1htLM0Ly5XP6_AkrWirjGf2Q86dMf_i7v,WSM-WILLIAMS-SONOMA INC-2023.pdf,6348346,2026-07-07T07:57:22.000Z,612ed620ba922512e870d102fc596fd3
WSM,1bR2gcvArwVqtOfhtVFXAyvUoj0VQHJ1I,WSM-WILLIAMS-SONOMA INC-2024.pdf,5179761,2026-07-16T17:46:02.788Z,e84735381f3709a4a883a9de5d6fe687
WWW,1J6N49uQsrAYnz5yqgeCJ433P3YRk951j,WWW-WOLVERINE WORLD WIDE-2017.pdf,3181358,2026-07-24T10:57:50.277Z,ca02fb6bcefa112cedf700fc482950b4
WWW,12yTuUX98z-P5JGT5WhLMQqhW12GltZrS,WWW-WOLVERINE WORLD WIDE-2019.pdf,18201607,2026-07-24T11:09:06.640Z,ea6aa0dc2480f75a4be9e864aa43a28d
WWW,1O5D2DWbkpFenXX1eBsToBHdrnw8iEAIy,WWW-WOLVERINE WORLD WIDE-2020.pdf,23587409,2026-07-24T10:56:34.772Z,2e2a518c478e196726895881f51bed6b
WWW,1i1L40LVyDPi5U96Mj-EkXbtBAoWQLwgO,WWW-WOLVERINE WORLD WIDE-2021.pdf,8554802,2026-07-02T17:11:37.000Z,e6a42106787d3732e8a1d47f389681b3
WWW,1BzxydkB7lo6nInCbZrmEkCEGR4J_evCi,WWW-WOLVERINE WORLD WIDE-2022.pdf,31301914,2026-07-02T17:12:35.000Z,d2dafdf74d761328d2c753cce8739275
WWW,12MjUMBRH5EwTjuZ5TWzx6ZV2sHIh9OxM,WWW-WOLVERINE WORLD WIDE-2023.pdf,19761071,2026-07-02T17:13:20.000Z,e51c1f01d9bc6bf10752cef01f32b818
WWW,1gw8LXCkxvZESQBSwZiIjMor9Gs2K-x1z,WWW-WOLVERINE WORLD WIDE-2024.pdf,26132127,2026-07-02T17:15:00.000Z,8f5ad4120796df98475b110ff3c052c5
