ticker,drive_folder_id,drive_folder_url
AAP,1pvIpprpec-UK5EARG6kPAfwwkedeE1Ur,https://drive.google.com/drive/folders/1pvIpprpec-UK5EARG6kPAfwwkedeE1Ur
AAPL,1q9GHuM4Lh3OWO3mf0dorLVgQz2-TA95T,https://drive.google.com/drive/folders/1q9GHuM4Lh3OWO3mf0dorLVgQz2-TA95T
ABG,1k4Uoj4nu2e-RxkIFu6MiU7AY0JVQNpCh,https://drive.google.com/drive/folders/1k4Uoj4nu2e-RxkIFu6MiU7AY0JVQNpCh
ACI,1r7VzdsI83ZzI75wqLeG-XZCAfk1z8J8g,https://drive.google.com/drive/folders/1r7VzdsI83ZzI75wqLeG-XZCAfk1z8J8g
AEO,1EDz1ubGbTuVEOaoDifIVOtSaQpSgQAwi,https://drive.google.com/drive/folders/1EDz1ubGbTuVEOaoDifIVOtSaQpSgQAwi
AMZN,16oZVfVBirTZNX4ndsGTxq_mnAuG3MkUJ,https://drive.google.com/drive/folders/16oZVfVBirTZNX4ndsGTxq_mnAuG3MkUJ
AN,1tU46wrkfyWLPRifvk4gveZbkyNbG1caG,https://drive.google.com/drive/folders/1tU46wrkfyWLPRifvk4gveZbkyNbG1caG
APC,1mNwy9P09NgJTpRGR3bL-5BsczJP6935i,https://drive.google.com/drive/folders/1mNwy9P09NgJTpRGR3bL-5BsczJP6935i
ARKO,1e1rSevZqny_wTp6Soya8MmZW_705_BTA,https://drive.google.com/drive/folders/1e1rSevZqny_wTp6Soya8MmZW_705_BTA
ASO,1jhkV1QFaZ-lyioVUqGqYS5Vh-k3pHhhx,https://drive.google.com/drive/folders/1jhkV1QFaZ-lyioVUqGqYS5Vh-k3pHhhx
AZO,1vQNIcVvTVzKxzXNNlyS_ObzbnK9P6nIW,https://drive.google.com/drive/folders/1vQNIcVvTVzKxzXNNlyS_ObzbnK9P6nIW
BBW,1rFB-jSO1Co0Qw9Ofg510ENkIjGZOuLth,https://drive.google.com/drive/folders/1rFB-jSO1Co0Qw9Ofg510ENkIjGZOuLth
BBWI,1Mo9-0cn-v0Fi_efi4Axg29kjcOci_5Uu,https://drive.google.com/drive/folders/1Mo9-0cn-v0Fi_efi4Axg29kjcOci_5Uu
BBY,1fRqi3dcnt0I0L3EIzJh8o9YIqCHEYMpK,https://drive.google.com/drive/folders/1fRqi3dcnt0I0L3EIzJh8o9YIqCHEYMpK
BIRD,17sPMpbZ5zNuX8MwoeXJ3gF-l2f9XMikQ,https://drive.google.com/drive/folders/17sPMpbZ5zNuX8MwoeXJ3gF-l2f9XMikQ
BJ,1oTIFBU0ydDAjp6OVDaV-QP5SKJgX4U4b,https://drive.google.com/drive/folders/1oTIFBU0ydDAjp6OVDaV-QP5SKJgX4U4b
BURL,1Ad7wBOWzyhd6uevv3iB-5nCZUn0wZqfT,https://drive.google.com/drive/folders/1Ad7wBOWzyhd6uevv3iB-5nCZUn0wZqfT
CAL,1J3VaJwWXrnZueAkVtgwxis0P8ZXjZIxK,https://drive.google.com/drive/folders/1J3VaJwWXrnZueAkVtgwxis0P8ZXjZIxK
CASY,1CS1S8ky3AH9PqqWzrvhmk6zAFIDfCjDe,https://drive.google.com/drive/folders/1CS1S8ky3AH9PqqWzrvhmk6zAFIDfCjDe
COLM,1jDwNZpXQYgb3f8lf4_ZNnDWaTlen8ur6,https://drive.google.com/drive/folders/1jDwNZpXQYgb3f8lf4_ZNnDWaTlen8ur6
COST,1r4cZXbv6K5ixRVyRL-a3VqYraFMdbQGJ,https://drive.google.com/drive/folders/1r4cZXbv6K5ixRVyRL-a3VqYraFMdbQGJ
CPNG,1ZRng5H3ulg1KY9iYCueuKompW4fE2ZdL,https://drive.google.com/drive/folders/1ZRng5H3ulg1KY9iYCueuKompW4fE2ZdL
CRI,1cIwPDaPUFuDMXrQNdxgKC0kJe6oaKZl4,https://drive.google.com/drive/folders/1cIwPDaPUFuDMXrQNdxgKC0kJe6oaKZl4
CRMT,1lKBbmfQkt0DdlCxL1STRPxTkitBgOEI_,https://drive.google.com/drive/folders/1lKBbmfQkt0DdlCxL1STRPxTkitBgOEI_
CROX,17-mK8Gexv6JSG4ySx5CqDNuwmNIq6mR9,https://drive.google.com/drive/folders/17-mK8Gexv6JSG4ySx5CqDNuwmNIq6mR9
CURV,1Q9MPm16o99nrrTrT_HYX7OG4Y1dJAPqP,https://drive.google.com/drive/folders/1Q9MPm16o99nrrTrT_HYX7OG4Y1dJAPqP
CVS,19V3FDatOGS-5A_VE1VwZX-aB_FUOOmLF,https://drive.google.com/drive/folders/19V3FDatOGS-5A_VE1VwZX-aB_FUOOmLF
DECK,1F1Cph456Cg1IBZ3lWZuXrnEZ3nwA3t7W,https://drive.google.com/drive/folders/1F1Cph456Cg1IBZ3lWZuXrnEZ3nwA3t7W
DELL,1y5Ngm65cEHrD3Jqq_CI10rXKIfBywv1F,https://drive.google.com/drive/folders/1y5Ngm65cEHrD3Jqq_CI10rXKIfBywv1F
DG,1RQVN4LgSakISCnRu_vWvnt6hQfHA_6Os,https://drive.google.com/drive/folders/1RQVN4LgSakISCnRu_vWvnt6hQfHA_6Os
DKS,1Qq7wv3XhHhtUbEJkN21wOPcrzaiiGnvK,https://drive.google.com/drive/folders/1Qq7wv3XhHhtUbEJkN21wOPcrzaiiGnvK
DLTR,1NUUIa-ZNqZc2NJYJhiSriVZhElWM2Md8,https://drive.google.com/drive/folders/1NUUIa-ZNqZc2NJYJhiSriVZhElWM2Md8
DXLG,1TSbsH3r2lloqxYLi6ciL5L8KExil1Ajz,https://drive.google.com/drive/folders/1TSbsH3r2lloqxYLi6ciL5L8KExil1Ajz
EBAY,1rVNZZe14HfXo2zFpTn1JQUiOUJ_vSWz2,https://drive.google.com/drive/folders/1rVNZZe14HfXo2zFpTn1JQUiOUJ_vSWz2
ETSY,1Y19BuUwNYxhxgeQhmNlueJuMUEhFDEDY,https://drive.google.com/drive/folders/1Y19BuUwNYxhxgeQhmNlueJuMUEhFDEDY
EYE,1XvTSGNRQwO44UnB13x8wQ6i8s6V51Zm1,https://drive.google.com/drive/folders/1XvTSGNRQwO44UnB13x8wQ6i8s6V51Zm1
FIGS,16Lm5fdDhPpsmp5pKyy_4PfT0Pegnmmfw,https://drive.google.com/drive/folders/16Lm5fdDhPpsmp5pKyy_4PfT0Pegnmmfw
FIVE,1vwMOhhWzv8fYTCFzCvhvZemxwUUu21Cg,https://drive.google.com/drive/folders/1vwMOhhWzv8fYTCFzCvhvZemxwUUu21Cg
FL,1zk0gQ2Q8o7nBWJoJ8BxY0O2Slveq7Y-z,https://drive.google.com/drive/folders/1zk0gQ2Q8o7nBWJoJ8BxY0O2Slveq7Y-z
FLXS,1WIMtykELVNLjxzz4KWOHgJwNEHl00wfO,https://drive.google.com/drive/folders/1WIMtykELVNLjxzz4KWOHgJwNEHl00wfO
FND,1-pj_fCDLv40g-5YMymfT7BQa7c_ah7kj,https://drive.google.com/drive/folders/1-pj_fCDLv40g-5YMymfT7BQa7c_ah7kj
FOSL,1a6XRWBmhVhGrsU7lXXa0W4xw6B5Nrl3N,https://drive.google.com/drive/folders/1a6XRWBmhVhGrsU7lXXa0W4xw6B5Nrl3N
GAP,1h5teXntQr5k8MrRtes1KPPcA5ttgHsjF,https://drive.google.com/drive/folders/1h5teXntQr5k8MrRtes1KPPcA5ttgHsjF
GCO,1fvVZjzw72UJQcOP1F0GlGvcycLUTsDGr,https://drive.google.com/drive/folders/1fvVZjzw72UJQcOP1F0GlGvcycLUTsDGr
GES,1AYcXs3Y_Mp_1vkilkd2AQ0TXYVWEn657,https://drive.google.com/drive/folders/1AYcXs3Y_Mp_1vkilkd2AQ0TXYVWEn657
GIII,18ZIAYUgoQSvRakTjIroV2RVfFUpEUdND,https://drive.google.com/drive/folders/18ZIAYUgoQSvRakTjIroV2RVfFUpEUdND
GO,1H3WqzwOFysciBQXy-c6GCIlAFXbvobLx,https://drive.google.com/drive/folders/1H3WqzwOFysciBQXy-c6GCIlAFXbvobLx
GPI,1q7TEA9iGyj1FvjJDdfRUCntyDIAbwPnu,https://drive.google.com/drive/folders/1q7TEA9iGyj1FvjJDdfRUCntyDIAbwPnu
GPRO,1eWN1vSVXTFGLsMc36pAUpD7HpVKX8jgR,https://drive.google.com/drive/folders/1eWN1vSVXTFGLsMc36pAUpD7HpVKX8jgR
GROV,1Sm-P9hwhHcGo6L6VwKYCFEiYB1C6Iv6G,https://drive.google.com/drive/folders/1Sm-P9hwhHcGo6L6VwKYCFEiYB1C6Iv6G
GRPN,1fklgfLXrcfuAxp4Lnfn6KevqbbxMmQuU,https://drive.google.com/drive/folders/1fklgfLXrcfuAxp4Lnfn6KevqbbxMmQuU
HD,1zDgez2Fu0HcQ9iYEwZiYvVQ3s4VK1N82,https://drive.google.com/drive/folders/1zDgez2Fu0HcQ9iYEwZiYvVQ3s4VK1N82
HOFT,1yGvJ-oW2dP8vSVG5ngl_1ZKhBg2rgUPN,https://drive.google.com/drive/folders/1yGvJ-oW2dP8vSVG5ngl_1ZKhBg2rgUPN
HVT,1foDpEiPQ-bvStcFeDIJVzCHNpcbCCbJ-,https://drive.google.com/drive/folders/1foDpEiPQ-bvStcFeDIJVzCHNpcbCCbJ-
JILL,1EWOU-JwQcSnMSfWL6cBq0XCFgeioE-6l,https://drive.google.com/drive/folders/1EWOU-JwQcSnMSfWL6cBq0XCFgeioE-6l
JWN,1p_IsCoQGF7GnVA35abKlF0G6EfCY78zZ,https://drive.google.com/drive/folders/1p_IsCoQGF7GnVA35abKlF0G6EfCY78zZ
KMX,13Qnbv184fyCI1PE77cPs7VaFwmeUjYgf,https://drive.google.com/drive/folders/13Qnbv184fyCI1PE77cPs7VaFwmeUjYgf
KR,1ZQTsyB_5tXDCyI_jCr83-NE2lTDtowQi,https://drive.google.com/drive/folders/1ZQTsyB_5tXDCyI_jCr83-NE2lTDtowQi
KSS,1E-_knZ-uzQINx_7HAVNBR0mXaBuD9HsN,https://drive.google.com/drive/folders/1E-_knZ-uzQINx_7HAVNBR0mXaBuD9HsN
KTB,1pgAe6yjITRivKdQbrXTouVv1wcTxmThW,https://drive.google.com/drive/folders/1pgAe6yjITRivKdQbrXTouVv1wcTxmThW
LAD,1CUfVUtDfgfMCvmV7F_UdtU_LOoWuHQUb,https://drive.google.com/drive/folders/1CUfVUtDfgfMCvmV7F_UdtU_LOoWuHQUb
LE,1fYYkbTk03vfgMidPTZc4VRnyL0QRH50q,https://drive.google.com/drive/folders/1fYYkbTk03vfgMidPTZc4VRnyL0QRH50q
LEG,1mGAvw7aOQoecTRao5y-LoVdFRpNdICRk,https://drive.google.com/drive/folders/1mGAvw7aOQoecTRao5y-LoVdFRpNdICRk
LESL,1_aShePaYiJK9a-MIOF6J63PJuuQMRpoA,https://drive.google.com/drive/folders/1_aShePaYiJK9a-MIOF6J63PJuuQMRpoA
LEVI,15lWqDcNwnHG1jxEdLRKZNFpQ_dQyjLcT,https://drive.google.com/drive/folders/15lWqDcNwnHG1jxEdLRKZNFpQ_dQyjLcT
LOVE,1BUKT5jtwa5nHD1QfxjpfX8lMmXEfHVSp,https://drive.google.com/drive/folders/1BUKT5jtwa5nHD1QfxjpfX8lMmXEfHVSp
LOW,10RS3_3mUIIVQCnLJMmg2C9SWVUxkRFfs,https://drive.google.com/drive/folders/10RS3_3mUIIVQCnLJMmg2C9SWVUxkRFfs
LULU,12CRV4pTWvIkcHS_ObX43cVU7OwZ22CC-,https://drive.google.com/drive/folders/12CRV4pTWvIkcHS_ObX43cVU7OwZ22CC-
LZB,1J6SQlbPi_9-7pxeoJwlzAW134BdNfW4w,https://drive.google.com/drive/folders/1J6SQlbPi_9-7pxeoJwlzAW134BdNfW4w
M,1mnbPcJpF49CSqOg3ZFNLVkMmfkxl2dMV,https://drive.google.com/drive/folders/1mnbPcJpF49CSqOg3ZFNLVkMmfkxl2dMV
MELI,1gTv8YCYYMNbo9faE6wMY_TYvYUJm2fqF,https://drive.google.com/drive/folders/1gTv8YCYYMNbo9faE6wMY_TYvYUJm2fqF
MHK,1bB9zCk92_EiRFYwk07RdL5zHkOIV2nzf,https://drive.google.com/drive/folders/1bB9zCk92_EiRFYwk07RdL5zHkOIV2nzf
MNRO,1jmjs1xAQMUT_6qJH3sLB9T9Zj1ifJSk5,https://drive.google.com/drive/folders/1jmjs1xAQMUT_6qJH3sLB9T9Zj1ifJSk5
MOV,1Yj9Fb9oc6xZT-I_tyCHuCOqI4EvC3vMg,https://drive.google.com/drive/folders/1Yj9Fb9oc6xZT-I_tyCHuCOqI4EvC3vMg
MUSA,1xWR_F4hBSOPgfBvTFzQ_tow04tPJQyHN,https://drive.google.com/drive/folders/1xWR_F4hBSOPgfBvTFzQ_tow04tPJQyHN
NGVC,1FG8Oxgrn7VSYkA8VhPnLQQhcf_OCWAMx,https://drive.google.com/drive/folders/1FG8Oxgrn7VSYkA8VhPnLQQhcf_OCWAMx
NKE,14KiqT-ytAzeE24n-BaRYbmezF_zwZckF,https://drive.google.com/drive/folders/14KiqT-ytAzeE24n-BaRYbmezF_zwZckF
NWL,1FUa6nPtH0x-VDTSlgrMhz5HJa2ubLEP8,https://drive.google.com/drive/folders/1FUa6nPtH0x-VDTSlgrMhz5HJa2ubLEP8
ORLY,1aLhn_67ShLBuztcXLbIAC_1W6_ZGogd3,https://drive.google.com/drive/folders/1aLhn_67ShLBuztcXLbIAC_1W6_ZGogd3
OXM,1S51p36bt6A6BvcM2CXODgxk3fILYzBwy,https://drive.google.com/drive/folders/1S51p36bt6A6BvcM2CXODgxk3fILYzBwy
PAG,19CV9DPOroN3hj0GmmVJsoPHcs4P87MgZ,https://drive.google.com/drive/folders/19CV9DPOroN3hj0GmmVJsoPHcs4P87MgZ
PLCE,1CQJuvRaUA9L9otu2OURWp3mlPI8jqqfb,https://drive.google.com/drive/folders/1CQJuvRaUA9L9otu2OURWp3mlPI8jqqfb
PRTS,1xKc4yT-g_on37wl4wTPrSUTIxAyJ2GmO,https://drive.google.com/drive/folders/1xKc4yT-g_on37wl4wTPrSUTIxAyJ2GmO
PSMT,1_I59OqKHzzPu7e8U54db199yJzT3p2mQ,https://drive.google.com/drive/folders/1_I59OqKHzzPu7e8U54db199yJzT3p2mQ
PTRN,13ZZHgxrn8a4ooYmSz51CWVjVK7DenRuU,https://drive.google.com/drive/folders/13ZZHgxrn8a4ooYmSz51CWVjVK7DenRuU
PVH,1LQTBXcvAcIHRXR9B6IyMqCeGNXpy_6Q4,https://drive.google.com/drive/folders/1LQTBXcvAcIHRXR9B6IyMqCeGNXpy_6Q4
RCKY,1KHJdf-MUWoA2JK7tYlAXE48_ol1vbKxP,https://drive.google.com/drive/folders/1KHJdf-MUWoA2JK7tYlAXE48_ol1vbKxP
RL,1lysWVQZ_uQDpFsVcB2KLvnaOVedKwv-f,https://drive.google.com/drive/folders/1lysWVQZ_uQDpFsVcB2KLvnaOVedKwv-f
ROST,11lrwuJJikzUIFK_Ej4_hXv3Y2n1If3i4,https://drive.google.com/drive/folders/11lrwuJJikzUIFK_Ej4_hXv3Y2n1If3i4
SBH,1OzqTR8WaLLvY2nXj8qohtAykDnfZgZil,https://drive.google.com/drive/folders/1OzqTR8WaLLvY2nXj8qohtAykDnfZgZil
SFM,13zGpfCMNK7i-MsgeQTwityZMLEwLcf3V,https://drive.google.com/drive/folders/13zGpfCMNK7i-MsgeQTwityZMLEwLcf3V
SGC,1eAta-jCgnxNfyed7WbAAaw-bDzahk9oA,https://drive.google.com/drive/folders/1eAta-jCgnxNfyed7WbAAaw-bDzahk9oA
SGI,1vC1AhUn9sDihRZv9T8_wcgh7x8jPHPQX,https://drive.google.com/drive/folders/1vC1AhUn9sDihRZv9T8_wcgh7x8jPHPQX
SHOO,1t5OkiuQEtR4rXEIfZ2bEoSUkoptAXU59,https://drive.google.com/drive/folders/1t5OkiuQEtR4rXEIfZ2bEoSUkoptAXU59
SNBR,1j1ctKxeh9nZat9RNMeGa84WRodtGuJae,https://drive.google.com/drive/folders/1j1ctKxeh9nZat9RNMeGa84WRodtGuJae
SONO,1qirwiriVV2mdklrYgOGPdZ2k5lHqxRJm,https://drive.google.com/drive/folders/1qirwiriVV2mdklrYgOGPdZ2k5lHqxRJm
SVV,1t2LpxojwX2GS0-bTkRmMmfT8FFonMTBX,https://drive.google.com/drive/folders/1t2LpxojwX2GS0-bTkRmMmfT8FFonMTBX
T,1xlvjzxuFQtuIJgXzWyG9LaQQV_zDXj5X,https://drive.google.com/drive/folders/1xlvjzxuFQtuIJgXzWyG9LaQQV_zDXj5X
TDUP,1iaYIrgYWftjG3vSbuUWsr9x7DIXIkfI7,https://drive.google.com/drive/folders/1iaYIrgYWftjG3vSbuUWsr9x7DIXIkfI7
TGT,1y4u7pGEVTexsuJc19xswdIIqopkXmxLb,https://drive.google.com/drive/folders/1y4u7pGEVTexsuJc19xswdIIqopkXmxLb
TJX,1KNhdE7jOEcdeql3tTJ3Nb0Hdk-UtABP0,https://drive.google.com/drive/folders/1KNhdE7jOEcdeql3tTJ3Nb0Hdk-UtABP0
TPR,10YIiKCbzdTDP5woRjGY02UQvQZYuIUMb,https://drive.google.com/drive/folders/10YIiKCbzdTDP5woRjGY02UQvQZYuIUMb
TSCO,1fxL_0kXrtRUxj0Y11Ds149upKCI5ktdc,https://drive.google.com/drive/folders/1fxL_0kXrtRUxj0Y11Ds149upKCI5ktdc
UAA,14d81Uy5EmCoEzYwq2m95nTQZXTOcMtl4,https://drive.google.com/drive/folders/14d81Uy5EmCoEzYwq2m95nTQZXTOcMtl4
UEIC,1kfHPmwwamA4I2kF5_onHoZMWVaIOgV3I,https://drive.google.com/drive/folders/1kfHPmwwamA4I2kF5_onHoZMWVaIOgV3I
ULTA,14_tYJqGHVpNA4oKcauyPZdFlfhBJ4O3O,https://drive.google.com/drive/folders/14_tYJqGHVpNA4oKcauyPZdFlfhBJ4O3O
UPBD,16tiosGzFr6kblkVfZSkgUmDZ4GstwcGJ,https://drive.google.com/drive/folders/16tiosGzFr6kblkVfZSkgUmDZ4GstwcGJ
URBN,1ootaOlITsyopHEA1gS3C0dOQJ6j-iRYe,https://drive.google.com/drive/folders/1ootaOlITsyopHEA1gS3C0dOQJ6j-iRYe
VFC,1WMuwxxbPQiW_vZqu-6JK8XXsWNoJH8_Y,https://drive.google.com/drive/folders/1WMuwxxbPQiW_vZqu-6JK8XXsWNoJH8_Y
VRA,1ueoEJVPIFE20LNR9b3AUIEzwLDcPDbl-,https://drive.google.com/drive/folders/1ueoEJVPIFE20LNR9b3AUIEzwLDcPDbl-
VSXY,1Vzcn30HFOpX9vG-z8vlYoG6o-AbhnQkm,https://drive.google.com/drive/folders/1Vzcn30HFOpX9vG-z8vlYoG6o-AbhnQkm
VVV,1Jos5P_hzvwf_B50OEGDotuok_m9JlK0z,https://drive.google.com/drive/folders/1Jos5P_hzvwf_B50OEGDotuok_m9JlK0z
VZ,1voY1N0WgiCTFTKnIqEpePAdhUt-xY2gr,https://drive.google.com/drive/folders/1voY1N0WgiCTFTKnIqEpePAdhUt-xY2gr
W,154hu_Hjcx7zOwONPaoYpMDfDYX2a6EDx,https://drive.google.com/drive/folders/154hu_Hjcx7zOwONPaoYpMDfDYX2a6EDx
WHR,1z6gtBZbC3yvaXqrmaruNksSPYbUkzcBx,https://drive.google.com/drive/folders/1z6gtBZbC3yvaXqrmaruNksSPYbUkzcBx
WMK,1VJQAtg4eMU9RoBnkn8ca3QdbRfNV6Ik_,https://drive.google.com/drive/folders/1VJQAtg4eMU9RoBnkn8ca3QdbRfNV6Ik_
WMT,1Wb8C7eIaXch3_LUrAr2CDMntXmAf2YCs,https://drive.google.com/drive/folders/1Wb8C7eIaXch3_LUrAr2CDMntXmAf2YCs
WOOF,1s35e-TZ-t4tFXlhr6QxPTsshIxDVWFu8,https://drive.google.com/drive/folders/1s35e-TZ-t4tFXlhr6QxPTsshIxDVWFu8
WRBY,1sB4kVg6Lz3dzJambWyCoafBIkupY1OQd,https://drive.google.com/drive/folders/1sB4kVg6Lz3dzJambWyCoafBIkupY1OQd
WSM,1PqfINwoGUFvna5zoZ76R9PUnoF07roIP,https://drive.google.com/drive/folders/1PqfINwoGUFvna5zoZ76R9PUnoF07roIP
WWW,1Gnw7yflVGUuFij8OavKfhYI9Mck2uMqp,https://drive.google.com/drive/folders/1Gnw7yflVGUuFij8OavKfhYI9Mck2uMqp
XOM,1ymuSTpN2p5Z2QXNkJHznLvfy70LbIkVW,https://drive.google.com/drive/folders/1ymuSTpN2p5Z2QXNkJHznLvfy70LbIkVW
