report_label,ticker,year,heading,review_flag,source_line
AEO 2021,AEO,2021,ABOUT THIS REPORT,,2
AEO 2021,AEO,2021,CEO WELCOME,,3
AEO 2021,AEO,2021,BUILDING A BETTER WORLD HIGHLIGHTS,,4
AEO 2021,AEO,2021,OUR JOURNEY,,5
AEO 2021,AEO,2021,"About AEO, Inc. and Our Brands",,6
AEO 2021,AEO,2021,American Eagle,,8
AEO 2021,AEO,2021,Aerie,,9
AEO 2021,AEO,2021,Unsubscribed,,10
AEO 2021,AEO,2021,ESG Oversight and Collaboration Setting Best Practices,,11
AEO 2021,AEO,2021,Material ESG Topics,,13
AEO 2021,AEO,2021,PLANET,,14
AEO 2021,AEO,2021,A Decade of Water Leadership,,15
AEO 2021,AEO,2021,Sustainable Materials,,16
AEO 2021,AEO,2021,Real Good. Made with the Planet in Mind,,17
AEO 2021,AEO,2021,Climate: Energy and Emissions,,19
AEO 2021,AEO,2021,Circularity and Waste Reduction,,20
AEO 2021,AEO,2021,PEOPLE,,21
AEO 2021,AEO,2021,Building a Better Workplace and Community - Social Goals,,22
AEO 2021,AEO,2021,Our People and Values Are at the Center of Everything We Do,sentence_like_review,24
AEO 2021,AEO,2021,Our Culture is a Competitive Advantage,,26
AEO 2021,AEO,2021,Our Total Rewards Approach,,27
AEO 2021,AEO,2021,"IDEA: Inclusion, Diversity, Equity and Access",,28
AEO 2021,AEO,2021,IDEA Alliance and Guiding Principles,,29
AEO 2021,AEO,2021,People Data,,30
AEO 2021,AEO,2021,Associate Networks & Connections,,31
AEO 2021,AEO,2021,Caring for Our People: Human Rights in Our Supply Chain,,32
AEO 2021,AEO,2021,"We are committed to safe working conditions, supplier relations and human rights across our supply chain.",sentence_like_review,33
AEO 2021,AEO,2021,Consumer Trust,,35
AEO 2021,AEO,2021,Partnerships That Make a Difference,,36
AEO 2021,AEO,2021,Supporting People and Strengthening Our Communities,,37
AEO 2021,AEO,2021,We give back and roll up our sleeves to make a difference in the communities where we live and work.,sentence_like_review,38
AEO 2021,AEO,2021,PRACTICES,,40
AEO 2021,AEO,2021,Corporate Governance and Board of Directors,,41
AEO 2021,AEO,2021,Responsible Business,,42
AEO 2021,AEO,2021,Key Sourcing Policies and Protocols,,43
AEO 2021,AEO,2021,Data Privacy and Security,,44
AEO 2021,AEO,2021,In Memoriam of Steven A. Davis,,45
AEO 2021,AEO,2021,Forward-looking Statements,,46
AEO 2021,AEO,2021,APPENDIX,,47
AEO 2021,AEO,2021,SASB Index,,48
AEO 2021,AEO,2021,Annual GHG Inventory Results,,49
AEO 2021,AEO,2021,GHG Verification Statement,,50
AEO 2021,AEO,2021,Complete Material Topic List,,51
AEO 2021,AEO,2021,Memberships and Associations,,52
AEO 2022,AEO,2022,CEO WELCOME,,54
AEO 2022,AEO,2022,OUR LEGACY,,55
AEO 2022,AEO,2022,BUILDING A BETTER WORLD: 2022 HIGHLIGHTS,,56
AEO 2022,AEO,2022,OUR JOURNEY,,57
AEO 2022,AEO,2022,A COMPANY LED BY PURPOSE,,58
AEO 2022,AEO,2022,American Eagle,contains_ocr_note,59
AEO 2022,AEO,2022,Aerie,contains_ocr_note,60
AEO 2022,AEO,2022,TODD SNYDER,contains_ocr_note,61
AEO 2022,AEO,2022,UNSUBSCRIBED,contains_ocr_note,62
AEO 2022,AEO,2022,OUR JOURNEY TO BUILD A BETTER WORLD: 20+ YEARS OF PROGRESS,,63
AEO 2022,AEO,2022,ESG OVERSIGHT & COLLABORATION: Setting Best Practices,,64
AEO 2022,AEO,2022,MATERIAL ESG TOPICS,,65
AEO 2022,AEO,2022,ESG RATINGS OF AEO,,66
AEO 2022,AEO,2022,PLANET,,67
AEO 2022,AEO,2022,BUILDING A BETTER PLANET - GOALS,,68
AEO 2022,AEO,2022,BUILDING A BETTER PLANET,,69
AEO 2022,AEO,2022,CONTINUING OUR WATER LEADERSHIP,,70
AEO 2022,AEO,2022,OUR JEANS STORY,,71
AEO 2022,AEO,2022,INCREASING SUSTAINABLE RAW MATERIALS,,72
AEO 2022,AEO,2022,EXPANDING REAL GOOD,,73
AEO 2022,AEO,2022,BREAKDOWN BY MATERIAL,,74
AEO 2022,AEO,2022,OUR APPROACH TO CHEMICAL MANAGEMENT,,75
AEO 2022,AEO,2022,CLIMATE: REDUCING ENERGY & EMISSIONS,,76
AEO 2022,AEO,2022,OUR EMISSIONS REDUCTION PROGRESS,,77
AEO 2022,AEO,2022,CLIMATE: PARTNERSHIPS & PROGRAMS,,78
AEO 2022,AEO,2022,WASTE REDUCTION,,79
AEO 2022,AEO,2022,BUILDING A BETTER WORKPLACE & COMMUNITY - GOALS,,80
AEO 2022,AEO,2022,OUR VALUES,,82
AEO 2022,AEO,2022,OUR CULTURE,,83
AEO 2022,AEO,2022,A 360o APPROACH TO SUPPORTING OUR PEOPLE,,84
AEO 2022,AEO,2022,REAL OPPORTUNITIES,,85
AEO 2022,AEO,2022,"IDEA: Inclusion, Diversity, Equity and Access",,86
AEO 2022,AEO,2022,IDEA: Notable New Initiatives in 2022,,87
AEO 2022,AEO,2022,"GUIDING PRINCIPLES & PILLARS: Hiring, Community and Development",,88
AEO 2022,AEO,2022,PEOPLE DATA: Five Years of Progress,,89
AEO 2022,AEO,2022,ASSOCIATE NETWORKS & CONNECTIONS,,90
AEO 2022,AEO,2022,CREATING IMPACT: Partnerships That Make a Difference,,91
AEO 2022,AEO,2022,CREATING IMPACT: Together with Our Customers,,92
AEO 2022,AEO,2022,GIVING BACK TO OUR PEOPLE & COMMUNITIES,,93
AEO 2022,AEO,2022,CREATING IMPACT: Advancing Educational Opportunities for Our Associates,,94
AEO 2022,AEO,2022,"POSITIVE ACTION ACROSS OUR SUPPLY CHAIN: Women’s Equity, Safety & Workers’ Voice",,95
AEO 2022,AEO,2022,FACTORY RATING SYSTEM,,97
AEO 2022,AEO,2022,BetterWork,contains_ocr_note,98
AEO 2022,AEO,2022,"Investing in women workers through health, life skills and employment training RISE",,99
AEO 2022,AEO,2022,RESPONSIBLE SOURCING SUPPLIER COUNCIL,,100
AEO 2022,AEO,2022,PRACTICES,,101
AEO 2022,AEO,2022,CORPORATE GOVERNANCE & BOARD OF DIRECTORS HIGHLIGHTS,,102
AEO 2022,AEO,2022,GOVERNANCE OVERVIEW,,103
AEO 2022,AEO,2022,"HIGHLY TALENTED, SKILLED & DIVERSE BOARD OF DIRECTORS",,104
AEO 2022,AEO,2022,MEET TWO OF AEO’S DIRECTORS,,105
AEO 2022,AEO,2022,CODE OF ETHICS & WORKPLACE CULTURE,,106
AEO 2022,AEO,2022,PURCHASING PRACTICES,,107
AEO 2022,AEO,2022,DATA PRIVACY & SECURITY,,108
AEO 2022,AEO,2022,FORWARD-LOOKING STATEMENTS,,109
AEO 2022,AEO,2022,APPENDIX,,110
AEO 2022,AEO,2022,SUSTAINABILITY ACCOUNTING STANDARDS BOARD (SASB) INDEX,,111
AEO 2022,AEO,2022,TASK FORCE ON CLIMATE-RELATED FINANCIAL DISCLOSURES (TCFD) INDEX,,112
AEO 2022,AEO,2022,ANNUAL GHG INVENTORY RESULTS,,113
AEO 2022,AEO,2022,GHG VERIFICATION STATEMENT,,114
AEO 2022,AEO,2022,COMPLETE MATERIAL TOPIC LIST,,115
AEO 2022,AEO,2022,MEMBERSHIPS & ASSOCIATIONS,,116
AEO 2024,AEO,2024,INTRODUCTION,,118
AEO 2024,AEO,2024,BUILDING A BETTER PLANET - GOALS,,119
AEO 2024,AEO,2024,WATER GOALS,,120
AEO 2024,AEO,2024,2024 REAL GOOD BY THE NUMBERS,,121
AEO 2024,AEO,2024,CONTINUED INCREASE IN THE USE OF SUSTAINABLE RAW MATERIALS,,122
AEO 2024,AEO,2024,CONTINUED INCREASE IN USE OF SUSTAINABLE RAW MATERIALS,,123
AEO 2024,AEO,2024,2023 SUSTAINABLE COTTON BREAKDOWN,,124
AEO 2024,AEO,2024,2024 SUSTAINABLE POLYESTER BREAKDOWN,,125
CROX 2021,CROX,2021,A MESSAGE FROM OUR CEO,,127
CROX 2021,CROX,2021,ABOUT,,128
CROX 2021,CROX,2021,COMPANY OVERVIEW,,129
CROX 2021,CROX,2021,SUSTAINABLE VALUE CREATION,,130
CROX 2021,CROX,2021,GOVERNANCE OF ESG,,131
CROX 2021,CROX,2021,MANAGING ESG RISK,,132
CROX 2021,CROX,2021,FRAMEWORK ALIGNMENT AND INITIATIVES,,133
CROX 2021,CROX,2021,2021 PERFORMANCE AT A GLANCE,,134
CROX 2021,CROX,2021,ENVIRONMENTAL SUSTAINABILITY COMFORT WITHOUT CARBON,,135
CROX 2021,CROX,2021,GOVERNANCE OF ENVIRONMENTAL SUSTAINABILITY,,138
CROX 2021,CROX,2021,CLIMATE,,140
CROX 2021,CROX,2021,CLIMATE-RELATED RISK STRATEGY,,141
CROX 2021,CROX,2021,EMISSIONS MANAGEMENT,,142
CROX 2021,CROX,2021,PRODUCT CARBON FOOTPRINT TRANSPARENCY,,143
CROX 2021,CROX,2021,RESOURCE MANAGEMENT,,145
CROX 2021,CROX,2021,WATER USE,,146
CROX 2021,CROX,2021,WASTE MANAGEMENT,,147
CROX 2021,CROX,2021,MATERIALS,,148
CROX 2021,CROX,2021,RAW MATERIALS,,149
CROX 2021,CROX,2021,SUSTAINABLE INGREDIENTS,,150
CROX 2021,CROX,2021,PACKAGING,,151
CROX 2021,CROX,2021,‘END-OF-LIFE’ SOLUTIONS,,152
CROX 2021,CROX,2021,SOCIAL: COMMUNITY AND INCLUSIVITY,,153
CROX 2021,CROX,2021,GOVERNANCE OF SOCIAL RISKS AND OPPORTUNITIES,,155
CROX 2021,CROX,2021,COMMUNITY ENGAGEMENT,,156
CROX 2021,CROX,2021,CROCS CARES,,157
CROX 2021,CROX,2021,GIVING BACK IN 2021,,158
CROX 2021,CROX,2021,HUMAN CAPITAL MANAGEMENT,,159
CROX 2021,CROX,2021,"PROFESSIONAL DEVELOPMENT, TALENT ACQUISITION AND RETENTION STRATEGIES",,160
CROX 2021,CROX,2021,PAY EQUITY AND COMPENSATION TRANSPARENCY,,162
CROX 2021,CROX,2021,FAIR COMPENSATION THROUGHOUT THE SUPPLY CHAIN,,164
CROX 2021,CROX,2021,EMPLOYEE ENGAGEMENT,,166
CROX 2021,CROX,2021,WORKPLACE FLEXIBILITY,,167
CROX 2021,CROX,2021,MENTAL HEALTH,,168
CROX 2021,CROX,2021,"DIVERSITY, EQUITY AND INCLUSION",,169
CROX 2021,CROX,2021,CAYA CULTURE,,170
CROX 2021,CROX,2021,ENHANCING WORKFORCE DIVERSITY,,171
CROX 2021,CROX,2021,SUPPLY CHAIN,,172
CROX 2021,CROX,2021,SUPPLY CHAIN MANAGEMENT,,173
CROX 2021,CROX,2021,SUPPLY CHAIN RISKS,,174
CROX 2021,CROX,2021,SUPPLIER ASSESSMENTS,,175
CROX 2021,CROX,2021,POLICIES AND GUIDELINES,,176
CROX 2021,CROX,2021,SOCIAL COMPLIANCE AND AUDITS,,177
CROX 2021,CROX,2021,ADDRESSING NON-COMPLIANCE,,178
CROX 2021,CROX,2021,HEALTH AND SAFETY MANAGEMENT SYSTEM,,179
CROX 2021,CROX,2021,TRAINING AND DUE DILIGENCE,,180
CROX 2021,CROX,2021,HUMAN RIGHTS IN THE SUPPLY CHAIN,,181
CROX 2021,CROX,2021,PRODUCT AND CONSUMER SAFETY,,182
CROX 2021,CROX,2021,CHEMICAL SAFETY IN PRODUCTS,,183
CROX 2021,CROX,2021,GOVERNANCE,,184
CROX 2021,CROX,2021,APPROACH TO GOVERNANCE,,185
CROX 2021,CROX,2021,INVESTOR RELATIONS AND ENGAGEMENT,,186
CROX 2021,CROX,2021,BOARD OF DIRECTORS,,187
CROX 2021,CROX,2021,CYBER SECURITY,,188
CROX 2021,CROX,2021,ETHICS AND COMPLIANCE,,189
CROX 2021,CROX,2021,CODE OF CONDUCT AND WORLDWIDE CODE OF ETHICS,,190
CROX 2021,CROX,2021,GOVERNANCE OF SUPPLIERS AND THIRD PARTIES,,192
CROX 2021,CROX,2021,TRAINING,,193
CROX 2021,CROX,2021,APPENDICES,,194
CROX 2021,CROX,2021,SASB,contains_ocr_note,195
CROX 2021,CROX,2021,Task Force on Climate-Related Financial Disclosures,,196
CROX 2021,CROX,2021,AWARDS,,197
CROX 2021,CROX,2021,ALLIANCES AND PARTNERSHIPS,,198
CROX 2023,CROX,2023,Inclusivity,,200
CROX 2023,CROX,2023,Circularity,,201
CROX 2023,CROX,2023,Climate Stability,,202
CROX 2023,CROX,2023,Community,,203
CROX 2023,CROX,2023,A Letter from Our CEO,,204
CROX 2023,CROX,2023,A Year in Review,,206
CROX 2023,CROX,2023,Acting on Purpose,,207
CROX 2023,CROX,2023,Real-World Influencers,,208
CROX 2023,CROX,2023,A Continuous Pulse Check,,209
CROX 2023,CROX,2023,Creating a Safe and Inclusive Workplace,,211
CROX 2023,CROX,2023,Employee Essentials,,213
CROX 2023,CROX,2023,Wages & Well-Being,,214
CROX 2023,CROX,2023,Physical and Mental Health,,215
CROX 2023,CROX,2023,"New Year, New Policies",,216
CROX 2023,CROX,2023,Employee Training and Development,,217
CROX 2023,CROX,2023,Enterprise-Wide Strides,,219
CROX 2023,CROX,2023,Fostering Connections for New Hires,,220
CROX 2023,CROX,2023,Celebrating One-of-a-Kinds,,221
CROX 2023,CROX,2023,"United, From One Region to Another",,223
CROX 2023,CROX,2023,In Service of CAYA,,225
CROX 2023,CROX,2023,Sourcing to Scale,,227
CROX 2023,CROX,2023,Bio-Circular Innovation,,228
CROX 2023,CROX,2023,A Tale of Two Brands,,229
CROX 2023,CROX,2023,Safer Inputs and Smarter Packaging,,232
CROX 2023,CROX,2023,Safety-First Chemical Management Strategy,,235
CROX 2023,CROX,2023,The Full Package,,237
CROX 2023,CROX,2023,Bags & Boxes,,238
CROX 2023,CROX,2023,Making Strides in Circularity,,239
CROX 2023,CROX,2023,Giving Old Crocs New Life,,241
CROX 2023,CROX,2023,Our Main Sources of Emissions,,246
CROX 2023,CROX,2023,Where are we today,,248
CROX 2023,CROX,2023,Our Path to Net Zero,,249
CROX 2023,CROX,2023,Where are we going,,250
CROX 2023,CROX,2023,Powering Our Operations and Moving Our Products,,252
CROX 2023,CROX,2023,Analyzing the Impact of Our Physical Spaces,,258
CROX 2023,CROX,2023,Optimizing Our Transportation & distribution logistics,,259
CROX 2023,CROX,2023,Innovating and Optimizing Our Material Footprint,,260
CROX 2023,CROX,2023,Carbon Footprints by Style,,261
CROX 2023,CROX,2023,Raw Materials Interventions,,262
CROX 2023,CROX,2023,Packaging Interventions,,264
CROX 2023,CROX,2023,Emissions and Environmental Impacts of Making Our Products,,265
CROX 2023,CROX,2023,Emissions from Tier 1 Manufacturing,,266
CROX 2023,CROX,2023,Assessing Our Supply Chain’s Impact on Natural Resources,,267
CROX 2023,CROX,2023,Warding off Waste,,270
CROX 2023,CROX,2023,Managing Wastewater,,271
CROX 2023,CROX,2023,Step Up to Greatness,,273
CROX 2023,CROX,2023,Supporting Our Nonprofit Partners,,275
CROX 2023,CROX,2023,Building New Impact Partnerships,,276
CROX 2023,CROX,2023,Supporting Relief Efforts,,279
CROX 2023,CROX,2023,Extending Our Impact through Our Value Chain,,280
CROX 2023,CROX,2023,Representation Matters,,284
CROX 2023,CROX,2023,Back to Basics,,287
CROX 2023,CROX,2023,Inclusivity in Action,,288
CROX 2023,CROX,2023,Setting Supply Chain Standards,,289
CROX 2023,CROX,2023,Strengthening Oversight Mechanisms,,292
CROX 2023,CROX,2023,Policy Expansion,,294
CROX 2023,CROX,2023,Taskforce Assembled,,295
CROX 2023,CROX,2023,Spheres of Influence,,296
CROX 2023,CROX,2023,Responsibility,,297
CROX 2023,CROX,2023,Systematizing Continuous Improvement,,298
CROX 2023,CROX,2023,Tackling Industry-Wide Supplier Performance Management Through Collaboration,,301
CROX 2023,CROX,2023,Auditing Our Supply Chain for Compliance,,303
CROX 2023,CROX,2023,Strengthening Our Systems,,304
CROX 2023,CROX,2023,Expanding Our Disclosures,,305
CROX 2023,CROX,2023,Managing Ourselves and Our Risks,,306
CROX 2023,CROX,2023,Ethics and Oversight,,309
CROX 2023,CROX,2023,Risk Management,,310
CROX 2023,CROX,2023,Policies,,311
CROX 2023,CROX,2023,Key Metrics,,312
CROX 2023,CROX,2023,People,,313
CROX 2023,CROX,2023,Materials,,314
CROX 2023,CROX,2023,Greenhouse Gas (GHG) Emissions,,315
CROX 2023,CROX,2023,Wastewater,,317
CROX 2023,CROX,2023,ESG Frameworks,,318
CROX 2023,CROX,2023,SASB Reference Table,,319
CROX 2023,CROX,2023,TCFD Guidance on Climate-Related Risk Management & Integration,,320
CROX 2023,CROX,2023,TCFD Guidance,,323
CROX 2023,CROX,2023,United Nations Sustainable Development Goals (SDGs),,324
CROX 2025,CROX,2025,A Message from Our Chief Sustainability & Compliance Officer,,327
CROX 2025,CROX,2025,A Year In Review,,330
CROX 2025,CROX,2025,Progress on Purpose,,331
CROX 2025,CROX,2025,Connected Employee Experience,,332
CROX 2025,CROX,2025,Leveraging Employee Input,,334
CROX 2025,CROX,2025,Personalized Growth,,335
CROX 2025,CROX,2025,Shared Safety Models,,336
CROX 2025,CROX,2025,Creating Catalysts for Change,,337
CROX 2025,CROX,2025,Supporting Mentorship at Scale,,339
CROX 2025,CROX,2025,Let’s Talk Purpose,,340
CROX 2025,CROX,2025,Opportunity Village,,341
CROX 2025,CROX,2025,Connecting People with Opportunity,,342
CROX 2025,CROX,2025,Culture-Forward Campaigns,,344
CROX 2025,CROX,2025,Honoring Native Origins,,347
CROX 2025,CROX,2025,Compliance and Continuous Improvement,,348
CROX 2025,CROX,2025,Operationalizing Purpose,,351
CROX 2025,CROX,2025,Factory Compliance,,353
CROX 2025,CROX,2025,Environmental Sustainability Performance Scorecard,,354
CROX 2025,CROX,2025,Making Mindful Material Choices,,357
CROX 2025,CROX,2025,Resource Extraction & Raw Material Sourcing,,359
CROX 2025,CROX,2025,Enterprise Raw Materials,,361
CROX 2025,CROX,2025,"Out With the Old, In With the New",,363
CROX 2025,CROX,2025,Collaborating for Systemic Change,,365
CROX 2025,CROX,2025,Breaking Down Our Footprint,,366
CROX 2025,CROX,2025,Moving Smarter,,369
CROX 2025,CROX,2025,Key Metrics,,370
CROX 2025,CROX,2025,People,,373
CROX 2025,CROX,2025,Product Materials,,374
CROX 2025,CROX,2025,Packaging Materials,,375
CROX 2025,CROX,2025,Greenhouse Gas (GHG) Emissions,,376
CROX 2025,CROX,2025,Wastewater,,379
CROX 2025,CROX,2025,Waste,,380
CROX 2025,CROX,2025,ESG Frameworks,,381
CROX 2025,CROX,2025,SASB Reference Table,,384
CROX 2025,CROX,2025,TCFD Guidance on Climate-Related Risk Management & Integration,,385
CROX 2025,CROX,2025,United Nations Sustainable Development Goals (SDGs) ETSY 2021 (FORM 10-k) ETSY 2024 (FORM 10-k),,388
CROX 2025,CROX,2025,"Etsy, Inc. Climate Index",,392
CROX 2025,CROX,2025,Taskforce on Climate-Related Financial Disclosures (TCFD),,393
CROX 2025,CROX,2025,Governance,,394
CROX 2025,CROX,2025,Board of Directors oversight of climate-related risks & opportunities,,395
CROX 2025,CROX,2025,Management’s role in assessing and managing climate-related risks and opportunities,,397
CROX 2025,CROX,2025,Strategy,,398
CROX 2025,CROX,2025,Climate-related risks and opportunities identified & impact on strategy,,399
CROX 2025,CROX,2025,Identified Climate Opportunities & Management Response,,400
CROX 2025,CROX,2025,Resilience of strategy across different climate-related scenarios,,401
CROX 2025,CROX,2025,Risk Management,,402
CROX 2025,CROX,2025,Processes for identifying and assessing climate-related risks,,403
CROX 2025,CROX,2025,Processes for managing climate-related risks,,404
CROX 2025,CROX,2025,Processes for integrating climate-related risks into the overall risk management,,405
CROX 2025,CROX,2025,Metrics and Targets,,406
CROX 2025,CROX,2025,Metrics used to assess climate-related risks and opportunities in line with strategy and risk management process,,407
CROX 2025,CROX,2025,"Scope 1, Scope 2, and Scope 3 GHG emissions, and the related risks",,408
CROX 2025,CROX,2025,Targets used to manage climate-related risks and opportunities and performance,,409
CROX 2025,CROX,2025,Taskforce for Climate Action Transparency (TCAT),,410
CROX 2025,CROX,2025,Target Commitment Report,,411
CROX 2025,CROX,2025,Base Year Emissions Report (2020),,412
CROX 2025,CROX,2025,Emissions Reduction Target Accounting Report: Scope 1 & 2 (2021-2025),,413
CROX 2025,CROX,2025,Emissions Reduction Target Accounting Report: Scope 3 (2021-2025),,414
CROX 2025,CROX,2025,Mitigation Action Report (2025),,415
CROX 2025,CROX,2025,Renewable Electricity Certificate Retirement Table (2025),,416
CROX 2025,CROX,2025,Voluntary Carbon Market Disclosure,,417
CROX 2025,CROX,2025,[2025] Etsy’s Voluntary Carbon Market Disclosure Act (AB 1305),,418
CROX 2025,CROX,2025,"Statements Regarding Etsy’s Net Zero Goals, Emissions Reductions and Similar",,419
CROX 2025,CROX,2025,"Statements Relating to Carbon Offsets, Carbon Credits, and Similar",,420
CROX 2025,CROX,2025,SASB Disclosure,,421
CROX 2025,CROX,2025,SASB Metrics,,422
CROX 2025,CROX,2025,Hardware Infrastructure Energy & Water Management,,423
CROX 2025,CROX,2025,Data Privacy and Advertising Standards,,424
CROX 2025,CROX,2025,Data Security,,425
CROX 2025,CROX,2025,"Employee Recruitment, Inclusion and Performance",,426
CROX 2025,CROX,2025,Product Packaging and Distribution,,427
CROX 2025,CROX,2025,Note Regarding Forward-Looking Statements,,428
GAP 2021,GAP,2021,THE BIG PICTURE,,430
GAP 2021,GAP,2021,ABOUT GAP INC.,,431
GAP 2021,GAP,2021,ABOUT THIS REPORT,,432
GAP 2021,GAP,2021,"OUR COMMITMENT TO ENVIRONMENT, SOCIAL, AND GOVERNANCE (ESG)",,433
GAP 2021,GAP,2021,2021 HIGHLIGHTS,,436
GAP 2021,GAP,2021,OUR APPROACH,,437
GAP 2021,GAP,2021,OUR PURPOSE- LED BRANDS,,438
GAP 2021,GAP,2021,EMPOWERING WOMEN,,442
GAP 2021,GAP,2021,ENABLING OPPORTUNITY,,443
GAP 2021,GAP,2021,ENRICHING COMMUNITIES,,444
GAP 2021,GAP,2021,GOALS AND PROGRESS,,451
GAP 2021,GAP,2021,EMPOWERING WOMEN & HUMAN RIGHTS,,452
GAP 2021,GAP,2021,GAP INC. P.A.C.E.,,455
GAP 2021,GAP,2021,GOAL ACHIEVED,,456
GAP 2021,GAP,2021,P.A.C.E. SKILLS IN ACTION,,458
GAP 2021,GAP,2021,2021 P.A.C.E. PROGRESS,,460
GAP 2021,GAP,2021,EMPOWER WORK COLLABORATIVE,contains_ocr_note,461
GAP 2021,GAP,2021,HUMAN RIGHTS AND SOCIAL DIALOGUE,,462
GAP 2021,GAP,2021,OUR KEY HUMAN RIGHTS ISSUES,,465
GAP 2021,GAP,2021,ASSESSMENT AND REMEDIATION,,466
GAP 2021,GAP,2021,SOCIAL & LABOR CONVERGENCE PROGRAM (SLCP),,467
GAP 2021,GAP,2021,CAPABILITY BUILDING,,470
GAP 2021,GAP,2021,WORKFORCE ENGAGEMENT PROGRAM (WEP): A DIGITAL TOOL FOR CAPABILITY BUILDING,,471
GAP 2021,GAP,2021,Workplace Cooperation Program (WCP),,474
GAP 2021,GAP,2021,Supervisory Skills Training (SST),,475
GAP 2021,GAP,2021,Gender-Based Violence (GBV) Prevention and Response,,476
GAP 2021,GAP,2021,Digital Wage Payments,,478
GAP 2021,GAP,2021,HELPING KEEP OUR SUPPLY CHAIN SAFE DURING COVID-19,,479
GAP 2021,GAP,2021,COVID-19 RESILIENCE FUND FOR WOMEN,,482
GAP 2021,GAP,2021,Gap Inc. prioritizes fostering a culture of equality and belonging and developing sustainable economies.,,485
GAP 2021,GAP,2021,THIS WAY ONWARD,,488
GAP 2021,GAP,2021,THIS WAY ONWARD TEACHES RICHARD GREENE ABOUT THE POWER OF RELATIONSHIPS,,489
GAP 2021,GAP,2021,PROGRAM SPOTLIGHT,,492
GAP 2021,GAP,2021,TALENT DEVELOPMENT,,493
GAP 2021,GAP,2021,2021 PROGRESS,,495
GAP 2021,GAP,2021,OPPORTUNITY HIRING,,496
GAP 2021,GAP,2021,AWARDS,,497
GAP 2021,GAP,2021,TENT PARTNERSHIP FOR REFUGEES,,498
GAP 2021,GAP,2021,SECOND CHANCE BUSINESS COALITION,,500
GAP 2021,GAP,2021,STARS,,502
GAP 2021,GAP,2021,EQUALITY & BELONGING,,503
GAP 2021,GAP,2021,OUR EMPLOYEES,,505
GAP 2021,GAP,2021,OUR CUSTOMERS,,506
GAP 2021,GAP,2021,OUR COMMUNITIES,,507
GAP 2021,GAP,2021,EMPLOYEES AND COMMUNITY IMPACT,,508
GAP 2021,GAP,2021,DISASTER RELIEF,,511
GAP 2021,GAP,2021,WATER STEWARDSHIP,,514
GAP 2021,GAP,2021,PARTNERSHIPS FOR ADVOCACY AND INDUSTRY CHANGE,,516
GAP 2021,GAP,2021,WOMAN + WATER,contains_ocr_note,519
GAP 2021,GAP,2021,HIGHLIGHTS,,520
GAP 2021,GAP,2021,GOAL BY 2023,,521
GAP 2021,GAP,2021,PROGRESS IN 2021,,522
GAP 2021,GAP,2021,RESOURCE EFFICIENCY AND MANUFACTURING,,523
GAP 2021,GAP,2021,RAW MATERIALS AND PRODUCT,,527
GAP 2021,GAP,2021,WATER SAVINGS PROGRAMS IN KEY SOURCING COUNTRIES,,528
GAP 2021,GAP,2021,CHEMICALS MANAGEMENT,,529
GAP 2021,GAP,2021,Supply Chain,,532
GAP 2021,GAP,2021,Chemicals and Circularity,,533
GAP 2021,GAP,2021,Elimination of PFC-Based Finishes,,534
GAP 2021,GAP,2021,HOW WE MANAGE CHEMICALS,,535
GAP 2021,GAP,2021,CLIMATE STEWARDSHIP,,536
GAP 2021,GAP,2021,GOALS BY 2030,,538
GAP 2021,GAP,2021,GOAL BY 2050,,540
GAP 2021,GAP,2021,ATHLETA: POWERED BY RENEWABLES,,541
GAP 2021,GAP,2021,Addressing Emissions: Scope 1 and 2,,543
GAP 2021,GAP,2021,Addressing Emissions: Scope 3,,544
GAP 2021,GAP,2021,TASK FORCE ON CLIMATE-RELATED FINANCIAL DISCLOSURES (TCFD),,545
GAP 2021,GAP,2021,OUR EXTERNAL COMMITMENTS,,549
GAP 2021,GAP,2021,PROTECTING BIODIVERSITY,,554
GAP 2021,GAP,2021,PREFERRED FIBERS STRATEGY,,555
GAP 2021,GAP,2021,Natural Fibers,,557
GAP 2021,GAP,2021,GOALS BY 2025,,558
GAP 2021,GAP,2021,Synthetics,,560
GAP 2021,GAP,2021,Manufactured Cellulosics,,561
GAP 2021,GAP,2021,CIRCULARITY AND WASTE,,562
GAP 2021,GAP,2021,Design for Circularity,,564
GAP 2021,GAP,2021,Materials and Manufacturing,,565
GAP 2021,GAP,2021,Advanced Resource Recovery,,566
GAP 2021,GAP,2021,Circular Business Models,,567
GAP 2021,GAP,2021,PACKAGING WASTE AND SINGLE-USE PLASTICS,,568
GAP 2021,GAP,2021,GOVERNANCE,,570
GAP 2021,GAP,2021,ESG OVERSIGHT,,571
GAP 2021,GAP,2021,INTEGRATING ESG INTO OUR CORPORATE STRATEGY,,572
GAP 2021,GAP,2021,OUR OVERSIGHT STRUCTURE,,574
GAP 2021,GAP,2021,MANAGEMENT APPROACH,,575
GAP 2021,GAP,2021,Risk Management,,576
GAP 2021,GAP,2021,RESPONSIBLE BUSINESS PRACTICES,,577
GAP 2021,GAP,2021,CODE OF BUSINESS CONDUCT (COBC),,580
GAP 2021,GAP,2021,EMPLOYEE TRAINING,,582
GAP 2021,GAP,2021,ENABLING EMPLOYEES TO SPEAK UP,,583
GAP 2021,GAP,2021,ANTI-CORRUPTION AND ANTI-BRIBERY,,585
GAP 2021,GAP,2021,CODE OF VENDOR CONDUCT (COVC),,587
GAP 2021,GAP,2021,DATA PRIVACY,,588
GAP 2021,GAP,2021,STAKEHOLDER ENGAGEMENT,,589
GAP 2021,GAP,2021,HUMAN RIGHTS ENGAGEMENT IN OUR SUPPLY CHAIN,,591
GAP 2021,GAP,2021,COMMUNICATING WITH WORKERS,,593
GAP 2021,GAP,2021,PUBLIC POLICY INVOLVEMENT,,594
GAP 2021,GAP,2021,DESIGN AND DEVELOPMENT,,595
GAP 2021,GAP,2021,RAW MATERIALS AND PROCESSING (TIER 3 SUPPLIERS),,596
GAP 2021,GAP,2021,CONSUMER USE AND CIRCULARITY,,598
GAP 2021,GAP,2021,RETAIL STORES,,599
GAP 2021,GAP,2021,TEXTILE MANUFACTURING (TIER 2 SUPPLIERS),,600
GAP 2021,GAP,2021,PRODUCT AND FINISHING (TIER 1 SUPPLIERS),,602
GAP 2021,GAP,2021,LOGISTICS AND DISTRIBUTION,,604
GAP 2021,GAP,2021,ESG APPENDIX AND FORWARD- LOOKING STATEMENTS,,605
GAP 2021,GAP,2021,MATERIALITY,,607
GAP 2021,GAP,2021,ESG FRAMEWORKS,,608
GAP 2021,GAP,2021,CAUTIONARY NOTE ON FORWARD-LOOKING STATEMENTS,,609
GAP 2021,GAP,2021,Sustainability Accounting Standards Board (SASB),,610
GAP 2021,GAP,2021,GAP INC. 2021 GRI INDEX – 2016 UNIVERSAL STANDARDS,,614
GAP 2021,GAP,2021,GENERAL DISCLOSURES,,616
GAP 2021,GAP,2021,ENVIRONMENTAL,,617
GAP 2021,GAP,2021,SUSTAINABILITY ACCOUNTING STANDARDS BOARD (SASB) INDEX,,618
GAP 2021,GAP,2021,TASK FORCE ON CLIMATE-RELATED FINANCIAL DISCLOSURES (TCFD) INDEX,,620
GAP 2023,GAP,2023,ABOUT GAP INC.,,623
GAP 2023,GAP,2023,ABOUT THIS REPORT,,624
GAP 2023,GAP,2023,OUR COMMITMENT TO ESG: CEO MESSAGE,,625
GAP 2023,GAP,2023,OUR VALUE CREATION MODEL,,627
GAP 2023,GAP,2023,OUR PRODUCT LIFE CYCLE,,629
GAP 2023,GAP,2023,ESG THROUGH THE YEARS,,630
GAP 2023,GAP,2023,2023 HIGHLIGHTS,,631
GAP 2023,GAP,2023,OUR ESG APPROACH,,632
GAP 2023,GAP,2023,OUR SUPPLIER SUSTAINABILITY APPROACH,,634
GAP 2023,GAP,2023,GAP INC. GOALS AND PROGRESS,,636
GAP 2023,GAP,2023,OUR HOUSE OF BRANDS,,637
GAP 2023,GAP,2023,BRAND PROGRESS,,638
GAP 2023,GAP,2023,ENVIRONMENT,,639
GAP 2023,GAP,2023,WATER STEWARDSHIP,,640
GAP 2023,GAP,2023,CHALLENGE,,642
GAP 2023,GAP,2023,STRATEGY,,643
GAP 2023,GAP,2023,IMPACT,,644
GAP 2023,GAP,2023,PARTNERSHIPS,,645
GAP 2023,GAP,2023,A CALL TO WATER ACTION,,646
GAP 2023,GAP,2023,ACCESS: COMMUNITY WATER RESILIENCE,,647
GAP 2023,GAP,2023,GOAL BY 2030,,649
GAP 2023,GAP,2023,PROGRESS,,650
GAP 2023,GAP,2023,2023 PROGRESS,,654
GAP 2023,GAP,2023,The Women + Water Collaborative:,,655
GAP 2023,GAP,2023,WaterEquity:,,656
GAP 2023,GAP,2023,HOW KUSUM LED HER COMMUNITY TO CLEAN WATER ACCESS,,657
GAP 2023,GAP,2023,REDUCTION AND REPLENISHMENT: TACKLING WATER CONSUMPTION,,660
GAP 2023,GAP,2023,Reduce water risk:,,665
GAP 2023,GAP,2023,Generate cost-saving opportunities:,,666
GAP 2023,GAP,2023,Improve long-term water security:,,667
GAP 2023,GAP,2023,REDUCTION,,669
GAP 2023,GAP,2023,Context-Based Water Targets:,,670
GAP 2023,GAP,2023,Resource Efficiency Programs:,,671
GAP 2023,GAP,2023,Washwell:,,672
GAP 2023,GAP,2023,Arvind Water Partnership:,,673
GAP 2023,GAP,2023,REPLENISHMENT,,674
GAP 2023,GAP,2023,WATER RISK MAPPING,,675
GAP 2023,GAP,2023,WATER SAVINGS,,676
GAP 2023,GAP,2023,CHEMICALS MANAGEMENT,,677
GAP 2023,GAP,2023,Uphold stringent standards for production and finished product:,,680
GAP 2023,GAP,2023,"Assess supplier performance against established quality and safety parameters through third-party testing, verification, and audits:",,682
GAP 2023,GAP,2023,Strengthen supply chain capabilities and remediate noncompliance issues:,,686
GAP 2023,GAP,2023,HOW WE MANAGE CHEMICALS,,689
GAP 2023,GAP,2023,INPUT MANAGEMENT,,690
GAP 2023,GAP,2023,PROCESS MANAGEMENT,,691
GAP 2023,GAP,2023,OUTPUT MANAGEMENT,,692
GAP 2023,GAP,2023,"Dimethylformamide (DMF),",,694
GAP 2023,GAP,2023,"Potassium permanganate (PP),",,695
GAP 2023,GAP,2023,WATER QUALITY PROGRAM PROGRESS,,696
GAP 2023,GAP,2023,CLIMATE ACTION,,697
GAP 2023,GAP,2023,RAW MATERIALS AND PRODUCT,,698
GAP 2023,GAP,2023,PREFERRED MATERIALS STANDARDS PORTFOLIO,,699
GAP 2023,GAP,2023,CIRCULARITY,,701
GAP 2023,GAP,2023,WASTE,,702
GAP 2023,GAP,2023,SOCIAL/ S U P P LY C H A I N,,703
GAP 2023,GAP,2023,HUMAN RIGHTS,,704
GAP 2023,GAP,2023,OUR HUMAN RIGHTS ISSUES,,705
GAP 2023,GAP,2023,FAIR TRADE,,706
GAP 2023,GAP,2023,ASSESSMENT AND REMEDIATION,,707
GAP 2023,GAP,2023,CAPABILITY BUILDING,,709
GAP 2023,GAP,2023,WORKPLACE COOPERATION PROGRAM,,710
GAP 2023,GAP,2023,SUPERVISORY SKILLS TRAINING,,711
GAP 2023,GAP,2023,GENDER-BASED VIOLENCE AND HARASSMENT PREVENTION AND RESPONSE,,712
GAP 2023,GAP,2023,DIGITAL WAGES,,714
GAP 2023,GAP,2023,GAP INC. P.A.C.E. AND RISE,,715
GAP 2023,GAP,2023,SUPPLY CHAIN AND COMMUNITY STORIES,,716
GAP 2023,GAP,2023,SOCIAL / W O R K P L A C E A N D COMMUNITY,,718
GAP 2023,GAP,2023,ENABLING OPPORTUNITY AND SOCIAL IMPACT,,720
GAP 2023,GAP,2023,THIS WAY ONWARD 2023 PROGRESS IN OUR STORES,,722
GAP 2023,GAP,2023,REFUGEE AND IMMIGRANT HIRING 2023 PROGRESS IN OUR DISTRIBUTION CENTERS,,723
GAP 2023,GAP,2023,REFUGEE AND IMMIGRANT HIRING,,724
GAP 2023,GAP,2023,WRAPAROUND SUPPORT,,725
GAP 2023,GAP,2023,SUPPORTING REFUGEE RESETTLEMENT IN THE U.S.,,726
GAP 2023,GAP,2023,FINDING STABILITY WITH GAP INC.,,728
GAP 2023,GAP,2023,EQUALITY & BELONGING,,730
GAP 2023,GAP,2023,LEADING COMPANY FOR DIVERSITY AND INCLUSION,,731
GAP 2023,GAP,2023,Equality & Belonging Employee Ecosystem,,732
GAP 2023,GAP,2023,HERITAGE MONTHS AND CULTURAL ACTIVATIONS,,733
GAP 2023,GAP,2023,PEOPLE,,735
GAP 2023,GAP,2023,ENSURING EQUAL OPPORTUNITIES AND EQUAL PAY,,736
GAP 2023,GAP,2023,EMPLOYEE PERFORMANCE AND SATISFACTION,,738
GAP 2023,GAP,2023,BENEFITS AND WORK-LIFE INTEGRATION,,740
GAP 2023,GAP,2023,HEALTH AND WELL-BEING,,742
GAP 2023,GAP,2023,OCCUPATIONAL HEALTH AND SAFETY,,743
GAP 2023,GAP,2023,EMPLOYEE ENGAGEMENT AND CORPORATE GIVING,,745
GAP 2023,GAP,2023,EMPLOYEE ENGAGEMENT,,747
GAP 2023,GAP,2023,GOVERNANCE,,748
GAP 2023,GAP,2023,ESG OVERSIGHT,,749
GAP 2023,GAP,2023,RISK MANAGEMENT,,750
GAP 2023,GAP,2023,STAKEHOLDER AND POLITICAL ENGAGEMENT,,751
GAP 2023,GAP,2023,BUSINESS ETHICS AND INTEGRITY,,753
GAP 2023,GAP,2023,APPENDIX,,755
GAP 2023,GAP,2023,MATERIALITY,,756
GAP 2023,GAP,2023,UNITED NATIONS SDGs ALIGNMENT,,757
GAP 2023,GAP,2023,GLOBAL REPORTING INITIATIVE (GRI) INDEX,,758
GAP 2023,GAP,2023,SUSTAINABILITY ACCOUNTING STANDARDS BOARD (SASB) INDEX,,760
GAP 2023,GAP,2023,TASK FORCE ON CLIMATE-RELATED FINANCIAL DISCLOSURES (TCFD) INDEX,,762
GAP 2023,GAP,2023,SUPPLEMENTAL DATA,,764
GAP 2023,GAP,2023,DATA ASSURANCE,,765
GAP 2023,GAP,2023,CAUTIONARY NOTE ON FORWARD-LOOKING STATEMENTS,,766
GAP 2023,GAP,2023,Our Commitment CEO Message,,770
GAP 2023,GAP,2023,Who We Are,,772
GAP 2023,GAP,2023,AWARDS AND RECOGNITION,,773
GAP 2023,GAP,2023,GAP INC. BY THE NUMBERS IN FISCAL 2025,,774
GAP 2023,GAP,2023,Our Impact Approach,,776
GAP 2023,GAP,2023,Our Impact Through the Years,,779
GAP 2023,GAP,2023,2025 Highlights,,783
GAP 2023,GAP,2023,Bridging the Climate Gap,,786
GAP 2023,GAP,2023,Product,,790
GAP 2023,GAP,2023,Waste and Circularity,,791
GAP 2023,GAP,2023,Social,,793
GAP 2023,GAP,2023,Bridging the Equity Gap,,795
GAP 2023,GAP,2023,CapabilityBuilding Programs,,796
GAP 2023,GAP,2023,Bridging the Opportunity Gap,,797
GAP 2023,GAP,2023,Opportunity Programs,,798
GAP 2023,GAP,2023,Bridging the Inclusion Gap,,800
GAP 2023,GAP,2023,Inclusion and Belonging,,801
GAP 2023,GAP,2023,Human Capital Management,,803
GAP 2023,GAP,2023,HEALTH AND MENTAL WELL-BEING,,807
GAP 2023,GAP,2023,BENEFITS AND WORKLIFE INTEGRATION,,809
GAP 2023,GAP,2023,FINANCIAL WELL-BEING AND PROTECTION,,810
GAP 2023,GAP,2023,LEAVE AND FLEXIBLE WORK,,812
GAP 2023,GAP,2023,Community Engagement,,816
GAP 2023,GAP,2023,OUR APPROACH,,818
GAP 2023,GAP,2023,VOLUNTEERING,,819
GAP 2023,GAP,2023,CORPORATE GIVING,,820
GAP 2023,GAP,2023,DISASTER RESPONSE,,821
GAP 2023,GAP,2023,2025 PROGRESS,,822
GAP 2023,GAP,2023,SAN FRANCISCO FORWARD,,823
GAP 2023,GAP,2023,Supplier Compliance,,826
GAP 2023,GAP,2023,UNDERSTANDING OUR SUPPLY CHAIN,,828
GAP 2023,GAP,2023,RATING SUPPLIERS,,829
GAP 2023,GAP,2023,ENCOURAGING ACTION,,830
GAP 2023,GAP,2023,Management Oversight,,831
GAP 2023,GAP,2023,ENTERPRISE RISK MANAGEMENT PROCESS,,834
GAP 2023,GAP,2023,Stakeholder Engagement,,835
GAP 2023,GAP,2023,CODE OF BUSINESS CONDUCT,,839
GAP 2023,GAP,2023,ANTI-CORRUPTION AND BRIBERY,,841
GAP 2023,GAP,2023,DATA PRIVACY AND CYBERSECURITY,,843
GAP 2023,GAP,2023,ARTIFICIAL INTELLIGENCE,,845
GAP 2023,GAP,2023,MARKETING AND PRODUCT CLAIMS,,847
GAP 2023,GAP,2023,COMPETITION AND ANTITRUST LAWS,,849
GAP 2023,GAP,2023,Materiality Assessment,,852
TJX 2021,TJX,2021,Delivering Real Value,,860
TJX 2021,TJX,2021,FY21 KEY HIGHLIGHTS1,,861
TJX 2021,TJX,2021,ENVIRONMENTAL SUSTAINABILITY3,,862
TJX 2021,TJX,2021,OUR REPORTING,,863
TJX 2021,TJX,2021,LETTER FROM ERNIE HERRMAN,,864
TJX 2021,TJX,2021,OUR WORKPLACE,contains_ocr_note,865
TJX 2021,TJX,2021,ASSOCIATES BRING OUR BUSINESS TO LIFE,,866
TJX 2021,TJX,2021,AWARDS AND RECOGNITION,,867
TJX 2021,TJX,2021,RECRUITMENT,,868
TJX 2021,TJX,2021,"ATTRACTING TOMORROW’S LEADERS, TODAY",,869
TJX 2021,TJX,2021,BUILDING A MORE DIVERSE WORKPLACE,,870
TJX 2021,TJX,2021,ON-CAMPUS RECRUITING: FROM THEIR CAMPUS TO OURS,,871
TJX 2021,TJX,2021,PROUDLY HIRING THOSE WHO HAVE SERVED IN THE U.S. MILITARY,,872
TJX 2021,TJX,2021,CREATING PERSONAL AND PROFESSIONAL OPPORTUNITIES,,873
TJX 2021,TJX,2021,MAKING A DIFFERENCE: BEST BUDDIES,,874
TJX 2021,TJX,2021,CAREER DEVELOPMENT,,875
TJX 2021,TJX,2021,DEVELOPMENT PROGRAMS,,876
TJX 2021,TJX,2021,CALLING ALL MERCHANTS: TRAINING STARTS HERE,,877
TJX 2021,TJX,2021,TJX UNIVERSITY FOR MERCHANTS,,878
TJX 2021,TJX,2021,EXTERNAL PARTNERSHIPS,,879
TJX 2021,TJX,2021,EMBRACING INCLUSION AND DIVERSITY,,880
TJX 2021,TJX,2021,KEY AREAS OF FOCUS,,881
TJX 2021,TJX,2021,Associate Education,,882
TJX 2021,TJX,2021,Additional Training Tools to Manage Differences,,883
TJX 2021,TJX,2021,Encouraging Honest Conversations and Feedback,,884
TJX 2021,TJX,2021,Recruitment of Diverse Candidates for Management,,885
TJX 2021,TJX,2021,Being Inclusive,,886
TJX 2021,TJX,2021,OUR DIVERSE WORKFORCE,,887
TJX 2021,TJX,2021,PAY EQUITY,,888
TJX 2021,TJX,2021,EXTERNAL RECOGNITION,,889
TJX 2021,TJX,2021,ASSOCIATE GROUPS,,890
TJX 2021,TJX,2021,ASSOCIATE WELL-BEING,,891
TJX 2021,TJX,2021,OUR COMMUNITIES,,892
TJX 2021,TJX,2021,HELPING BUILD BETTER FUTURES,,893
TJX 2021,TJX,2021,OUR SOCIAL IMPACT AREAS,,894
TJX 2021,TJX,2021,OUR APPROACH TO GIVING BACK,,895
TJX 2021,TJX,2021,STANDING FOR RACIAL JUSTICE AND CREATING OPPORTUNITIES,,896
TJX 2021,TJX,2021,RESPONSE TO COVID-19,,897
TJX 2021,TJX,2021,IMPACT FROM OUR 2020 GIVING AND IN-STORE FUNDRAISING1,,898
TJX 2021,TJX,2021,CORPORATE PHILANTHROPY,,899
TJX 2021,TJX,2021,MAKING A DIFFERENCE: DISASTER RELIEF,,900
TJX 2021,TJX,2021,ASSOCIATE IMPACT,,901
TJX 2021,TJX,2021,MAKING A DIFFERENCE: THE COMMUNITY FUND,,902
TJX 2021,TJX,2021,FULFILLING BASIC NEEDS,,903
TJX 2021,TJX,2021,MAKING A DIFFERENCE: FEEDING AMERICA,,904
TJX 2021,TJX,2021,PROVIDING EDUCATION AND TRAINING,,905
TJX 2021,TJX,2021,MAKING A DIFFERENCE: SAVE THE CHILDREN,,906
TJX 2021,TJX,2021,SUPPORTING RESEARCH AND CARE FOR LIFE-THREATENING ILLNESSES,,907
TJX 2021,TJX,2021,MAKING A DIFFERENCE: HOMEGOODS AND HOMESENSE “HELP FAMILIES FIGHT CANCER”,,909
TJX 2021,TJX,2021,EMPOWERING WOMEN,,910
TJX 2021,TJX,2021,MAKING A DIFFERENCE: DRESS FOR SUCCESS,,911
TJX 2021,TJX,2021,ENVIRONMENTAL SUSTAINABILITY,,912
TJX 2021,TJX,2021,ENVIRONMENTALLY RESPONSIBLE. SMART FOR BUSINESS.,,913
TJX 2021,TJX,2021,GLOBAL CORPORATE TARGET,,914
TJX 2021,TJX,2021,PARTNERSHIPS & RECOGNITION,,915
TJX 2021,TJX,2021,RESULTS OF GLOBAL KEY METRICS89,,916
TJX 2021,TJX,2021,PROGRAM OVERSIGHT,,917
TJX 2021,TJX,2021,CLIMATE AND ENERGY,,918
TJX 2021,TJX,2021,MANAGING AND CONSERVING ENERGY IN OUR DIRECT OPERATIONS,,919
TJX 2021,TJX,2021,AVOIDING AND OFFSETTING EMISSIONS,,920
TJX 2021,TJX,2021,Renewable and Low-Carbon Energy,,921
TJX 2021,TJX,2021,SUPPLY CHAIN CLIMATE IMPACT,,922
TJX 2021,TJX,2021,TRANSPORTATION AND LOGISTICS,,923
TJX 2021,TJX,2021,GREEN BUILDING,,924
TJX 2021,TJX,2021,WASTE MANAGEMENT,,925
TJX 2021,TJX,2021,FY21 KEY WASTE METRICS5,,926
TJX 2021,TJX,2021,"REDUCE, REUSE, RECYCLE",,927
TJX 2021,TJX,2021,DECREASING SINGLE-USE PLASTICS,,928
TJX 2021,TJX,2021,EXPLORING MERCHANDISE AND PRODUCT RECOVERY AND REUSE PROGRAMS,,929
TJX 2021,TJX,2021,REDUCING WATER CONSUMPTION,,930
TJX 2021,TJX,2021,CHEMICALS MANAGEMENT,,931
TJX 2021,TJX,2021,PROGRAM DEVELOPMENT,,932
TJX 2021,TJX,2021,INITIATIVES WITHIN OUR BUSINESS OPERATIONS,,933
TJX 2021,TJX,2021,MERCHANDISE AND PACKAGING INITIATIVES,,934
TJX 2021,TJX,2021,INDUSTRY AND EXPERT COLLABORATION,,935
TJX 2021,TJX,2021,SUSTAINABLE PRODUCTS,,936
TJX 2021,TJX,2021,ASSOCIATE ENGAGEMENT,,937
TJX 2021,TJX,2021,ENCOURAGING OUR ASSOCIATES TO BE ENVIRONMENTALLY CONSCIOUS,,938
TJX 2021,TJX,2021,GREEN IT,,939
TJX 2021,TJX,2021,RESPONSIBLE BUSINESS,,940
TJX 2021,TJX,2021,DELIVERING REAL VALUE TO THE WORLD,,941
TJX 2021,TJX,2021,RESPONSIBLE SOURCING,,942
TJX 2021,TJX,2021,OUR OFF-PRICE BUSINESS MODEL,,943
TJX 2021,TJX,2021,OUR GLOBAL SOCIAL COMPLIANCE EFFORTS,,944
TJX 2021,TJX,2021,EVOLVING ISSUES,,945
TJX 2021,TJX,2021,MODERN SLAVERY STATEMENT,,946
TJX 2021,TJX,2021,UZBEKISTAN: FORCED ADULT AND CHILD LABOR,,947
TJX 2021,TJX,2021,SOCIAL COMPLIANCE PROGRAM,,948
TJX 2021,TJX,2021,EXTERNAL STAKEHOLDER ENGAGEMENT,,950
TJX 2021,TJX,2021,CONTINUOUS IMPROVEMENT,,951
TJX 2021,TJX,2021,FACTORY AUDITING,,952
TJX 2021,TJX,2021,FACTORY AUDITING PROCESS,,953
TJX 2021,TJX,2021,Corrective Action and Remediation:,,954
TJX 2021,TJX,2021,ENCOURAGING ENVIRONMENTAL RESPONSIBILITY,,955
TJX 2021,TJX,2021,SOCIAL COMPLIANCE TRAINING,,956
TJX 2021,TJX,2021,INTERNAL AND EXTERNAL TRAINING,contains_ocr_note,957
TJX 2021,TJX,2021,VENDOR CODE OF CONDUCT,,958
TJX 2021,TJX,2021,TJX VENDOR CODE OF CONDUCT,,959
TJX 2021,TJX,2021,SERVING OUR CUSTOMERS,,960
TJX 2021,TJX,2021,INFORMATION SECURITY AND PRIVACY,,961
TJX 2021,TJX,2021,STAKEHOLDER ENGAGEMENT,,962
TJX 2021,TJX,2021,ENGAGING WITH OUR ASSOCIATES,,963
TJX 2021,TJX,2021,ENGAGING WITH OUR CUSTOMERS,,964
TJX 2021,TJX,2021,ENGAGING WITH OUR INVESTORS,,965
TJX 2021,TJX,2021,SUPPLIER DIVERSITY,,966
TJX 2021,TJX,2021,DIVERSE SUPPLIERS QUICKLY ADAPT TO PROVIDE PPE TO STORES,,967
TJX 2021,TJX,2021,SUPPLIER REQUIREMENTS,,968
TJX 2021,TJX,2021,CERTIFICATION REQUIREMENTS,,969
TJX 2021,TJX,2021,OUR CORPORATE MEMBERSHIPS INCLUDE:,,970
TJX 2021,TJX,2021,CONTACTS,,971
TJX 2021,TJX,2021,GOVERNANCE,,972
TJX 2021,TJX,2021,Board of Directors,,973
TJX 2021,TJX,2021,DIRECTOR QUALIFICATIONS AND NOMINATIONS,,974
TJX 2021,TJX,2021,MEET OUR BOARD,,975
TJX 2021,TJX,2021,Executive Officers,,976
TJX 2021,TJX,2021,Corporate Governance Documents,,977
TJX 2021,TJX,2021,APPENDIX,,978
TJX 2021,TJX,2021,TJX KEY ENVIRONMENTAL SUSTAINABILITY DATA AND METRICS,,979
TJX 2021,TJX,2021,SASB DISCLOSURE MATRIX,,980
TJX 2021,TJX,2021,MULTILINE AND SPECIALTY RETAILERS & DISTRIBUTORS,,981
TJX 2021,TJX,2021,GRI DISCLOSURE MATRIX,,982
TJX 2021,TJX,2021,UNITED NATIONS SUSTAINABLE GOALS DISCLOSURE MATRIX,,983
TJX 2021,TJX,2021,ENDNOTES,,984
TJX 2023,TJX,2023,Letter From Ernie Herrman,,986
TJX 2023,TJX,2023,About Our Company,,987
TJX 2023,TJX,2023,Our Off-Price Business Model,,988
TJX 2023,TJX,2023,How We Approach Corporate Responsibility,,989
TJX 2023,TJX,2023,Management and Oversight,,990
TJX 2023,TJX,2023,Stakeholder Engagement,,991
TJX 2023,TJX,2023,Engaging With Our Associates,,992
TJX 2023,TJX,2023,Engaging With Our Customers,,993
TJX 2023,TJX,2023,Engaging With Our Shareholders,,994
TJX 2023,TJX,2023,Engaging With External Organizations,,995
TJX 2023,TJX,2023,Information Security and Privacy,,996
TJX 2023,TJX,2023,Recognition,,997
TJX 2023,TJX,2023,WORKPLACE,,998
TJX 2023,TJX,2023,Associates Bring Our Business to Life,,999
TJX 2023,TJX,2023,Recruitment,,1000
TJX 2023,TJX,2023,Building a More Diverse Workplace Is a Priority,,1001
TJX 2023,TJX,2023,On-Campus Recruiting: From Their Campus to Ours,,1002
TJX 2023,TJX,2023,Proudly Hiring Those Who Have Served in the U.S. Military,,1003
TJX 2023,TJX,2023,Creating Personal and Professional Opportunities,,1005
TJX 2023,TJX,2023,Making A Difference: Supporting Young People Through The Prince’s Trust’s Programs,,1006
TJX 2023,TJX,2023,Development,,1009
TJX 2023,TJX,2023,Development Programs,,1010
TJX 2023,TJX,2023,Merchant Training and TJX University,,1011
TJX 2023,TJX,2023,External Partnerships,,1013
TJX 2023,TJX,2023,Our Commitment To Inclusion & Diversity,,1014
TJX 2023,TJX,2023,Global I&D Strategies,,1015
TJX 2023,TJX,2023,Increase the Representation of Diverse Associates Along our Talent Pipeline,,1016
TJX 2023,TJX,2023,"Equip Leaders with the Tools to Support Difference with Awareness, Fairness, Sensitivity, and Transparency",,1018
TJX 2023,TJX,2023,"Empower Associates to Integrate Inclusive Behaviors, Language, and Practices in How We Work Together and Understand our Role and Responsibility in Inclusion",sentence_like_review,1020
TJX 2023,TJX,2023,Championing Inclusion,,1023
TJX 2023,TJX,2023,Our Diverse Workforce,,1024
TJX 2023,TJX,2023,Pay Equity,,1025
TJX 2023,TJX,2023,Health & Well-Being,,1026
TJX 2023,TJX,2023,COMMUNITIES,,1027
TJX 2023,TJX,2023,Helping Build Better Futures,,1028
TJX 2023,TJX,2023,Our Approach to Giving Back,,1029
TJX 2023,TJX,2023,Standing for Racial Justice and Creating Opportunities,,1030
TJX 2023,TJX,2023,Commitment to Support Ukraine,,1032
TJX 2023,TJX,2023,Disaster Relief,,1033
TJX 2023,TJX,2023,Basic Needs,,1034
TJX 2023,TJX,2023,"Making A Difference: Providing Warmth, Confidence, and Hope",,1035
TJX 2023,TJX,2023,Education & Training,,1037
TJX 2023,TJX,2023,Making A Difference: The Gift of a Strong Start,,1038
TJX 2023,TJX,2023,Healthcare Research,,1039
TJX 2023,TJX,2023,Making A Difference: Supporting Local Charities,,1040
TJX 2023,TJX,2023,Zöe’s Place,,1041
TJX 2023,TJX,2023,Empowering Women,,1042
TJX 2023,TJX,2023,Making A Difference: Supporting Canadian Women Through Alice House,,1043
TJX 2023,TJX,2023,Our Support Includes:,,1044
TJX 2023,TJX,2023,Environmental Sustainability,,1045
TJX 2023,TJX,2023,Environmentally Responsible. Smart for Business.,,1046
TJX 2023,TJX,2023,Climate and Energy,,1047
TJX 2023,TJX,2023,FY23 Climate and Energy Metrics,,1048
TJX 2023,TJX,2023,GHG Emissions,,1050
TJX 2023,TJX,2023,Renewable Energy,,1051
TJX 2023,TJX,2023,Reducing Emissions: In Our Own Operations,,1052
TJX 2023,TJX,2023,Energy Efficiency,,1054
TJX 2023,TJX,2023,Renewable and Low-Carbon Energy,,1055
TJX 2023,TJX,2023,Offsetting,,1056
TJX 2023,TJX,2023,Transportation and Fuel,,1057
TJX 2023,TJX,2023,Building Green,,1058
TJX 2023,TJX,2023,Reducing Emissions: In Our Value Chain,,1059
TJX 2023,TJX,2023,Estimating Scope 3 Emissions,,1061
TJX 2023,TJX,2023,Transportation and Fuel (Scope 3),,1062
TJX 2023,TJX,2023,Third-Party Verification and Assurance of Emissions Data,,1063
TJX 2023,TJX,2023,Efforts That Help Support Ecosystems,,1066
TJX 2023,TJX,2023,Waste Management,,1067
TJX 2023,TJX,2023,FY23 Waste Metrics,,1068
TJX 2023,TJX,2023,Maximizing Reuse and Recycling in Our Operations,,1069
TJX 2023,TJX,2023,Operational Highlights Across Our Geographies:,,1071
TJX 2023,TJX,2023,Decreasing Single-Use Plastics,,1073
TJX 2023,TJX,2023,Reducing Plastic in Our Operations,,1074
TJX 2023,TJX,2023,Merchandise and Packaging Programs,,1075
TJX 2023,TJX,2023,Reducing Water Consumption,,1076
TJX 2023,TJX,2023,The Multiple Lives of a Cardboard Box,,1077
TJX 2023,TJX,2023,Responsible Business,,1078
TJX 2023,TJX,2023,Delivering Real Value to the World,,1079
TJX 2023,TJX,2023,Responsible Sourcing,,1080
TJX 2023,TJX,2023,Global Social Compliance Program,,1081
TJX 2023,TJX,2023,Sustainable Products and Packaging,,1082
TJX 2023,TJX,2023,Chemicals Management,,1083
TJX 2023,TJX,2023,Program Development,,1084
TJX 2023,TJX,2023,Initiatives Within Our Business Operations,,1085
TJX 2023,TJX,2023,Merchandise and Packaging Initiatives,,1086
TJX 2023,TJX,2023,"Industry, Expert, and Internal Collaboration",,1087
TJX 2023,TJX,2023,Additional Responsible Sourcing Practices,,1088
TJX 2023,TJX,2023,Conflict Minerals,,1089
TJX 2023,TJX,2023,Fur Practices,,1090
TJX 2023,TJX,2023,Global Social Compliance,,1091
TJX 2023,TJX,2023,Vendor Code of Conduct:,,1092
TJX 2023,TJX,2023,Factory Auditing,,1093
TJX 2023,TJX,2023,Audit Reports,,1094
TJX 2023,TJX,2023,Auditing Process,,1095
TJX 2023,TJX,2023,Social Compliance Training,,1096
TJX 2023,TJX,2023,Vendor Code of Conduct,,1097
TJX 2023,TJX,2023,Supplier Diversity,,1098
TJX 2023,TJX,2023,Certification and Registration,,1099
TJX 2023,TJX,2023,Governance,,1100
TJX 2023,TJX,2023,Director Qualifications and Nominations,,1101
TJX 2023,TJX,2023,Board Diversity,,1102
TJX 2023,TJX,2023,Meet Our Board,,1103
TJX 2023,TJX,2023,Board Committees,,1104
TJX 2023,TJX,2023,Corporate Governance Documents,,1105
TJX 2023,TJX,2023,Reporting & Disclosures,,1106
TJX 2023,TJX,2023,About This Report,,1107
TJX 2023,TJX,2023,Data Tables,,1108
TJX 2023,TJX,2023,SASB Disclosure Matrix,,1109
TJX 2023,TJX,2023,United Nations Sustainable Development Goals Disclosure Matrix,,1110
TJX 2023,TJX,2023,EEO-1 Report (2022),,1112
TJX 2023,TJX,2023,Endnotes,,1113
TJX 2023,TJX,2023,Forward Looking Statement,,1114
TJX 2025,TJX,2025,A Message From Our CEO and President,,1116
TJX 2025,TJX,2025,About Our Company,,1117
TJX 2025,TJX,2025,Our Approach to Corporate Responsibility,,1118
TJX 2025,TJX,2025,Management & Oversight,,1119
TJX 2025,TJX,2025,Stakeholder Engagement,,1120
TJX 2025,TJX,2025,Engaging With Our Associates,,1121
TJX 2025,TJX,2025,Engaging With Our Customers,,1122
TJX 2025,TJX,2025,Engaging With Our Shareholders,,1123
TJX 2025,TJX,2025,Engaging With External Organizations,,1124
TJX 2025,TJX,2025,FY25 Highlights1,,1125
TJX 2025,TJX,2025,Recognition,,1126
TJX 2025,TJX,2025,Workplace,,1127
TJX 2025,TJX,2025,Associates Bring Our Business to Life,,1128
TJX 2025,TJX,2025,Culture & Engagement,,1129
TJX 2025,TJX,2025,Championing Our Culture,,1130
TJX 2025,TJX,2025,Fostering Our Culture for Long-Term Success,,1131
TJX 2025,TJX,2025,Recruitment & Development,,1132
TJX 2025,TJX,2025,Building a More Diverse Workplace is a Priority,,1133
TJX 2025,TJX,2025,Early in Career & Campus Recruiting,,1134
TJX 2025,TJX,2025,Proudly Hiring Those Who Have Served in the U.S. Military,,1135
TJX 2025,TJX,2025,Creating Personal & Professional Opportunities,,1137
TJX 2025,TJX,2025,Focus on Development,,1138
TJX 2025,TJX,2025,Our Approach to Development,,1139
TJX 2025,TJX,2025,Development Programs,,1140
TJX 2025,TJX,2025,Leadership Development,,1141
TJX 2025,TJX,2025,Merchant Training & TJX University,,1142
TJX 2025,TJX,2025,Spotlight: “Get Into” Programs,,1143
TJX 2025,TJX,2025,Inclusion & Diversity,,1144
TJX 2025,TJX,2025,Global Priorities,,1145
TJX 2025,TJX,2025,"Empower Associates to Integrate Inclusive Behaviors, Language, & Practices in How We Work Together & Understand Our Role & Responsibility in Inclusion",sentence_like_review,1146
TJX 2025,TJX,2025,Championing Inclusion,,1149
TJX 2025,TJX,2025,Our Diverse Workforce,,1150
TJX 2025,TJX,2025,Health & Well-Being,,1151
TJX 2025,TJX,2025,Communities,,1152
TJX 2025,TJX,2025,Helping Build Better Futures,,1153
TJX 2025,TJX,2025,Our Approach to Giving Back,,1154
TJX 2025,TJX,2025,Other Ways We Give,,1155
TJX 2025,TJX,2025,Our Cause Marketing & In-Store Support Includes:,,1156
TJX 2025,TJX,2025,Basic Needs,,1157
TJX 2025,TJX,2025,Education & Training,,1158
TJX 2025,TJX,2025,Patient Care & Research,,1159
TJX 2025,TJX,2025,Empowering Women,,1160
TJX 2025,TJX,2025,Environmental Sustainability,,1161
TJX 2025,TJX,2025,Environmentally Responsible. Smart for Business.,,1162
TJX 2025,TJX,2025,Climate & Energy,,1163
TJX 2025,TJX,2025,Progress Against Climate & Energy Goals,,1164
TJX 2025,TJX,2025,Emissions In Our Own Operations,,1165
TJX 2025,TJX,2025,Energy Efficiency,,1166
TJX 2025,TJX,2025,Renewable & Low-Carbon Energy,,1167
TJX 2025,TJX,2025,Transportation & Fuel (Scope 1),,1168
TJX 2025,TJX,2025,Building Green,,1169
TJX 2025,TJX,2025,Emissions In Our Value Chain,,1170
TJX 2025,TJX,2025,Estimating Scope 3 Emissions,,1171
TJX 2025,TJX,2025,Transportation & Fuel (Scope 3),,1172
TJX 2025,TJX,2025,Additional Environmental Sustainability Initiatives,,1173
TJX 2025,TJX,2025,Climate Data Reporting & Third-Party Assurance,,1174
TJX 2025,TJX,2025,Spotlight: Engaging Associates in Support of the Environment,,1176
TJX 2025,TJX,2025,Waste Management,,1178
TJX 2025,TJX,2025,Progress Against Waste Diversion Goal,,1179
TJX 2025,TJX,2025,Progress Toward Waste Diversion Goal,,1180
TJX 2025,TJX,2025,Reuse & Recycling in Our Operations,,1181
TJX 2025,TJX,2025,Single-Use Plastics,,1182
TJX 2025,TJX,2025,Water Consumption,,1183
TJX 2025,TJX,2025,Spotlight: Partnerships to Address Waste,,1184
TJX 2025,TJX,2025,Responsible Sourcing,,1185
TJX 2025,TJX,2025,Valuing Ethical Operations,,1186
TJX 2025,TJX,2025,Global Social Compliance,,1187
TJX 2025,TJX,2025,Factory Auditing,,1188
TJX 2025,TJX,2025,Auditing Process,,1189
TJX 2025,TJX,2025,Corrective Action & Remediation,,1190
TJX 2025,TJX,2025,Encouraging Compliance with Environmental Laws,,1191
TJX 2025,TJX,2025,Social Compliance Training,,1192
TJX 2025,TJX,2025,Vendor Code of Conduct,,1193
TJX 2025,TJX,2025,Sustainable Sourcing,,1194
TJX 2025,TJX,2025,Sustainable Products & Packaging,,1195
TJX 2025,TJX,2025,Chemicals Management,,1197
TJX 2025,TJX,2025,Supplier Diversity,,1198
TJX 2025,TJX,2025,Spotlight: Quantum Installation Group,,1199
TJX 2025,TJX,2025,Supplier Requirements,,1200
TJX 2025,TJX,2025,Certification & Registration For Diverse-Owned Businesses16,,1201
TJX 2025,TJX,2025,Corporate Memberships,,1203
TJX 2025,TJX,2025,Supplier Registration,,1204
TJX 2025,TJX,2025,Governance & Integrity,,1205
TJX 2025,TJX,2025,Operating With Integrity,,1206
TJX 2025,TJX,2025,Human Rights,,1207
TJX 2025,TJX,2025,Human Rights in Our Operations,,1208
TJX 2025,TJX,2025,Global Code of Conduct,,1209
TJX 2025,TJX,2025,Open Door Philosophy,,1211
TJX 2025,TJX,2025,Human Rights in Our Supply Chain,,1212
TJX 2025,TJX,2025,Global Social Compliance Program,,1213
TJX 2025,TJX,2025,Governance,,1215
TJX 2025,TJX,2025,Director Qualifications & Nominations,,1216
TJX 2025,TJX,2025,Board Diversity,,1217
TJX 2025,TJX,2025,Corporate Governance Documents,,1218
TJX 2025,TJX,2025,Cybersecurity & Privacy,,1219
TJX 2025,TJX,2025,Reporting & Disclosures,,1220
TJX 2025,TJX,2025,About Our Reporting,,1221
TJX 2025,TJX,2025,Additional Disclosures,,1222
TJX 2025,TJX,2025,Data Tables,,1223
TJX 2025,TJX,2025,SASB Disclosure Matrix,,1224
TJX 2025,TJX,2025,MULTILINE AND SPECIALTY RETAILERS & DISTRIBUTORS,,1225
TJX 2025,TJX,2025,United Nations Sustainable Development Goals Disclosure Matrix,,1226
TJX 2025,TJX,2025,EEO-1 Report (2024),,1227
TJX 2025,TJX,2025,Endnotes,,1228
TJX 2025,TJX,2025,Cautionary Note Regarding Forward-Looking Statements,,1229
