logical_source_id,source_version_id,extraction_artifact_id,ticker,pdf_stem,page,source_page_sha256,before_text_sha256,after_text_sha256,detection_signal,action,verification_result,ocr_engine,created_at,active
ls_714aca0dd0a693db88e14c9c,sv_cb777c3fa3a519b77981923f,ea_d1943dd2f00788070a08fd84,ACI,ACI-ALBERTSONS COS INC-2020,4,5b46de7a26a518f615e2e470963e7e607ba0d73c6a4fd3967ca13205e237cd7a,5b46de7a26a518f615e2e470963e7e607ba0d73c6a4fd3967ca13205e237cd7a,14efd31348e40b8f6a2185b3164b6150e3fb3f37ae745954106e189f10a11b3b,replacement_character,approved_page_override,verified_quality_improvement,tesseract.EXE,2026-07-24T15:51:55.759147+00:00,true
ls_5efbf6c4787c70b35b13a0db,sv_073408dc0d2dc323d508eb22,ea_166e5a29ab70000abbc0b205,EYE,EYE-NATIONAL VISION HOLDINGS INC-2020,2,e3b0c44298fc1c149afbf4c8996fb92427ae41e4649b934ca495991b7852b855,e3b0c44298fc1c149afbf4c8996fb92427ae41e4649b934ca495991b7852b855,9896983bed4a25ed9eb61be9529828b04b7dba764f2b032c4fcf908b2c4ffceb,empty_text,approved_page_override,verified_quality_improvement,tesseract.EXE,2026-07-24T15:52:08.160631+00:00,true
ls_41a90a301e9c72c6b1a50653,sv_e36d0d0b11e770dcd65be7c9,ea_df09090fa98ed111bdeaecb6,EYE,EYE-NATIONAL VISION HOLDINGS INC-2023,47,e3a3991c9e156bd939c320978553478b0b4d69829ce59f287e6a53a591acdb74,e3a3991c9e156bd939c320978553478b0b4d69829ce59f287e6a53a591acdb74,4d8f2700ff1dbb662856996019bb6816499f1179224422089b427b6978e04641,cid_artifact,approved_page_override,verified_quality_improvement,tesseract.EXE,2026-07-24T15:54:24.006598+00:00,true
ls_41a90a301e9c72c6b1a50653,sv_e36d0d0b11e770dcd65be7c9,ea_df09090fa98ed111bdeaecb6,EYE,EYE-NATIONAL VISION HOLDINGS INC-2023,73,6c33bdc60b9cd48eaab448e6dc2171184fd4ebb52d2eb37e615791ee500c1b30,6c33bdc60b9cd48eaab448e6dc2171184fd4ebb52d2eb37e615791ee500c1b30,6c33bdc60b9cd48eaab448e6dc2171184fd4ebb52d2eb37e615791ee500c1b30,garbled_or_low_readable_text,manual_review_hold,ocr_not_verified_or_not_better,,2026-07-24T15:54:24.006598+00:00,false
ls_2d9be684b328479bd5f5e1c6,sv_1b4ea56c1b3b982967f6c457,ea_433a946394e36b5a3c15d5ef,ABG,ABG-ASBURY AUTOMOTIVE GROUP INC-2025,44,e3b0c44298fc1c149afbf4c8996fb92427ae41e4649b934ca495991b7852b855,e3b0c44298fc1c149afbf4c8996fb92427ae41e4649b934ca495991b7852b855,3d8e22593fb78166063c8e2aa15b77f31449f1c18188770977b2a9b8d71fc767,empty_text,approved_page_override,verified_quality_improvement,tesseract.EXE,2026-07-24T15:55:25.497742+00:00,true
ls_199108d2ad0d75ec066ffbee,sv_0b8eae14f71187aed044b0d4,ea_b8f079115d5fb4d3e26840cb,GES,GES-GUESS-2021-2020,57,e3b0c44298fc1c149afbf4c8996fb92427ae41e4649b934ca495991b7852b855,e3b0c44298fc1c149afbf4c8996fb92427ae41e4649b934ca495991b7852b855,e3b0c44298fc1c149afbf4c8996fb92427ae41e4649b934ca495991b7852b855,empty_text,manual_review_hold,ocr_not_verified_or_not_better,,2026-07-24T15:56:00.181938+00:00,false
ls_06876299aaa1fa887216a815,sv_0dec0b8405611ef5ea274a6b,ea_a5a867e5091b44f8035ec4b0,KMX,KMX-CARMAX INC-2025,45,e3b0c44298fc1c149afbf4c8996fb92427ae41e4649b934ca495991b7852b855,e3b0c44298fc1c149afbf4c8996fb92427ae41e4649b934ca495991b7852b855,e3b0c44298fc1c149afbf4c8996fb92427ae41e4649b934ca495991b7852b855,empty_text,manual_review_hold,ocr_not_verified_or_not_better,,2026-07-24T15:57:06.412352+00:00,false
ls_0f5071c470bd2aa57357e5bd,sv_ed931ca1f17c0bdd2c5614e5,ea_aeac6d20a9e723a787419875,ACI,ACI-ALBERTSONS COS INC-2016,12,e3b0c44298fc1c149afbf4c8996fb92427ae41e4649b934ca495991b7852b855,e3b0c44298fc1c149afbf4c8996fb92427ae41e4649b934ca495991b7852b855,f8522b82c33665042a68b5ac968a330fa2db35762bcc0f356cfe7b5d50c55e91,empty_text,approved_page_override,verified_quality_improvement,tesseract.EXE,2026-07-24T15:57:59.021907+00:00,true
ls_a642e633d8a05ab0a56e2ba9,sv_7d6bb270c4924662b8f611b7,ea_11492201a3e24d66793f38e5,LOVE,LOVE-LOVESAC CO (THE)-2024,54,e3b0c44298fc1c149afbf4c8996fb92427ae41e4649b934ca495991b7852b855,e3b0c44298fc1c149afbf4c8996fb92427ae41e4649b934ca495991b7852b855,e64a7d241ea192e2ce7c06837c7b0951d80b8eb1c2ac691b0e9dcb8baa271a9e,empty_text,approved_page_override,verified_quality_improvement,tesseract.EXE,2026-07-24T16:00:09.487665+00:00,true
ls_a642e633d8a05ab0a56e2ba9,sv_7d6bb270c4924662b8f611b7,ea_11492201a3e24d66793f38e5,LOVE,LOVE-LOVESAC CO (THE)-2024,55,e3b0c44298fc1c149afbf4c8996fb92427ae41e4649b934ca495991b7852b855,e3b0c44298fc1c149afbf4c8996fb92427ae41e4649b934ca495991b7852b855,440abc63a38de4722d9940ce9d3280d870df8f1f3bf4b3aed6937d750d34d69e,empty_text,approved_page_override,verified_quality_improvement,tesseract.EXE,2026-07-24T16:00:09.487665+00:00,true
ls_ee62bb790aab82141b9ca51b,sv_e8910f7092ad6a793c5b61ba,ea_8753330b65f0b710d0765aa3,TJX,TJX-TJX COS INC (THE)-2018,1,e3b0c44298fc1c149afbf4c8996fb92427ae41e4649b934ca495991b7852b855,e3b0c44298fc1c149afbf4c8996fb92427ae41e4649b934ca495991b7852b855,e3b0c44298fc1c149afbf4c8996fb92427ae41e4649b934ca495991b7852b855,empty_text,manual_review_hold,ocr_not_verified_or_not_better,,2026-07-24T16:00:37.435736+00:00,false
ls_ee62bb790aab82141b9ca51b,sv_e8910f7092ad6a793c5b61ba,ea_8753330b65f0b710d0765aa3,TJX,TJX-TJX COS INC (THE)-2018,22,e3b0c44298fc1c149afbf4c8996fb92427ae41e4649b934ca495991b7852b855,e3b0c44298fc1c149afbf4c8996fb92427ae41e4649b934ca495991b7852b855,1309cb1d8c616f3376fc9a8a9eeedc83a1c85ebe632a5499300abac1eca21bb3,empty_text,approved_page_override,verified_quality_improvement,tesseract.EXE,2026-07-24T16:00:37.435736+00:00,true
ls_ee62bb790aab82141b9ca51b,sv_e8910f7092ad6a793c5b61ba,ea_8753330b65f0b710d0765aa3,TJX,TJX-TJX COS INC (THE)-2018,39,e3b0c44298fc1c149afbf4c8996fb92427ae41e4649b934ca495991b7852b855,e3b0c44298fc1c149afbf4c8996fb92427ae41e4649b934ca495991b7852b855,4519b0e6f8632c23ab71489c306366eeb386f7c659733825515ee9e5811c42e3,empty_text,approved_page_override,verified_quality_improvement,tesseract.EXE,2026-07-24T16:00:37.435736+00:00,true
ls_ee62bb790aab82141b9ca51b,sv_e8910f7092ad6a793c5b61ba,ea_8753330b65f0b710d0765aa3,TJX,TJX-TJX COS INC (THE)-2018,88,5011da181891d45ed02c6925cdda2f8f6a69a06197f8cd512e07d3718ded5edf,5011da181891d45ed02c6925cdda2f8f6a69a06197f8cd512e07d3718ded5edf,f927f0ef49115a9d2c6bef6914d9d170904564028e764f1f68699f20f3fc85af,garbled_or_low_readable_text,approved_page_override,verified_quality_improvement,tesseract.EXE,2026-07-24T16:00:37.435736+00:00,true
ls_d5d2114a0ea88ae642cac7d0,sv_bd6adb6e4adea733ad3abaa6,ea_86193e19b7f4bf5917b815b2,FL,FL-FOOT LOCKER INC-2023,58,e3b0c44298fc1c149afbf4c8996fb92427ae41e4649b934ca495991b7852b855,e3b0c44298fc1c149afbf4c8996fb92427ae41e4649b934ca495991b7852b855,ba818d4b3b1b1ff6ead3d3a2047b3ea8c9baeb947c530bf50bdf4a8017cbb02f,empty_text,approved_page_override,verified_quality_improvement,tesseract.EXE,2026-07-24T16:01:03.345280+00:00,true
ls_d5d2114a0ea88ae642cac7d0,sv_bd6adb6e4adea733ad3abaa6,ea_86193e19b7f4bf5917b815b2,FL,FL-FOOT LOCKER INC-2023,77,ddc01b5aa1cf6f844eb2100efdccc7b5a5b0236b2f5e66c9ec23eb5ba71206f6,ddc01b5aa1cf6f844eb2100efdccc7b5a5b0236b2f5e66c9ec23eb5ba71206f6,ddc01b5aa1cf6f844eb2100efdccc7b5a5b0236b2f5e66c9ec23eb5ba71206f6,garbled_or_low_readable_text,manual_review_hold,ocr_not_verified_or_not_better,,2026-07-24T16:01:03.345280+00:00,false
ls_88e5ce01b8da7a38a5ee4388,sv_1c549320186bb4d5924d6668,ea_1cd104dc26b0d3214a3d9c05,PTRN,PTRN-Pattern Group-2024(Italian),1,e3b0c44298fc1c149afbf4c8996fb92427ae41e4649b934ca495991b7852b855,e3b0c44298fc1c149afbf4c8996fb92427ae41e4649b934ca495991b7852b855,16666aab6717067a3dbf31b75a7d9d39aeea03473fa00b054f03c547c55dc168,empty_text,approved_page_override,verified_quality_improvement,tesseract.EXE,2026-07-24T16:01:58.437732+00:00,true
ls_88e5ce01b8da7a38a5ee4388,sv_1c549320186bb4d5924d6668,ea_1cd104dc26b0d3214a3d9c05,PTRN,PTRN-Pattern Group-2024(Italian),2,e3b0c44298fc1c149afbf4c8996fb92427ae41e4649b934ca495991b7852b855,e3b0c44298fc1c149afbf4c8996fb92427ae41e4649b934ca495991b7852b855,e3b0c44298fc1c149afbf4c8996fb92427ae41e4649b934ca495991b7852b855,empty_text,manual_review_hold,ocr_not_verified_or_not_better,,2026-07-24T16:01:58.437732+00:00,false
ls_88e5ce01b8da7a38a5ee4388,sv_1c549320186bb4d5924d6668,ea_1cd104dc26b0d3214a3d9c05,PTRN,PTRN-Pattern Group-2024(Italian),3,e3b0c44298fc1c149afbf4c8996fb92427ae41e4649b934ca495991b7852b855,e3b0c44298fc1c149afbf4c8996fb92427ae41e4649b934ca495991b7852b855,e3b0c44298fc1c149afbf4c8996fb92427ae41e4649b934ca495991b7852b855,empty_text,manual_review_hold,ocr_not_verified_or_not_better,,2026-07-24T16:01:58.437732+00:00,false
ls_88e5ce01b8da7a38a5ee4388,sv_1c549320186bb4d5924d6668,ea_1cd104dc26b0d3214a3d9c05,PTRN,PTRN-Pattern Group-2024(Italian),11,e3b0c44298fc1c149afbf4c8996fb92427ae41e4649b934ca495991b7852b855,e3b0c44298fc1c149afbf4c8996fb92427ae41e4649b934ca495991b7852b855,4e2cf049694f84c96d0cdaececddc277a265297a3adbb21a9fec9c8f1158ac96,empty_text,approved_page_override,verified_quality_improvement,tesseract.EXE,2026-07-24T16:01:58.437732+00:00,true
ls_88e5ce01b8da7a38a5ee4388,sv_1c549320186bb4d5924d6668,ea_1cd104dc26b0d3214a3d9c05,PTRN,PTRN-Pattern Group-2024(Italian),15,e3b0c44298fc1c149afbf4c8996fb92427ae41e4649b934ca495991b7852b855,e3b0c44298fc1c149afbf4c8996fb92427ae41e4649b934ca495991b7852b855,e3b0c44298fc1c149afbf4c8996fb92427ae41e4649b934ca495991b7852b855,empty_text,manual_review_hold,ocr_not_verified_or_not_better,,2026-07-24T16:01:58.437732+00:00,false
ls_88e5ce01b8da7a38a5ee4388,sv_1c549320186bb4d5924d6668,ea_1cd104dc26b0d3214a3d9c05,PTRN,PTRN-Pattern Group-2024(Italian),24,e3b0c44298fc1c149afbf4c8996fb92427ae41e4649b934ca495991b7852b855,e3b0c44298fc1c149afbf4c8996fb92427ae41e4649b934ca495991b7852b855,e3b0c44298fc1c149afbf4c8996fb92427ae41e4649b934ca495991b7852b855,empty_text,manual_review_hold,ocr_not_verified_or_not_better,,2026-07-24T16:01:58.437732+00:00,false
ls_88e5ce01b8da7a38a5ee4388,sv_1c549320186bb4d5924d6668,ea_1cd104dc26b0d3214a3d9c05,PTRN,PTRN-Pattern Group-2024(Italian),27,e3b0c44298fc1c149afbf4c8996fb92427ae41e4649b934ca495991b7852b855,e3b0c44298fc1c149afbf4c8996fb92427ae41e4649b934ca495991b7852b855,e3b0c44298fc1c149afbf4c8996fb92427ae41e4649b934ca495991b7852b855,empty_text,manual_review_hold,ocr_not_verified_or_not_better,,2026-07-24T16:01:58.437732+00:00,false
ls_88e5ce01b8da7a38a5ee4388,sv_1c549320186bb4d5924d6668,ea_1cd104dc26b0d3214a3d9c05,PTRN,PTRN-Pattern Group-2024(Italian),29,e3b0c44298fc1c149afbf4c8996fb92427ae41e4649b934ca495991b7852b855,e3b0c44298fc1c149afbf4c8996fb92427ae41e4649b934ca495991b7852b855,e3b0c44298fc1c149afbf4c8996fb92427ae41e4649b934ca495991b7852b855,empty_text,manual_review_hold,ocr_not_verified_or_not_better,,2026-07-24T16:01:58.437732+00:00,false
ls_88e5ce01b8da7a38a5ee4388,sv_1c549320186bb4d5924d6668,ea_1cd104dc26b0d3214a3d9c05,PTRN,PTRN-Pattern Group-2024(Italian),71,ec5cb64aa1666a7ab77c23ba26a1624bdc4cf61365bbccf71c0a28fc490da240,ec5cb64aa1666a7ab77c23ba26a1624bdc4cf61365bbccf71c0a28fc490da240,ec5cb64aa1666a7ab77c23ba26a1624bdc4cf61365bbccf71c0a28fc490da240,garbled_or_low_readable_text,manual_review_hold,ocr_not_verified_or_not_better,,2026-07-24T16:01:58.437732+00:00,false
ls_88e5ce01b8da7a38a5ee4388,sv_1c549320186bb4d5924d6668,ea_1cd104dc26b0d3214a3d9c05,PTRN,PTRN-Pattern Group-2024(Italian),83,e3b0c44298fc1c149afbf4c8996fb92427ae41e4649b934ca495991b7852b855,e3b0c44298fc1c149afbf4c8996fb92427ae41e4649b934ca495991b7852b855,e3b0c44298fc1c149afbf4c8996fb92427ae41e4649b934ca495991b7852b855,empty_text,manual_review_hold,ocr_not_verified_or_not_better,,2026-07-24T16:01:58.437732+00:00,false
ls_a33293aed71af35e5fdcacda,sv_3d03d28bc829c1fe13f0ac27,ea_64b9b945daf90422e5402f06,WHR,WHR-WHIRLPOOL CORP-2019,2,1b0656f9ec07b9188e5d0371d8a38b68328e53ca8106dbf62ce4c5668374beaa,1b0656f9ec07b9188e5d0371d8a38b68328e53ca8106dbf62ce4c5668374beaa,71e63e4a839f96cc1d59d29d0e4561621acd4cc08462939a8c30be5fa0cf5310,garbled_or_low_readable_text,approved_page_override,verified_quality_improvement,tesseract.EXE,2026-07-24T16:02:22.492680+00:00,true
ls_a33293aed71af35e5fdcacda,sv_3d03d28bc829c1fe13f0ac27,ea_64b9b945daf90422e5402f06,WHR,WHR-WHIRLPOOL CORP-2019,3,a15e864279a0b395571be2fd51d6aa92999ac16de3732d08cc6ebd44bac30fb6,a15e864279a0b395571be2fd51d6aa92999ac16de3732d08cc6ebd44bac30fb6,2067c9f758d4dafa75704122593fb4e2ca96b57451b86522dc3dd8e229223aea,garbled_or_low_readable_text,approved_page_override,verified_quality_improvement,tesseract.EXE,2026-07-24T16:02:22.492680+00:00,true
ls_a33293aed71af35e5fdcacda,sv_3d03d28bc829c1fe13f0ac27,ea_64b9b945daf90422e5402f06,WHR,WHR-WHIRLPOOL CORP-2019,17,806ba9c7b39831f35ed7138c508cde971ef7fda83d701ce0733e59597a2fcf69,806ba9c7b39831f35ed7138c508cde971ef7fda83d701ce0733e59597a2fcf69,ae6933d5fb0e95e0a59404feb9b5896e4fdb271d7ebc9ee247ac8cfc1f882316,garbled_or_low_readable_text,approved_page_override,verified_quality_improvement,tesseract.EXE,2026-07-24T16:02:22.492680+00:00,true
ls_a33293aed71af35e5fdcacda,sv_3d03d28bc829c1fe13f0ac27,ea_64b9b945daf90422e5402f06,WHR,WHR-WHIRLPOOL CORP-2019,43,2d65d9090cbefd50c32dec56ddbe115118986e1e135976506e39a98fc4760ca0,2d65d9090cbefd50c32dec56ddbe115118986e1e135976506e39a98fc4760ca0,67b84f7c2ac00af7fb6df1bad3d711661e960388101eca1014c1fa5cd26e51c9,garbled_or_low_readable_text,approved_page_override,verified_quality_improvement,tesseract.EXE,2026-07-24T16:02:22.492680+00:00,true
ls_a33293aed71af35e5fdcacda,sv_3d03d28bc829c1fe13f0ac27,ea_64b9b945daf90422e5402f06,WHR,WHR-WHIRLPOOL CORP-2019,64,4c6fc6620e7321be347ae5641ed521061489a572928ee817e58403266bac631d,4c6fc6620e7321be347ae5641ed521061489a572928ee817e58403266bac631d,c9298de10ebde24d3f9009d4da9fac141f2022f8540fffa66fd7f1b38f1121ab,garbled_or_low_readable_text,approved_page_override,verified_quality_improvement,tesseract.EXE,2026-07-24T16:02:22.492680+00:00,true
ls_a33293aed71af35e5fdcacda,sv_3d03d28bc829c1fe13f0ac27,ea_64b9b945daf90422e5402f06,WHR,WHR-WHIRLPOOL CORP-2019,78,0f97c08af8f3084dec313c961b66e343c29b8617eb470261cb91367339f11e83,0f97c08af8f3084dec313c961b66e343c29b8617eb470261cb91367339f11e83,e8e3af5779877617766916c27edd927a6a75f40f3817dce26488aa7b0243e91d,garbled_or_low_readable_text,approved_page_override,verified_quality_improvement,tesseract.EXE,2026-07-24T16:02:22.492680+00:00,true
ls_1b7bc8879ace278588a0f4ba,sv_a97f27d5ed6a2157d8e99db6,ea_0f356a4587c6c7a5e3be4c49,VVV,VVV-VALVOLINE INC-2024,22,9c8566a0076b2a8a79572ab7f77985822f2110e6c74e6aab8fce74d8f27cd007,9c8566a0076b2a8a79572ab7f77985822f2110e6c74e6aab8fce74d8f27cd007,07c0c767979b0397870d080640d4d0400bc7050214b49577e306ff00053a15c2,cid_artifact,approved_page_override,verified_quality_improvement,tesseract.EXE,2026-07-24T16:03:00.032601+00:00,true
ls_376ecad7db4a44f748159671,sv_931402f21e3a3d19abfb36b4,ea_0e7bf23496e80301f557ba9f,AEO,AEO-AMERICAN EAGLE OUTFITTERS INC-2024,6,08b790328c6512a3c8cfac1c3163521f41169244d0e8f09e4cfb90391c1fc438,08b790328c6512a3c8cfac1c3163521f41169244d0e8f09e4cfb90391c1fc438,1ccaf885e2d3275f1e9242921a442d1bf1937d4d7d4620912e7487116d341e92,garbled_or_low_readable_text,approved_page_override,verified_quality_improvement,tesseract.EXE,2026-07-24T16:03:43.567821+00:00,true
ls_9bfd2496a0a50354fccd33ea,sv_4e4cd307ca0ca61388b38d0b,ea_457743175e8000cc0ab85d91,CRI,CRI-CARTER'S INC-2021,63,e3b0c44298fc1c149afbf4c8996fb92427ae41e4649b934ca495991b7852b855,e3b0c44298fc1c149afbf4c8996fb92427ae41e4649b934ca495991b7852b855,69ece58545388535646761b82409f92fcf3f5354c5c4341ba64f48227ec2fffa,empty_text,approved_page_override,verified_quality_improvement,tesseract.EXE,2026-07-24T16:04:18.683595+00:00,true
ls_023ecfd06d7df3c8af8e17d0,sv_2fb31ae3419d11f447eae1c2,ea_7a7a31b3eecf2793b27b958c,MELI,MELI-MERCADOLIBRE-2024,95,e3b0c44298fc1c149afbf4c8996fb92427ae41e4649b934ca495991b7852b855,e3b0c44298fc1c149afbf4c8996fb92427ae41e4649b934ca495991b7852b855,e3b0c44298fc1c149afbf4c8996fb92427ae41e4649b934ca495991b7852b855,empty_text,manual_review_hold,ocr_not_verified_or_not_better,,2026-07-24T16:04:40.882320+00:00,false
ls_f8772efd52ead956f3c5e6cd,sv_a68765b440420678eb259ec8,ea_424317dddc598d5dbf80c8dc,AAPL,AAPL-APPLE INC-2016,55,ace1ce575d53f75d7f4622f4e5b9b06af2ffa05b46620afe2ac7a5ff706ffcbd,ace1ce575d53f75d7f4622f4e5b9b06af2ffa05b46620afe2ac7a5ff706ffcbd,c504c704a67081d3e4059825112cedff4fdfbb9f4b96f7dd5f06ed9719093cf3,cid_artifact,approved_page_override,verified_quality_improvement,tesseract.EXE,2026-07-24T16:05:28.154554+00:00,true
ls_f8772efd52ead956f3c5e6cd,sv_a68765b440420678eb259ec8,ea_424317dddc598d5dbf80c8dc,AAPL,AAPL-APPLE INC-2016,56,ee0b2f16708339857c012a2dd603c00753f5fc7aaad65a5a7e9649cffcfa8455,ee0b2f16708339857c012a2dd603c00753f5fc7aaad65a5a7e9649cffcfa8455,672fed780ee3401869037abc1aad407e6ebd040531881d3154c7acf6fd0d1fb4,cid_artifact,approved_page_override,verified_quality_improvement,tesseract.EXE,2026-07-24T16:05:28.154554+00:00,true
