item_id,review_version,review_stratum,ticker,pdf_file,pdf_stem,page,source_pdf,source_sha256,image_path,image_sha256,parsed_text_file,page_map_file,current_text_sha256,expected_verdict,issue_codes,reviewer_confidence,evidence
recovery_review_001_NKE_p165,esg_recovery_terra_review_v1,boundary_risk,NKE,NKE-NIKE INC -CL B-2023.pdf,NKE-NIKE INC -CL B-2023,165,data/01_raw/sustainability/NKE/NKE-NIKE INC -CL B-2023.pdf,cf68e0a2fcf537037b354186fb5f4e2abbf2a7c55bf85caf09553a25b0e32d71,reports/esg_recovery_candidate/terra_review_v1/images/recovery_review_001_NKE_p165.png,ad374ab08c244b020b773fa12a4968c53bca41aa578c42619875a1751a7f3d60,data/02_interim/esg_text/NKE/NKE-NIKE INC -CL B-2023.txt,data/02_interim/esg_text/NKE/NKE-NIKE INC -CL B-2023.pages.csv,07fe35c338635a220b12ac808b147d8b5569467388071673e67af97896c90896,safe,,high,The rendered page is one complete FY15–FY23 table; every visible row label and its values appear in the correct sequence.
recovery_review_002_SHOO_p29,esg_recovery_terra_review_v1,boundary_risk,SHOO,SHOO-MADDEN STEVEN LTD-2023.pdf,SHOO-MADDEN STEVEN LTD-2023,29,data/01_raw/sustainability/SHOO/SHOO-MADDEN STEVEN LTD-2023.pdf,b9035e75f019538b1d37ccb3eb4f2356ad48a1cc4c8d7e37e6b6ab9f6dcd6bb5,reports/esg_recovery_candidate/terra_review_v1/images/recovery_review_002_SHOO_p29.png,f113b89e8b93b3d82ed9b69b384346f438402fcb918e8b72ef7e15b1a19f23a4,data/02_interim/esg_text/SHOO/SHOO-MADDEN STEVEN LTD-2023.txt,data/02_interim/esg_text/SHOO/SHOO-MADDEN STEVEN LTD-2023.pages.csv,2fb1f22b9fca2b4aa3bb5290eca1896d7615d66276561ddb4cd3d1e143911967,unsafe,interleaved_regions;detached_heading;broken_table_links;wrong_number_link,high,"The map’s regional panels are interleaved: EAST ASIA’s category values follow the EMEA heading, so region headings, category rows, and percentages no longer stay together."
recovery_review_003_GROV_p41,esg_recovery_terra_review_v1,boundary_risk,GROV,GROV-GROVE COLLABORATIVE HLDG INC-2023.pdf,GROV-GROVE COLLABORATIVE HLDG INC-2023,41,data/01_raw/sustainability/GROV/GROV-GROVE COLLABORATIVE HLDG INC-2023.pdf,2c4d87e1cf83d9c56e3202a1e0b9077146869f1b87f76d772265cec2ed072c4f,reports/esg_recovery_candidate/terra_review_v1/images/recovery_review_003_GROV_p41.png,8a446d08c3d61fbe31f577fb547d069c14b66891524973d77fd1f7c41dc5fddb,data/02_interim/esg_text/GROV/GROV-GROVE COLLABORATIVE HLDG INC-2023.txt,data/02_interim/esg_text/GROV/GROV-GROVE COLLABORATIVE HLDG INC-2023.pages.csv,8e029bc02f8b7b63931937e51e3ab2bb96de74f3328cf2d6fb799d06217fdb9d,unsafe,interleaved_regions;detached_heading;wrong_number_link,high,"The left quote, center paragraph, lower statement, and 2023-partner statistics are interleaved; the 48% value is separated from its vendor claim by unrelated text."
recovery_review_004_WRBY_p21,esg_recovery_terra_review_v1,boundary_risk,WRBY,WRBY-WARBY PARKER INC-2024.pdf,WRBY-WARBY PARKER INC-2024,21,data/01_raw/sustainability/WRBY/WRBY-WARBY PARKER INC-2024.pdf,f25f6e591495f7128b74d742e5dbf7ce754c221a563d93963d5c223ab77f0e1f,reports/esg_recovery_candidate/terra_review_v1/images/recovery_review_004_WRBY_p21.png,dec56398818b7680e96f6e75c6f81a12b720d9814c222241927182450008ab1a,data/02_interim/esg_text/WRBY/WRBY-WARBY PARKER INC-2024.txt,data/02_interim/esg_text/WRBY/WRBY-WARBY PARKER INC-2024.pages.csv,9c5e6cfe762b3f60d212f3f2949ebdd91befd9dbb10949113ba35000d316030d,unsafe,interleaved_regions;wrong_number_link,high,"The three result cards are interleaved: the middle and right card lead-ins appear before the left card's 1 in 2 result, detaching values from their card claims."
recovery_review_005_DECK_p197,esg_recovery_terra_review_v1,layout_complex,DECK,DECK-DECKERS OUTDOOR CORP-2024.pdf,DECK-DECKERS OUTDOOR CORP-2024,197,data/01_raw/sustainability/DECK/DECK-DECKERS OUTDOOR CORP-2024.pdf,cdf9208625d8be61065dfcefa050af66398a39e759930592bcaf6a5547068370,reports/esg_recovery_candidate/terra_review_v1/images/recovery_review_005_DECK_p197.png,af76f9b031f15f203da1b75b473d91b49303e1fc8c68a86a7b6cf52c2e25ddf1,data/02_interim/esg_text/DECK/DECK-DECKERS OUTDOOR CORP-2024.txt,data/02_interim/esg_text/DECK/DECK-DECKERS OUTDOOR CORP-2024.pages.csv,be91e671b2b0e731b1c84417bdf9cd6087d31a6450b53055e89a6b08a2434a8d,unsafe,broken_table_links,high,"Supplier-table fields are extracted in a mixed order within rows; for example, row 219's address and brands precede its supplier number and other values, breaking reliable row links."
recovery_review_006_GES_p92,esg_recovery_terra_review_v1,layout_complex,GES,GES-GUESS-2023-2022.pdf,GES-GUESS-2023-2022,92,data/01_raw/sustainability/GES/GES-GUESS-2023-2022.pdf,dba71c7d82e2bb6129636def3bcd134a75accd6d4f75ca9d39d692fd16a36d9b,reports/esg_recovery_candidate/terra_review_v1/images/recovery_review_006_GES_p92.png,9508118bad4c8010587b17f5cf353c46be79b3a707bbd35cf76599efb689fa2e,data/02_interim/esg_text/GES/GES-GUESS-2023-2022.txt,data/02_interim/esg_text/GES/GES-GUESS-2023-2022.pages.csv,7ca4e03276bb1d7615d72be51341690682219df39156bf330d39285857afa320,safe,,high,"The salary-ratio table, its grouped rows, regional FY2022/FY2023 values, and the footnote are present in a readable order with values linked to the correct rows."
recovery_review_007_VZ_p19,esg_recovery_terra_review_v1,layout_complex,VZ,VZ-VERIZON COMMUNICATIONS INC-2023.pdf,VZ-VERIZON COMMUNICATIONS INC-2023,19,data/01_raw/sustainability/VZ/VZ-VERIZON COMMUNICATIONS INC-2023.pdf,ad3c6c0bfd88fbc053c967e01e4e924c29a6b5fa1327997cd9308197703489f0,reports/esg_recovery_candidate/terra_review_v1/images/recovery_review_007_VZ_p19.png,b6b3181cb54bab2d7ae919490ae7382b779aaf7ee74d497d707e0d9cafb33333,data/02_interim/esg_text/VZ/VZ-VERIZON COMMUNICATIONS INC-2023.txt,data/02_interim/esg_text/VZ/VZ-VERIZON COMMUNICATIONS INC-2023.pages.csv,bbb3b0bb2d2a157faa884d8e95440f9dbb013e2b353c53e1cffaa72c335b8773,unsafe,interleaved_regions;broken_table_links,high,The Global gender by position and U.S. race/ethnicity tables are merged row by row: repeated role labels and both tables' values occur on the same extracted lines instead of as self-contained tables.
recovery_review_008_GROV_p53,esg_recovery_terra_review_v1,layout_complex,GROV,GROV-GROVE COLLABORATIVE HLDG INC-2024.pdf,GROV-GROVE COLLABORATIVE HLDG INC-2024,53,data/01_raw/sustainability/GROV/GROV-GROVE COLLABORATIVE HLDG INC-2024.pdf,b3744eba4265e4d595bdad5c5f96073d15e78c24c5a7334da512266d2dd6d612,reports/esg_recovery_candidate/terra_review_v1/images/recovery_review_008_GROV_p53.png,9715062618265ae5da579f85586e0c4f0f792d7c24305a9e2091d27ceb1b06d0,data/02_interim/esg_text/GROV/GROV-GROVE COLLABORATIVE HLDG INC-2024.txt,data/02_interim/esg_text/GROV/GROV-GROVE COLLABORATIVE HLDG INC-2024.pages.csv,4f5cb145cd3f6a5b13b7a2fbb6549e4a09b6596601128052e83bf2acc6bb7bff,safe,,high,"All vendor-diversity table sections, their row labels, yearly values, percentage-point changes, and the explanatory note are present with intact links. Side-by-side panels remain understandable."
recovery_review_009_M_p10,esg_recovery_terra_review_v1,random_control,M,M-MACY'S INC-2023.pdf,M-MACY'S INC-2023,10,data/01_raw/sustainability/M/M-MACY'S INC-2023.pdf,dd3f2cc3ecda065b59105e9e9c9ca2ff1f57ac4d06264ba62eb4d0179ac84b6e,reports/esg_recovery_candidate/terra_review_v1/images/recovery_review_009_M_p10.png,7409d9035f42bd25c101f628585434c837474584b95a594c44e8667774f8ac03,data/02_interim/esg_text/M/M-MACY'S INC-2023.txt,data/02_interim/esg_text/M/M-MACY'S INC-2023.pages.csv,a360288560250027403e1d23043d2181c8c46597d444d51db897e52382513f3f,safe,,high,"The four highlights sections appear in page order, and each percentage or dollar figure remains attached to its visible statement. Minor character-recognition errors do not change the meaning."
recovery_review_010_HD_p105,esg_recovery_terra_review_v1,random_control,HD,HD-HOME DEPOT INC-2023.pdf,HD-HOME DEPOT INC-2023,105,data/01_raw/sustainability/HD/HD-HOME DEPOT INC-2023.pdf,2b4e6685136cf0bd804aedcdf7ee3a04182dacb6e04faa6218348b46bf21a519,reports/esg_recovery_candidate/terra_review_v1/images/recovery_review_010_HD_p105.png,f5525fd681134debc3cd563efa148d748db9b1b7bbce26a1238177406d9bdbde,data/02_interim/esg_text/HD/HD-HOME DEPOT INC-2023.txt,data/02_interim/esg_text/HD/HD-HOME DEPOT INC-2023.pages.csv,bbd6b8a403179e21f49bceed786f0b398962256a40327200cf67c603aba12e77,safe,,high,"The SASB text and the six-column table match the visible page; each metric, response, reference, and numeric value remains linked to its row."
recovery_review_011_JWN_p31,esg_recovery_terra_review_v1,random_control,JWN,JWN-NORSTROM-2023.pdf,JWN-NORSTROM-2023,31,data/01_raw/sustainability/JWN/JWN-NORSTROM-2023.pdf,7f7401cba5a8294d608996f925253b950603b3405f27ebaa96f3ceacc9dca502,reports/esg_recovery_candidate/terra_review_v1/images/recovery_review_011_JWN_p31.png,4d1ee3ee43005e866bd0cde5430890ef7a46b548d5616bea11fee12f893a7c0f,data/02_interim/esg_text/JWN/JWN-NORSTROM-2023.txt,data/02_interim/esg_text/JWN/JWN-NORSTROM-2023.pages.csv,c1316be72e73019cd44a8e2e8f7559693d40bb9d6c585ba8ccd23c42e5319530,unsafe,interleaved_regions;detached_heading,high,"The visible page has the left-side heading 'Planet' separate from the paragraph, but the extracted text inserts 'Planet' between 'Our' and 'work,' breaking the sentence and attaching the heading to the body."
recovery_review_012_EYE_p59,esg_recovery_terra_review_v1,random_control,EYE,EYE-NATIONAL VISION HOLDINGS INC-2024.pdf,EYE-NATIONAL VISION HOLDINGS INC-2024,59,data/01_raw/sustainability/EYE/EYE-NATIONAL VISION HOLDINGS INC-2024.pdf,9b3dd1980a3ea9515026f865435b84684c23beb26ce1a46e846a6323f6a60d20,reports/esg_recovery_candidate/terra_review_v1/images/recovery_review_012_EYE_p59.png,96ab2430aa67ad9cafc481b2fdb2914c2a0aa88657e42d378bf102fb7d91a0a4,data/02_interim/esg_text/EYE/EYE-NATIONAL VISION HOLDINGS INC-2024.txt,data/02_interim/esg_text/EYE/EYE-NATIONAL VISION HOLDINGS INC-2024.pages.csv,bf6e17f1a69bc5cc249ba44a9a046ca891aba1656c32b239bc6f3dd1c23b7d16,safe,,high,"The reconciliation heading, two fiscal-year columns, all row labels and values, and notes (a) through (i) appear complete and in their visible reading order."
recovery_review_v2_001_VSXY_p5,esg_recovery_terra_review_v2,boundary_risk,VSXY,VSXY-Victorias Secret-2023.pdf,VSXY-Victorias Secret-2023,5,data/01_raw/sustainability/VSXY/VSXY-Victorias Secret-2023.pdf,b7bf152307626af3ad58a61e651c4f2185dbfbbc4dcce6d10ed8ac116c44b531,reports/esg_recovery_candidate/terra_review_v2/images/recovery_review_v2_001_VSXY_p5.png,f57babe10c584d81d1de2c3542d5694121dd529e065f49b9cd2d227309fdefca,data/02_interim/esg_text/VSXY/VSXY-Victorias Secret-2023.txt,data/02_interim/esg_text/VSXY/VSXY-Victorias Secret-2023.pages.csv,8a885526f6aadfe5563ccfc71de78fd029e8ce0580e11ffc94cc156c79b64219,unsafe,navigation_noise,high,"The visible page is a section-navigation divider. Current text includes the full running navigation and bare page number, so it is not safe retrieval content."
recovery_review_v2_002_WOOF_p38,esg_recovery_terra_review_v2,boundary_risk,WOOF,WOOF-PETCO HEALTH AND WELLNESS CO-2024.pdf,WOOF-PETCO HEALTH AND WELLNESS CO-2024,38,data/01_raw/sustainability/WOOF/WOOF-PETCO HEALTH AND WELLNESS CO-2024.pdf,5ccd40f127cfbccb4cf50d8cc46659d63428434ff6491ca5f104f3485a2330d8,reports/esg_recovery_candidate/terra_review_v2/images/recovery_review_v2_002_WOOF_p38.png,d5a30a6ebe6ed5427f03ea4e9ecd410e44f72e1dfe0579062a6b674530db7987,data/02_interim/esg_text/WOOF/WOOF-PETCO HEALTH AND WELLNESS CO-2024.txt,data/02_interim/esg_text/WOOF/WOOF-PETCO HEALTH AND WELLNESS CO-2024.pages.csv,7137f6d1afb2dee1a8f9f56aff4b75ba6007d3b3c8bf91eb2f9913cd287c7f55,unsafe,missing_text;invented_text;broken_table_links;wrong_number_link;navigation_noise;other_noise,high,"The image contains several energy, waste, and water tables with many values, but current text omits them. It also repeats a note, has mojibake, and includes running navigation."
recovery_review_v2_003_BBWI_p40,esg_recovery_terra_review_v2,boundary_risk,BBWI,BBWI-BATH & BODY WORKS INC-2023.pdf,BBWI-BATH & BODY WORKS INC-2023,40,data/01_raw/sustainability/BBWI/BBWI-BATH & BODY WORKS INC-2023.pdf,3d5869a2b79261ec76f9f878fb64bce89a1f9a054a5068276dd57478c911af2a,reports/esg_recovery_candidate/terra_review_v2/images/recovery_review_v2_003_BBWI_p40.png,95a11789a8e44ea7e8a4bfa461a060d8dc9f01627733cf44deef42fa77cd4e46,data/02_interim/esg_text/BBWI/BBWI-BATH & BODY WORKS INC-2023.txt,data/02_interim/esg_text/BBWI/BBWI-BATH & BODY WORKS INC-2023.pages.csv,efcbc39395add24e76c616dae0f06593153964fb9fda5ce9904a3fe7f6515f7f,safe,,high,"The title, body paragraph, and strategic focus labels are complete and remain in their visible reading order. The remaining running navigation and footer do not break the page meaning."
recovery_review_v2_004_FOSL_p24,esg_recovery_terra_review_v2,boundary_risk,FOSL,FOSL-FOSSIL GROUP INC-2024.pdf,FOSL-FOSSIL GROUP INC-2024,24,data/01_raw/sustainability/FOSL/FOSL-FOSSIL GROUP INC-2024.pdf,6c65a43826262c4706f085ede2d38963df4ee7f5782e23d84bf03045907a4c68,reports/esg_recovery_candidate/terra_review_v2/images/recovery_review_v2_004_FOSL_p24.png,9160aa14d61bcf47345995e0e25f0fef4201d66886f690a46c12f69e767ee77c,data/02_interim/esg_text/FOSL/FOSL-FOSSIL GROUP INC-2024.txt,data/02_interim/esg_text/FOSL/FOSL-FOSSIL GROUP INC-2024.pages.csv,96f1a542206260e2e6eccf6303271c31d81a6b1bae5c1dcc2cd836a2be90c965,safe,,high,The main heading and its two-line body are complete and in the visible reading order. The navigation line and page footer are minor repeated furniture and do not break the page meaning.
recovery_review_v2_005_SFM_p7,esg_recovery_terra_review_v2,layout_complex,SFM,SFM-SPROUTS FARMERS MARKET-2023.pdf,SFM-SPROUTS FARMERS MARKET-2023,7,data/01_raw/sustainability/SFM/SFM-SPROUTS FARMERS MARKET-2023.pdf,bb4159ede83dd330edf88afb5117522cd1c120786cc033c934fa7f408d26c000,reports/esg_recovery_candidate/terra_review_v2/images/recovery_review_v2_005_SFM_p7.png,6b0fdfd6eaa2841bd8151320255f2b38c30aa8e4760bd183a823d38b5674df6a,data/02_interim/esg_text/SFM/SFM-SPROUTS FARMERS MARKET-2023.txt,data/02_interim/esg_text/SFM/SFM-SPROUTS FARMERS MARKET-2023.pages.csv,91bcd45f4c8cab46e3fb8b1a41c3f4a0b8c1a3203ecc5305bc01fdf77b6b23b6,unsafe,interleaved_regions;detached_heading,high,"The page has five vertical strategy panels, each with its own heading and supporting text. Current text lists all headings first, then mixes the supporting text from different panels, so headings are detached from their visible bodies. The metric number-to-description pairs remain intact."
recovery_review_v2_006_ULTA_p43,esg_recovery_terra_review_v2,layout_complex,ULTA,ULTA-ULTA BEAUTY INC-2023.pdf,ULTA-ULTA BEAUTY INC-2023,43,data/01_raw/sustainability/ULTA/ULTA-ULTA BEAUTY INC-2023.pdf,94da1624f46848e5840463658ae390fb9af4d24e97943b8b43311f56444921b5,reports/esg_recovery_candidate/terra_review_v2/images/recovery_review_v2_006_ULTA_p43.png,c59dd7427833a81332be7b92e7b214aa3874b1b69a4838e4995032aa4ba16963,data/02_interim/esg_text/ULTA/ULTA-ULTA BEAUTY INC-2023.txt,data/02_interim/esg_text/ULTA/ULTA-ULTA BEAUTY INC-2023.pages.csv,e11c6c3bfa3ff381171b2fbfd37b4bea46f5730a0df1c26601167c4bfd9e9d7a,safe,,high,"The fact-sheet table is complete in current text. Its section labels, row labels, three year columns, and values remain linked correctly, including the Executive Team and Leadership subsections."
recovery_review_v2_007_WMT_p101,esg_recovery_terra_review_v2,layout_complex,WMT,WMT-WALMART INC-2023.pdf,WMT-WALMART INC-2023,101,data/01_raw/sustainability/WMT/WMT-WALMART INC-2023.pdf,fd927036ea0a4c4e5da7daceb73ac3d82c4c094a80d11439c56709e59e88d67b,reports/esg_recovery_candidate/terra_review_v2/images/recovery_review_v2_007_WMT_p101.png,73575fb9cb733203371f9f7128d1b95a353b0c26ac7ad95dcf39868aacabebbe,data/02_interim/esg_text/WMT/WMT-WALMART INC-2023.txt,data/02_interim/esg_text/WMT/WMT-WALMART INC-2023.pages.csv,2d92c5914d90e5cd84b2e4c524c5b550b0adac7cc40f1d6341d9ae2928582b49,unsafe,missing_text;interleaved_regions;broken_table_links;navigation_noise;other_noise,high,The top multi-column table is badly interleaved in the current text: labels and bodies from separate columns are split and joined to unrelated lines. It also mixes navigation and a long footnote block into the page flow.
recovery_review_v2_008_WMK_p7,esg_recovery_terra_review_v2,layout_complex,WMK,WMK-WEIS MARKETS INC-2024-2025.pdf,WMK-WEIS MARKETS INC-2024-2025,7,data/01_raw/sustainability/WMK/WMK-WEIS MARKETS INC-2024-2025.pdf,43c13c70cc15d3c95e145dee56e1b3df756ca7c8835996d24a596e1ff851d9d2,reports/esg_recovery_candidate/terra_review_v2/images/recovery_review_v2_008_WMK_p7.png,834c5bbf2b55db7549390c061e4d3eb04eccd4b81d75f63e2f74be0949526c46,data/02_interim/esg_text/WMK/WMK-WEIS MARKETS INC-2024-2025.txt,data/02_interim/esg_text/WMK/WMK-WEIS MARKETS INC-2024-2025.pages.csv,ed7b1a514b59639521ab7cff7d1d4373a16f8f1f6ff71f786ba8b5dbdc52f031,safe,,high,"The current text preserves the waste-chart title, category groups, each row's 2024 and 2025 tonnage values, and the diversion-rate statement."
recovery_review_v2_009_DXLG_p21,esg_recovery_terra_review_v2,random_control,DXLG,DXLG-DESTINATION XL GROUP INC-2024.pdf,DXLG-DESTINATION XL GROUP INC-2024,21,data/01_raw/sustainability/DXLG/DXLG-DESTINATION XL GROUP INC-2024.pdf,8bb25b46d75e95b4ee88aa5e89853b71a25df639cd144ed7fa5d66dc57b95d46,reports/esg_recovery_candidate/terra_review_v2/images/recovery_review_v2_009_DXLG_p21.png,08c2ccc4bb4e75756d072d9018a7748b16d487da52ab98841449a6e50ef86aec,data/02_interim/esg_text/DXLG/DXLG-DESTINATION XL GROUP INC-2024.txt,data/02_interim/esg_text/DXLG/DXLG-DESTINATION XL GROUP INC-2024.pages.csv,4445fca3ac9f86a0f079e200d6f75eaaa45b67a57265035f47c8ef9a8822d733,safe,,high,"The current text follows the visible single-column order and keeps all headings, paragraphs, and stated amounts with their claims. The apostrophe encoding artifacts are minor and do not break meaning."
recovery_review_v2_010_LESL_p23,esg_recovery_terra_review_v2,random_control,LESL,LESL-LESLIE'S INC-2024.pdf,LESL-LESLIE'S INC-2024,23,data/01_raw/sustainability/LESL/LESL-LESLIE'S INC-2024.pdf,0a679616150650edb915bfdeca74dfa082fd14e4a7b49ec4d8e5a063feefc9dc,reports/esg_recovery_candidate/terra_review_v2/images/recovery_review_v2_010_LESL_p23.png,55497648e36b7f5877b48e2565bb42081dcd24943140e713b2c434f2a41ee05a,data/02_interim/esg_text/LESL/LESL-LESLIE'S INC-2024.txt,data/02_interim/esg_text/LESL/LESL-LESLIE'S INC-2024.pages.csv,ea60a2c233b9a0f69207a911b584205bd882df58659dcfe6ebcf126161980352,safe,,high,"The visible Risk Management and Metrics and Targets panels are fully present. Paragraphs, headings, and the 2024 climate-scenario claim remain correctly attached."
recovery_review_v2_011_VFC_p46,esg_recovery_terra_review_v2,random_control,VFC,VFC-VF CORP-2023-2024.pdf,VFC-VF CORP-2023-2024,46,data/01_raw/sustainability/VFC/VFC-VF CORP-2023-2024.pdf,85decea25d3bd9a3219c2372aefc68c3b96cbc3fdf65bddce8b49f2fbe1185bb,reports/esg_recovery_candidate/terra_review_v2/images/recovery_review_v2_011_VFC_p46.png,895aba466798357e918c79c33a86aac5d460bbf983546623d633df54a2d57b02,data/02_interim/esg_text/VFC/VFC-VF CORP-2023-2024.txt,data/02_interim/esg_text/VFC/VFC-VF CORP-2023-2024.pages.csv,77b43a3732e7c2f44b9a57309d577bb7cc5d82aef885a2fe31c6bcde24240651,safe,,high,"The product-safety heading, introductory paragraph, and Product Stewardship responsibility list are complete and in a usable reading order."
recovery_review_v2_012_CRMT_p26,esg_recovery_terra_review_v2,random_control,CRMT,CRMT-AMERICA'S CAR-MART INC-2023.pdf,CRMT-AMERICA'S CAR-MART INC-2023,26,data/01_raw/sustainability/CRMT/CRMT-AMERICA'S CAR-MART INC-2023.pdf,7a4f28dcf6c7175ec2c3d3a85f4f4500e6ba9d14913a5fe9394e72727b780ba8,reports/esg_recovery_candidate/terra_review_v2/images/recovery_review_v2_012_CRMT_p26.png,bbe541b437d8c997b01c2b091373cc2ca2470b6840c74c6491e9365011ee1dbc,data/02_interim/esg_text/CRMT/CRMT-AMERICA'S CAR-MART INC-2023.txt,data/02_interim/esg_text/CRMT/CRMT-AMERICA'S CAR-MART INC-2023.pages.csv,7e252c1246d31f1ece73167eeb92ffe90ca2ddd37d723245b2180f9d42e38813,safe,,high,"The Environmental Footprint text and the lower community panel are complete. The separate lower panels remain self-contained, and the 20% dealership claim stays with its paragraph."
recovery_review_v3_001_MELI_p2,esg_recovery_terra_review_v3,boundary_risk,MELI,MELI-MERCADOLIBRE-2023.pdf,MELI-MERCADOLIBRE-2023,2,data/01_raw/sustainability/MELI/MELI-MERCADOLIBRE-2023.pdf,8abfbf510b2fc8d7a8d3797eab1af7f2a41e50c086070db47b671e507695444e,reports/esg_recovery_candidate/terra_review_v3/images/recovery_review_v3_001_MELI_p2.png,47cf5219539c7a68b0a68db1b66fe0ef6581e0ed6467ee972ba2755f50ec7af8,data/02_interim/esg_text/MELI/MELI-MERCADOLIBRE-2023.txt,data/02_interim/esg_text/MELI/MELI-MERCADOLIBRE-2023.pages.csv,ac7143bc1439ee038d69cbc3196130de7296be5c706c7679cecffcfd9f64b0d0,unsafe,navigation_noise,high,"The visible page is a contents/navigation spread. Current text contains section labels, GO TO controls, and page numbers rather than retrieval content."
recovery_review_v3_002_FIGS_p26,esg_recovery_terra_review_v3,boundary_risk,FIGS,FIGS-FIGS INC-2023.pdf,FIGS-FIGS INC-2023,26,data/01_raw/sustainability/FIGS/FIGS-FIGS INC-2023.pdf,c20f751641f56c4969ff01be367e8047e9d89f18f6b3b763ba5280457d9c3c95,reports/esg_recovery_candidate/terra_review_v3/images/recovery_review_v3_002_FIGS_p26.png,edd57e077ae91fd9e8c7937337528435553f2b0fe0b517e8794b9c3bd41b9904,data/02_interim/esg_text/FIGS/FIGS-FIGS INC-2023.txt,data/02_interim/esg_text/FIGS/FIGS-FIGS INC-2023.pages.csv,a63bda8fecd54f610b2e37283e7d215bbf43473926d89e5e04d383162fccb7d6,safe,,high,"The FIGS Team title, tagline, and both visible paragraphs are complete and remain in their readable page order."
recovery_review_v3_003_BBY_p44,esg_recovery_terra_review_v3,boundary_risk,BBY,BBY-BEST BUY CO INC-2023.pdf,BBY-BEST BUY CO INC-2023,44,data/01_raw/sustainability/BBY/BBY-BEST BUY CO INC-2023.pdf,72f2178ce7e691bbb7f40ba8344c0647676420dcd3a0fc633ea66375f9d91a24,reports/esg_recovery_candidate/terra_review_v3/images/recovery_review_v3_003_BBY_p44.png,80147e9c67004ec57bf49fa781ec8a549f80469fd61d5aaac38a6ed798d8904f,data/02_interim/esg_text/BBY/BBY-BEST BUY CO INC-2023.txt,data/02_interim/esg_text/BBY/BBY-BEST BUY CO INC-2023.pages.csv,dad5c0778f4536f6420f0d5929537b68249ac987e123bd84b2e1b10244ef906d,safe,,high,The Best Buy community initiatives heading and its complete visible paragraph are correctly linked. Running page furniture does not disrupt meaning.
recovery_review_v3_004_RL_p4,esg_recovery_terra_review_v3,boundary_risk,RL,RL-RALPH LAUREN CORP-2023.pdf,RL-RALPH LAUREN CORP-2023,4,data/01_raw/sustainability/RL/RL-RALPH LAUREN CORP-2023.pdf,286e7de82f5678eb90b2d9eb75deadbc72af8cb0e13e6865f450c276a60ed712,reports/esg_recovery_candidate/terra_review_v3/images/recovery_review_v3_004_RL_p4.png,ceaa6ac8b9e42e5d4fdbaece1ab97b1ef0d1dbf57f0c72392c3f8f3bbf41e692,data/02_interim/esg_text/RL/RL-RALPH LAUREN CORP-2023.txt,data/02_interim/esg_text/RL/RL-RALPH LAUREN CORP-2023.pages.csv,e2cf566470e0593fa2cfb8172fc8b9340880edc4c49b524ef3ebcf3f03eb5bd1,unsafe,missing_text,high,"The heading and adjacent paragraphs are complete and ordered correctly, but the large visible Timeless by Design diagram is omitted. Its three pillar names and the labeled topic areas inside the wheel are meaningful page content."
recovery_review_v3_005_ETSY_p11,esg_recovery_terra_review_v3,layout_complex,ETSY,ETSY-ETSY INC-2023.pdf,ETSY-ETSY INC-2023,11,data/01_raw/sustainability/ETSY/ETSY-ETSY INC-2023.pdf,19c20af40fec2ee5a8ae23e6ca2d6e362ca662282c5690fb78a9a0547bb7ef43,reports/esg_recovery_candidate/terra_review_v3/images/recovery_review_v3_005_ETSY_p11.png,4356c564b8f30a36fb764d53f77fa516b24f1fc2fc3cc9c5bf5ad259568c7ec0,data/02_interim/esg_text/ETSY/ETSY-ETSY INC-2023.txt,data/02_interim/esg_text/ETSY/ETSY-ETSY INC-2023.pages.csv,fb4dd8a5b2f8415683688219b5027dc97107fbf47c10d532985805a06731f297,unsafe,wrong_number_link;other_noise,high,"The prose matches the visible page, but the chart values are emitted as ungrouped number runs followed by years, symbols, and category labels. The text no longer preserves which colored percentage belongs to each year and workforce group; repeated garbled characters also add noise."
recovery_review_v3_006_PTRN_p128,esg_recovery_terra_review_v3,layout_complex,PTRN,PTRN-PATTERN GROUP INC-2023.pdf,PTRN-PATTERN GROUP INC-2023,128,data/01_raw/sustainability/PTRN/PTRN-PATTERN GROUP INC-2023.pdf,d04b6f1f1717085498143461feda4476ba056aa7b64030e25cb4c282731cc847,reports/esg_recovery_candidate/terra_review_v3/images/recovery_review_v3_006_PTRN_p128.png,ccbacdf42f6c6d43a26fa3cf66ff03107e86496c5df975dba7d836905fa89fe6,data/02_interim/esg_text/PTRN/PTRN-PATTERN GROUP INC-2023.txt,data/02_interim/esg_text/PTRN/PTRN-PATTERN GROUP INC-2023.pages.csv,561402a1dc21d85710689e5550a75849c2ae8b9e5d990da369fab6e8ad3bffd8,unsafe,interleaved_regions;detached_heading;broken_table_links,high,"This is a two-column glossary table. Current text splits and reorders many definitions, such as NFS, Communication on Progress, Industrialization, Biobased, KPIs, and Disclosure, leaving fragments far from their glossary labels. The label-to-definition row links are not safe."
recovery_review_v3_007_LEG_p16,esg_recovery_terra_review_v3,layout_complex,LEG,LEG-LEGGETT & PLATT INC-2024.pdf,LEG-LEGGETT & PLATT INC-2024,16,data/01_raw/sustainability/LEG/LEG-LEGGETT & PLATT INC-2024.pdf,356b20898d3a01c034a3ca399b9c36b3524bcbc1f123f5aa20fcb662889a128b,reports/esg_recovery_candidate/terra_review_v3/images/recovery_review_v3_007_LEG_p16.png,9ae27ece1c9261839617af6e85fd97f114efb19a01de2d63b2792e834ce9922a,data/02_interim/esg_text/LEG/LEG-LEGGETT & PLATT INC-2024.txt,data/02_interim/esg_text/LEG/LEG-LEGGETT & PLATT INC-2024.pages.csv,f9f94a15bdda206b83759ee692bc78317a580974394f952e27c6882dc0b2f0ec,safe,,high,"The current text keeps the health-and-safety paragraphs, the three annual table sections, all rate labels and values, and their explanatory notes in a usable order."
recovery_review_v3_008_GPI_p13,esg_recovery_terra_review_v3,layout_complex,GPI,GPI-GROUP 1 AUTOMOTIVE INC-2024.pdf,GPI-GROUP 1 AUTOMOTIVE INC-2024,13,data/01_raw/sustainability/GPI/GPI-GROUP 1 AUTOMOTIVE INC-2024.pdf,25725716e64fb0b3cebd499112d5bb6512ef4ee0000be4a765c07dfa6cbf0323,reports/esg_recovery_candidate/terra_review_v3/images/recovery_review_v3_008_GPI_p13.png,0a2fe82fa64b1dfd386bd4f94ad8d034ae8c61dfdfec48f4b9f0ea23c9bf9ba9,data/02_interim/esg_text/GPI/GPI-GROUP 1 AUTOMOTIVE INC-2024.txt,data/02_interim/esg_text/GPI/GPI-GROUP 1 AUTOMOTIVE INC-2024.pages.csv,c34110efd77ff2f825fb29d26cb4bd63c437e429d3c3d946ce27b86e5e82f12a,safe,,high,The current text follows the visible single-column sequence and keeps the Business Conduct and Data Privacy and Security headings with their complete paragraphs. Minor character-encoding artifacts do not change meaning.
recovery_review_v3_009_EBAY_p35,esg_recovery_terra_review_v3,random_control,EBAY,EBAY-EBAY INC-2024.pdf,EBAY-EBAY INC-2024,35,data/01_raw/sustainability/EBAY/EBAY-EBAY INC-2024.pdf,132d5e446cce1bb27cbe3b2621351241dd9d42db0093669d290caefc7fc5ef88,reports/esg_recovery_candidate/terra_review_v3/images/recovery_review_v3_009_EBAY_p35.png,e0934be94eccafc98b771ca29dc17f8347e74b7906e9a971a9c8f69daa49ebf5,data/02_interim/esg_text/EBAY/EBAY-EBAY INC-2024.txt,data/02_interim/esg_text/EBAY/EBAY-EBAY INC-2024.pages.csv,4b059e9293ff46159acc36531812a6f495b4fb75d988b506253feda83b06fe40,safe,invented_text;navigation_noise,high,"The benefits section is complete and in visible reading order, with all percentages and program figures attached to their claims. The current text adds a repeated brand slogan not visible as page content, but it is minor page furniture and does not affect retrieval safety."
recovery_review_v3_010_UPBD_p4,esg_recovery_terra_review_v3,random_control,UPBD,UPD-UPBOUND GROUP INC-2023.pdf,UPD-UPBOUND GROUP INC-2023,4,data/01_raw/sustainability/UPBD/UPD-UPBOUND GROUP INC-2023.pdf,c11c55e5a203fb203240c774e5a59db7d23c76e9405f1ca8ecf9eb42898fbc76,reports/esg_recovery_candidate/terra_review_v3/images/recovery_review_v3_010_UPBD_p4.png,3f04395e9959353b7dd16441d6a41e4a64347480bb2cb04dddeacf89f2a2cf0f,data/02_interim/esg_text/UPBD/UPD-UPBOUND GROUP INC-2023.txt,data/02_interim/esg_text/UPBD/UPD-UPBOUND GROUP INC-2023.pages.csv,4aa980fd2de37e97d9c303012a5fc26294b98e9273e8164e95b562c6b767ef22,safe,,high,"The CEO letter, all four visible paragraphs, and the Mitchell E. Fadel signature block are complete and in the correct order."
recovery_review_v3_011_MHK_p41,esg_recovery_terra_review_v3,random_control,MHK,MHK-MOHAWK INDUSTRIES INC-2023.pdf,MHK-MOHAWK INDUSTRIES INC-2023,41,data/01_raw/sustainability/MHK/MHK-MOHAWK INDUSTRIES INC-2023.pdf,9157c2dfcaf0845c084b9e03b8830127549c5980d044eb6e33c5d1001baa7db3,reports/esg_recovery_candidate/terra_review_v3/images/recovery_review_v3_011_MHK_p41.png,59a900a3dc53fc6c61fea3b05d9c8ec4763000ce3ecaa262127b9b3b0b623eb1,data/02_interim/esg_text/MHK/MHK-MOHAWK INDUSTRIES INC-2023.txt,data/02_interim/esg_text/MHK/MHK-MOHAWK INDUSTRIES INC-2023.pages.csv,a25caa2e65911d8b0c3dd1667ddd01cfb41b7790b2acb6a768d519a1928977cd,unsafe,missing_text,high,"Current text omits the visible Percent Renewable of Total Electricity Consumption chart and its 2021, 2022, and 2023 percentages, as well as the visible brand names in the brand panel."
recovery_review_v3_012_SGC_p10,esg_recovery_terra_review_v3,random_control,SGC,SGC-SUPERIOR GROUP OF COS INC-2024.pdf,SGC-SUPERIOR GROUP OF COS INC-2024,10,data/01_raw/sustainability/SGC/SGC-SUPERIOR GROUP OF COS INC-2024.pdf,b1aa85bb17ce49316b0cf5da11ecb67b8d1f9a2543200933d03899e7a6daac21,reports/esg_recovery_candidate/terra_review_v3/images/recovery_review_v3_012_SGC_p10.png,ef600323fa595086959b86110d849c231fa1f47d76f91e1e460e2d784f076211,data/02_interim/esg_text/SGC/SGC-SUPERIOR GROUP OF COS INC-2024.txt,data/02_interim/esg_text/SGC/SGC-SUPERIOR GROUP OF COS INC-2024.pages.csv,c6c50a2e8dc7bef18193cb1c13556513491cf18f713f01ca86a854f117c0dbce,unsafe,interleaved_regions,high,"The four visible award cards are independent panels, but current text combines their lines into one interleaved sequence, so the award descriptions are not readable as self-contained claims."
recovery_review_v4_001_DG_p51,esg_recovery_terra_review_v4,boundary_risk,DG,DG-DOLLAR GENERAL CORP-2023.pdf,DG-DOLLAR GENERAL CORP-2023,51,data/01_raw/sustainability/DG/DG-DOLLAR GENERAL CORP-2023.pdf,8e6ba1b5fa793e28cfe5277b0cecd098b978a7356244e816c0a691986ec1802b,reports/esg_recovery_candidate/terra_review_v4/images/recovery_review_v4_001_DG_p51.png,18348d50bc8f524c1c3300053507381a9fdeefc0c5e275981f0699da0c925a5d,data/02_interim/esg_text/DG/DG-DOLLAR GENERAL CORP-2023.txt,data/02_interim/esg_text/DG/DG-DOLLAR GENERAL CORP-2023.pages.csv,4793c6a53ded8f70ebcc1297e2469956acb9bf639ccb734d81a31d867e25811e,safe,,high,"Both activity-metric rows retain their labels, SASB code, year columns, and the linked 2023, 2022, and 2021 values."
recovery_review_v4_002_URBN_p18,esg_recovery_terra_review_v4,boundary_risk,URBN,URBN-URBAN OUTFITTERS INC-2024.pdf,URBN-URBAN OUTFITTERS INC-2024,18,data/01_raw/sustainability/URBN/URBN-URBAN OUTFITTERS INC-2024.pdf,2347428e6d60400e19c396c6610074fc8896a723390047858939b1c16523fbef,reports/esg_recovery_candidate/terra_review_v4/images/recovery_review_v4_002_URBN_p18.png,d25a55080a84f5f39ac86647333b4929cb6084f54c6813351af4c1ebf0e5cc99,data/02_interim/esg_text/URBN/URBN-URBAN OUTFITTERS INC-2024.txt,data/02_interim/esg_text/URBN/URBN-URBAN OUTFITTERS INC-2024.pages.csv,2f23f9fecb85f0db2780d61d92bc83331a4ba34babff2e4735a735f1e628cc4f,safe,,high,"The Respect Our Planet heading, its full supporting paragraph, and all four initiative labels are present and remain meaningfully grouped."
recovery_review_v4_003_COLM_p40,esg_recovery_terra_review_v4,boundary_risk,COLM,COLM-COLUMBIA SPORTSWEAR CO-2024.pdf,COLM-COLUMBIA SPORTSWEAR CO-2024,40,data/01_raw/sustainability/COLM/COLM-COLUMBIA SPORTSWEAR CO-2024.pdf,49cdc9b8d77e760b7e8dddfe919c19d9b72f042df688d5a4530ff5ed6801c9fc,reports/esg_recovery_candidate/terra_review_v4/images/recovery_review_v4_003_COLM_p40.png,b1a4ea1401265fbfa4eb60ba7d9264bdc710e2cae54d500d04448a115dbea83e,data/02_interim/esg_text/COLM/COLM-COLUMBIA SPORTSWEAR CO-2024.txt,data/02_interim/esg_text/COLM/COLM-COLUMBIA SPORTSWEAR CO-2024.pages.csv,d689e2507edb6e462bdb690dfe842954de3e2440d94019b6c1ee63fe24f6fbc6,unsafe,missing_text;invented_text,high,"The visible chart's Columbia 67%, SOREL 43%, Mountain Hardwear 73%, and prAna 95% labels and values are absent, while non-visible '40 / 73' and copyright text appear."
recovery_review_v4_004_WHR_p33,esg_recovery_terra_review_v4,boundary_risk,WHR,WHR-WHIRLPOOL CORP-2023.pdf,WHR-WHIRLPOOL CORP-2023,33,data/01_raw/sustainability/WHR/WHR-WHIRLPOOL CORP-2023.pdf,98a4be09a280802e2e5574ae8bd8535037e2b78c5489391eeede27b9eca7561d,reports/esg_recovery_candidate/terra_review_v4/images/recovery_review_v4_004_WHR_p33.png,8e7d13e11416f271467ba66a296e761dc43dad259761090a078017cad2aea878,data/02_interim/esg_text/WHR/WHR-WHIRLPOOL CORP-2023.txt,data/02_interim/esg_text/WHR/WHR-WHIRLPOOL CORP-2023.pages.csv,9a9e49ed1b7ba5dd66e74517bcb828e2e9725394b76d2720f2021bafd6f04f99,safe,,high,"Both visible content panels are complete and self-contained in current text: Replacing Single-Use Plastic with its Brazil paragraph, followed by Exploring Alternatives for Packaging Materials with its two paragraphs. The repeated report navigation and page number are minor furniture."
recovery_review_v4_005_TSCO_p10,esg_recovery_terra_review_v4,layout_complex,TSCO,TSCO-TRACTOR SUPPLY CO-2023.PDF,TSCO-TRACTOR SUPPLY CO-2023,10,data/01_raw/sustainability/TSCO/TSCO-TRACTOR SUPPLY CO-2023.PDF,3a5864cfc22c739799ba7099a3c21642a8aa4eb011589b69178a5500f526d0dd,reports/esg_recovery_candidate/terra_review_v4/images/recovery_review_v4_005_TSCO_p10.png,1af130439f218d084ce6827a0edf6f09a388ec656cedf2a7f978ddef422af680,data/02_interim/esg_text/TSCO/TSCO-TRACTOR SUPPLY CO-2023.txt,data/02_interim/esg_text/TSCO/TSCO-TRACTOR SUPPLY CO-2023.pages.csv,f5e9f86c22a16663fce234ab00c2d22cca36cb48242c93950822bde066af7b53,safe,,high,"The water-use prose, Ducks Unlimited/Trout Unlimited callout, Waste and Recycling table, and Solid Waste paragraph match the visible top-to-bottom page order. Each table topic is linked to the correct 2023, 2022, and 2021 values."
recovery_review_v4_006_FL_p64,esg_recovery_terra_review_v4,layout_complex,FL,FL-FOOT LOCKER INC-2023.pdf,FL-FOOT LOCKER INC-2023,64,data/01_raw/sustainability/FL/FL-FOOT LOCKER INC-2023.pdf,7234adaa6fc1e8b6e5728749c247d5999420e3292cd9a7ee65f81d6c31073e37,reports/esg_recovery_candidate/terra_review_v4/images/recovery_review_v4_006_FL_p64.png,926427518326400a97212962fe829eb55c476f66333bb6ca52ff57f4a5370ab3,data/02_interim/esg_text/FL/FL-FOOT LOCKER INC-2023.txt,data/02_interim/esg_text/FL/FL-FOOT LOCKER INC-2023.pages.csv,775ea1a2649288fcc224e0cbece65ae9d302c7acd10ab5b64a8968b2c578bacd,safe,,high,The GHG inventory notes and both boundary sections are complete in visible order. Scope statements and Category 1 through Category 7 and Category 14 remain attached to their correct explanatory claims. Minor quote-character encoding does not change the meaning.
recovery_review_v4_007_NGVC_p38,esg_recovery_terra_review_v4,layout_complex,NGVC,NGVC-NATURAL GROCERS VITAMIN CTGE-2024.pdf,NGVC-NATURAL GROCERS VITAMIN CTGE-2024,38,data/01_raw/sustainability/NGVC/NGVC-NATURAL GROCERS VITAMIN CTGE-2024.pdf,aa1797fb657a1a973f8d952762c8c989d5a27666500f192e411a4b4f5a168752,reports/esg_recovery_candidate/terra_review_v4/images/recovery_review_v4_007_NGVC_p38.png,7f5edfd2611445176f281e908976dd24b59ea9a544e17924e708858840738650,data/02_interim/esg_text/NGVC/NGVC-NATURAL GROCERS VITAMIN CTGE-2024.txt,data/02_interim/esg_text/NGVC/NGVC-NATURAL GROCERS VITAMIN CTGE-2024.pages.csv,e8e8a60df974dba6291fb2bf73fcbca34dff72539939fd61d51d80ed6964c015,safe,,high,"The current text retains the company information, About section, and Forward-Looking Statements in their visible order. Minor character-encoding artifacts do not alter the text's meaning."
recovery_review_v4_008_FND_p20,esg_recovery_terra_review_v4,layout_complex,FND,FND-FLOOR & DECOR HLDGS-2023.pdf,FND-FLOOR & DECOR HLDGS-2023,20,data/01_raw/sustainability/FND/FND-FLOOR & DECOR HLDGS-2023.pdf,59f0f082624562f00e466d5751e28da3522273a60702564f99e357523840ce5b,reports/esg_recovery_candidate/terra_review_v4/images/recovery_review_v4_008_FND_p20.png,d088180ee2d279d2a9d4ba04273b17833223a6dd5937e2387346b7f38d8bb5e1,data/02_interim/esg_text/FND/FND-FLOOR & DECOR HLDGS-2023.txt,data/02_interim/esg_text/FND/FND-FLOOR & DECOR HLDGS-2023.pages.csv,e4014b403147c20eaaef4fd30db945255bbca291e3bec20dcb948f960de81e45,safe,,high,"The current text matches the visible continued paragraph, cybersecurity governance bullets, External Protection Measures heading and body, and the following tool list in reading order."
recovery_review_v4_009_AZO_p75,esg_recovery_terra_review_v4,random_control,AZO,AZO-AUTOZONE INC-2023.pdf,AZO-AUTOZONE INC-2023,75,data/01_raw/sustainability/AZO/AZO-AUTOZONE INC-2023.pdf,f1a9de1471d4f28bc8660dc037df611327d081e1029673745bfb65d3648b719e,reports/esg_recovery_candidate/terra_review_v4/images/recovery_review_v4_009_AZO_p75.png,6241a16e6aa619951c6358523b8b98b94633ad96b1ba4b14d322b8c9dc5e547c,data/02_interim/esg_text/AZO/AZO-AUTOZONE INC-2023.txt,data/02_interim/esg_text/AZO/AZO-AUTOZONE INC-2023.pages.csv,9f268b39508d3d2d4468b24ff6949490551ae98317416c8a392b1bfda7b8b7fd,safe,,high,"The Forward-looking Statements and TRADEMARKS AND SERVICE MARKS sections remain complete and in visible reading order, with cited years, laws, forms, and trademark names kept with their claims."
recovery_review_v4_010_CVS_p84,esg_recovery_terra_review_v4,random_control,CVS,CVS-CVS HEALTH CORP-2024.PDF,CVS-CVS HEALTH CORP-2024,84,data/01_raw/sustainability/CVS/CVS-CVS HEALTH CORP-2024.PDF,a94144b43e8215a6b0856bff737d2fbef2ff0871a93a4eea424d69ed2c17729d,reports/esg_recovery_candidate/terra_review_v4/images/recovery_review_v4_010_CVS_p84.png,80715b03e1c5abb299616bfe33382407cdd8fdeaf74b1356273cc3c0092a1043,data/02_interim/esg_text/CVS/CVS-CVS HEALTH CORP-2024.txt,data/02_interim/esg_text/CVS/CVS-CVS HEALTH CORP-2024.pages.csv,6a1ffe4d90c84b271eb6ff72644a604046d3008ddeb9520f1b241de35dab084c,safe,,high,"The scenario-analysis bullets, the climate-issues heading, and the Products and services section appear in visible page order. The 100-location and one-percent figures remain linked to their statements."
recovery_review_v4_011_LE_p20,esg_recovery_terra_review_v4,random_control,LE,LE-Lands End-2024.pdf,LE-Lands End-2024,20,data/01_raw/sustainability/LE/LE-Lands End-2024.pdf,b3bc27493dda6422c6d3139a195a2d417af93ae878929ce6cf3a00adf9806e31,reports/esg_recovery_candidate/terra_review_v4/images/recovery_review_v4_011_LE_p20.png,14c5cfb2611e944eea8d35e326b195656ee149ff92f7339ad639ab6c5c6385b8,data/02_interim/esg_text/LE/LE-Lands End-2024.txt,data/02_interim/esg_text/LE/LE-Lands End-2024.pages.csv,a227bee5c4700a6373a204c9c930e5a2c0c809aac0643787516723a46fda54ef,safe,,high,"The Physical Health and Wellness heading, introductory paragraph, five labeled benefit bullets, and final breastfeeding paragraph are complete and in the displayed order. Values such as 32+, 80,000, 2024, and 100% retain their context."
recovery_review_v4_012_MOV_p80,esg_recovery_terra_review_v4,random_control,MOV,MOV-MOVADO GROUP INC-2023.pdf,MOV-MOVADO GROUP INC-2023,80,data/01_raw/sustainability/MOV/MOV-MOVADO GROUP INC-2023.pdf,e221a4f6c2e5c00bd60361e571b1682a349439d43ad3f645a8373cdc7d80876a,reports/esg_recovery_candidate/terra_review_v4/images/recovery_review_v4_012_MOV_p80.png,061b9ae35397f35993b94c99423eaee370df31e72361f8ba66255bdca1430dd6,data/02_interim/esg_text/MOV/MOV-MOVADO GROUP INC-2023.txt,data/02_interim/esg_text/MOV/MOV-MOVADO GROUP INC-2023.pages.csv,cdf21c084937a46c3739ddc562cca45fd2de0e4aa99bc25a2d66f6592b5d6130,safe,,high,All five visible disclosure paragraphs are complete and in page order. Dates and terms related to reporting standards and forward-looking statements stay attached to the correct text.
