company_id,ticker,cik,accession_number,form,filing_date,year,primary_doc_url,download_status
49,GAP,0000039911,0001628280-26-018573,10-K,2026-03-17,2026,https://www.sec.gov/Archives/edgar/data/39911/000162828026018573/gap-20260131.htm,downloaded_not_uploaded
49,GAP,0000039911,0000039911-25-000029,10-K,2025-03-18,2025,https://www.sec.gov/Archives/edgar/data/39911/000003991125000029/gap-20250201.htm,downloaded_not_uploaded
49,GAP,0000039911,0000039911-24-000066,10-K,2024-03-19,2024,https://www.sec.gov/Archives/edgar/data/39911/000003991124000066/gps-20240203.htm,downloaded_not_uploaded
1,DDS,0000028917,0000028917-26-000006,10-K,2026-03-27,2026,https://www.sec.gov/Archives/edgar/data/28917/000002891726000006/dds-20260131x10k.htm,downloaded_not_uploaded
1,DDS,0000028917,0000028917-25-000004,10-K,2025-03-28,2025,https://www.sec.gov/Archives/edgar/data/28917/000002891725000004/dds-20250201x10k.htm,downloaded_not_uploaded
1,DDS,0000028917,0000028917-24-000011,10-K,2024-03-29,2024,https://www.sec.gov/Archives/edgar/data/28917/000002891724000011/dds-20240203x10k.htm,downloaded_not_uploaded
2,M,0000794367,0001628280-26-021721,10-K,2026-03-27,2026,https://www.sec.gov/Archives/edgar/data/794367/000162828026021721/m-20260131.htm,downloaded_not_uploaded
2,M,0000794367,0001628280-25-014315,10-K,2025-03-21,2025,https://www.sec.gov/Archives/edgar/data/794367/000162828025014315/m-20250201.htm,downloaded_not_uploaded
2,M,0000794367,0001628280-24-012734,10-K,2024-03-22,2024,https://www.sec.gov/Archives/edgar/data/794367/000162828024012734/m-20240203.htm,downloaded_not_uploaded
3,KSS,0000885639,0001193125-26-115982,10-K,2026-03-19,2026,https://www.sec.gov/Archives/edgar/data/885639/000119312526115982/kss-20260131.htm,downloaded_not_uploaded
3,KSS,0000885639,0000950170-25-042662,10-K,2025-03-20,2025,https://www.sec.gov/Archives/edgar/data/885639/000095017025042662/kss-20250201.htm,downloaded_not_uploaded
3,KSS,0000885639,0000950170-24-034691,10-K,2024-03-21,2024,https://www.sec.gov/Archives/edgar/data/885639/000095017024034691/kss-20240203.htm,downloaded_not_uploaded
4,CPNG,0001834584,0001834584-26-000024,10-K,2026-02-26,2026,https://www.sec.gov/Archives/edgar/data/1834584/000183458426000024/cpng-20251231.htm,downloaded_not_uploaded
4,CPNG,0001834584,0001834584-25-000030,10-K,2025-02-25,2025,https://www.sec.gov/Archives/edgar/data/1834584/000183458425000030/cpng-20241231.htm,downloaded_not_uploaded
4,CPNG,0001834584,0001834584-24-000023,10-K,2024-02-28,2024,https://www.sec.gov/Archives/edgar/data/1834584/000183458424000023/cpng-20231231.htm,downloaded_not_uploaded
5,DIBS,0001600641,0001600641-26-000007,10-K,2026-02-27,2026,https://www.sec.gov/Archives/edgar/data/1600641/000160064126000007/dibs-20251231.htm,downloaded_not_uploaded
5,DIBS,0001600641,0001600641-25-000011,10-K,2025-03-03,2025,https://www.sec.gov/Archives/edgar/data/1600641/000160064125000011/dibs-20241231.htm,downloaded_not_uploaded
5,DIBS,0001600641,0001600641-24-000022,10-K,2024-02-29,2024,https://www.sec.gov/Archives/edgar/data/1600641/000160064124000022/dibs-20231231.htm,downloaded_not_uploaded
6,OLLI,0001639300,0001140361-26-010409,10-K,2026-03-19,2026,https://www.sec.gov/Archives/edgar/data/1639300/000114036126010409/ef20060524_10k.htm,downloaded_not_uploaded
6,OLLI,0001639300,0001140361-25-010442,10-K,2025-03-26,2025,https://www.sec.gov/Archives/edgar/data/1639300/000114036125010442/ef20040177_10k.htm,downloaded_not_uploaded
6,OLLI,0001639300,0001140361-24-015681,10-K,2024-03-27,2024,https://www.sec.gov/Archives/edgar/data/1639300/000114036124015681/ef20015294_10k.htm,downloaded_not_uploaded
8,AMZN,0001018724,0001018724-26-000004,10-K,2026-02-06,2026,https://www.sec.gov/Archives/edgar/data/1018724/000101872426000004/amzn-20251231.htm,downloaded_not_uploaded
8,AMZN,0001018724,0001018724-25-000004,10-K,2025-02-07,2025,https://www.sec.gov/Archives/edgar/data/1018724/000101872425000004/amzn-20241231.htm,downloaded_not_uploaded
8,AMZN,0001018724,0001018724-24-000008,10-K,2024-02-02,2024,https://www.sec.gov/Archives/edgar/data/1018724/000101872424000008/amzn-20231231.htm,downloaded_not_uploaded
9,EBAY,0001065088,0001065088-26-000027,10-K,2026-02-19,2026,https://www.sec.gov/Archives/edgar/data/1065088/000106508826000027/ebay-20251231.htm,downloaded_not_uploaded
9,EBAY,0001065088,0001065088-25-000037,10-K,2025-02-27,2025,https://www.sec.gov/Archives/edgar/data/1065088/000106508825000037/ebay-20241231.htm,downloaded_not_uploaded
9,EBAY,0001065088,0001065088-24-000036,10-K,2024-02-28,2024,https://www.sec.gov/Archives/edgar/data/1065088/000106508824000036/ebay-20231231.htm,downloaded_not_uploaded
10,MELI,0001099590,0001099590-26-000006,10-K,2026-02-25,2026,https://www.sec.gov/Archives/edgar/data/1099590/000109959026000006/meli-20251231.htm,downloaded_not_uploaded
10,MELI,0001099590,0001099590-25-000007,10-K,2025-02-21,2025,https://www.sec.gov/Archives/edgar/data/1099590/000109959025000007/meli-20241231.htm,downloaded_not_uploaded
10,MELI,0001099590,0001099590-24-000008,10-K,2024-02-23,2024,https://www.sec.gov/Archives/edgar/data/1099590/000109959024000008/meli-20231231.htm,downloaded_not_uploaded
11,GRPN,0001490281,0001628280-26-016429,10-K,2026-03-10,2026,https://www.sec.gov/Archives/edgar/data/1490281/000162828026016429/grpn-20251231.htm,downloaded_not_uploaded
11,GRPN,0001490281,0001490281-25-000005,10-K,2025-03-11,2025,https://www.sec.gov/Archives/edgar/data/1490281/000149028125000005/grpn-20241231.htm,downloaded_not_uploaded
11,GRPN,0001490281,0001490281-24-000024,10-K,2024-03-15,2024,https://www.sec.gov/Archives/edgar/data/1490281/000149028124000024/grpn-20231231.htm,downloaded_not_uploaded
12,JWN,0000072333,0000072333-25-000039,10-K,2025-03-21,2025,https://www.sec.gov/Archives/edgar/data/72333/000007233325000039/jwn-20250201.htm,downloaded_not_uploaded
12,JWN,0000072333,0000072333-24-000031,10-K,2024-03-19,2024,https://www.sec.gov/Archives/edgar/data/72333/000007233324000031/jwn-20240203.htm,downloaded_not_uploaded
12,JWN,0000072333,0000072333-23-000037,10-K,2023-03-10,2023,https://www.sec.gov/Archives/edgar/data/72333/000007233323000037/jwn-20230128.htm,downloaded_not_uploaded
13,HOUR,0001874875,0001493152-26-012278,10-K,2026-03-24,2026,https://www.sec.gov/Archives/edgar/data/1874875/000149315226012278/form10-k.htm,downloaded_not_uploaded
13,HOUR,0001874875,0001641172-25-000930,10-K,2025-03-27,2025,https://www.sec.gov/Archives/edgar/data/1874875/000164117225000930/form10-k.htm,downloaded_not_uploaded
13,HOUR,0001874875,0001493152-24-011298,10-K,2024-03-26,2024,https://www.sec.gov/Archives/edgar/data/1874875/000149315224011298/form10-k.htm,downloaded_not_uploaded
14,SVV,0001883313,0001883313-26-000014,10-K,2026-02-20,2026,https://www.sec.gov/Archives/edgar/data/1883313/000188331326000014/svv-20260103.htm,downloaded_not_uploaded
14,SVV,0001883313,0001883313-25-000013,10-K,2025-02-21,2025,https://www.sec.gov/Archives/edgar/data/1883313/000188331325000013/svv-20241228.htm,downloaded_not_uploaded
14,SVV,0001883313,0001883313-24-000013,10-K,2024-03-08,2024,https://www.sec.gov/Archives/edgar/data/1883313/000188331324000013/svv-20231230.htm,downloaded_not_uploaded
15,PTRN,0001811935,0001811935-26-000013,10-K,2026-03-06,2026,https://www.sec.gov/Archives/edgar/data/1811935/000181193526000013/ptrn-20251231.htm,downloaded_not_uploaded
16,ETSY,0001370637,0001370637-26-000019,10-K,2026-02-19,2026,https://www.sec.gov/Archives/edgar/data/1370637/000137063726000019/etsy-20251231.htm,downloaded_not_uploaded
16,ETSY,0001370637,0001370637-25-000017,10-K,2025-02-19,2025,https://www.sec.gov/Archives/edgar/data/1370637/000137063725000017/etsy-20241231.htm,downloaded_not_uploaded
16,ETSY,0001370637,0001370637-24-000013,10-K,2024-02-22,2024,https://www.sec.gov/Archives/edgar/data/1370637/000137063724000013/etsy-20231231.htm,downloaded_not_uploaded
42,GES,0000912463,0000912463-25-000028,10-K,2025-04-11,2025,https://www.sec.gov/Archives/edgar/data/912463/000091246325000028/ges-20250201.htm,downloaded_not_uploaded
42,GES,0000912463,0000912463-24-000029,10-K,2024-04-01,2024,https://www.sec.gov/Archives/edgar/data/912463/000091246324000029/ges-20240203.htm,downloaded_not_uploaded
42,GES,0000912463,0000912463-23-000014,10-K,2023-03-24,2023,https://www.sec.gov/Archives/edgar/data/912463/000091246323000014/ges-20230128.htm,downloaded_not_uploaded
43,AEO,0000919012,0001193125-26-132097,10-K,2026-03-30,2026,https://www.sec.gov/Archives/edgar/data/919012/000119312526132097/aeo-20260131.htm,downloaded_not_uploaded
43,AEO,0000919012,0000950170-25-042746,10-K,2025-03-20,2025,https://www.sec.gov/Archives/edgar/data/919012/000095017025042746/aeo-20250201.htm,downloaded_not_uploaded
43,AEO,0000919012,0000950170-24-032294,10-K,2024-03-15,2024,https://www.sec.gov/Archives/edgar/data/919012/000095017024032294/aeo-20240203.htm,downloaded_not_uploaded
44,TLYS,0001524025,0001628280-26-024440,10-K,2026-04-09,2026,https://www.sec.gov/Archives/edgar/data/1524025/000162828026024440/tlys-20260131.htm,downloaded_not_uploaded
44,TLYS,0001524025,0001628280-25-017352,10-K,2025-04-10,2025,https://www.sec.gov/Archives/edgar/data/1524025/000162828025017352/tlys-20250201.htm,downloaded_not_uploaded
44,TLYS,0001524025,0001628280-24-015839,10-K,2024-04-11,2024,https://www.sec.gov/Archives/edgar/data/1524025/000162828024015839/tlys-20240203.htm,downloaded_not_uploaded
45,CATO,0000018255,0001562762-26-000041,10-K,2026-03-25,2026,https://www.sec.gov/Archives/edgar/data/18255/000156276226000041/cato-20260131.htm,downloaded_not_uploaded
45,CATO,0000018255,0001562762-25-000062,10-K,2025-03-31,2025,https://www.sec.gov/Archives/edgar/data/18255/000156276225000062/cato-20250201.htm,downloaded_not_uploaded
45,CATO,0000018255,0001562762-24-000065,10-K,2024-03-27,2024,https://www.sec.gov/Archives/edgar/data/18255/000156276224000065/cato2023012810K.htm,downloaded_not_uploaded
46,ROST,0000745732,0000745732-26-000006,10-K,2026-03-31,2026,https://www.sec.gov/Archives/edgar/data/745732/000074573226000006/rost-20260131.htm,downloaded_not_uploaded
46,ROST,0000745732,0000745732-25-000010,10-K,2025-04-01,2025,https://www.sec.gov/Archives/edgar/data/745732/000074573225000010/rost-20250201.htm,downloaded_not_uploaded
46,ROST,0000745732,0000745732-24-000009,10-K,2024-04-02,2024,https://www.sec.gov/Archives/edgar/data/745732/000074573224000009/rost-20240203.htm,downloaded_not_uploaded
47,TJX,0000109198,0000109198-26-000008,10-K,2026-03-31,2026,https://www.sec.gov/Archives/edgar/data/109198/000010919826000008/tjx-20260131.htm,downloaded_not_uploaded
47,TJX,0000109198,0000109198-25-000010,10-K,2025-04-02,2025,https://www.sec.gov/Archives/edgar/data/109198/000010919825000010/tjx-20250201.htm,downloaded_not_uploaded
47,TJX,0000109198,0000109198-24-000014,10-K,2024-04-03,2024,https://www.sec.gov/Archives/edgar/data/109198/000010919824000014/tjx-20240203.htm,downloaded_not_uploaded
48,DXLG,0000813298,0001193125-26-115660,10-K,2026-03-19,2026,https://www.sec.gov/Archives/edgar/data/813298/000119312526115660/dxlg-20260131.htm,downloaded_not_uploaded
48,DXLG,0000813298,0000950170-25-042703,10-K,2025-03-20,2025,https://www.sec.gov/Archives/edgar/data/813298/000095017025042703/dxlg-20250201.htm,downloaded_not_uploaded
48,DXLG,0000813298,0000950170-24-034763,10-K,2024-03-21,2024,https://www.sec.gov/Archives/edgar/data/813298/000095017024034763/dxlg-20240203.htm,downloaded_not_uploaded
50,BURL,0001579298,0001193125-26-116001,10-K,2026-03-19,2026,https://www.sec.gov/Archives/edgar/data/1579298/000119312526116001/burl-20260131.htm,downloaded_not_uploaded
50,BURL,0001579298,0000950170-25-040472,10-K,2025-03-17,2025,https://www.sec.gov/Archives/edgar/data/1579298/000095017025040472/burl-20250201.htm,downloaded_not_uploaded
50,BURL,0001579298,0000950170-24-032207,10-K,2024-03-15,2024,https://www.sec.gov/Archives/edgar/data/1579298/000095017024032207/burl-20240203.htm,downloaded_not_uploaded
51,LE,0000799288,0001193125-26-126210,10-K,2026-03-26,2026,https://www.sec.gov/Archives/edgar/data/799288/000119312526126210/le-20260130.htm,downloaded_not_uploaded
51,LE,0000799288,0000950170-25-046044,10-K,2025-03-27,2025,https://www.sec.gov/Archives/edgar/data/799288/000095017025046044/le-20250131.htm,downloaded_not_uploaded
51,LE,0000799288,0000950170-24-041066,10-K,2024-04-03,2024,https://www.sec.gov/Archives/edgar/data/799288/000095017024041066/le-20240202.htm,downloaded_not_uploaded
52,BKE,0000885245,0000885245-26-000012,10-K,2026-04-01,2026,https://www.sec.gov/Archives/edgar/data/885245/000088524526000012/bke-20260131.htm,downloaded_not_uploaded
52,BKE,0000885245,0000885245-25-000052,10-K,2025-04-02,2025,https://www.sec.gov/Archives/edgar/data/885245/000088524525000052/bke-20250201.htm,downloaded_not_uploaded
52,BKE,0000885245,0000885245-24-000051,10-K,2024-04-03,2024,https://www.sec.gov/Archives/edgar/data/885245/000088524524000051/bke-20240203.htm,downloaded_not_uploaded
53,DLTH,0001649744,0001193125-26-117508,10-K,2026-03-20,2026,https://www.sec.gov/Archives/edgar/data/1649744/000119312526117508/dlth-20260201.htm,downloaded_not_uploaded
53,DLTH,0001649744,0001649744-25-000006,10-K,2025-03-24,2025,https://www.sec.gov/Archives/edgar/data/1649744/000164974425000006/dlth-20250202x10k.htm,downloaded_not_uploaded
53,DLTH,0001649744,0001649744-24-000006,10-K,2024-03-22,2024,https://www.sec.gov/Archives/edgar/data/1649744/000164974424000006/dlth-20240128x10k.htm,downloaded_not_uploaded
54,JILL,0001687932,0001193125-26-134566,10-K,2026-03-31,2026,https://www.sec.gov/Archives/edgar/data/1687932/000119312526134566/jill-20260131.htm,downloaded_not_uploaded
54,JILL,0001687932,0000950170-25-048494,10-K,2025-04-01,2025,https://www.sec.gov/Archives/edgar/data/1687932/000095017025048494/jill-20250201.htm,downloaded_not_uploaded
54,JILL,0001687932,0000950170-24-041871,10-K,2024-04-04,2024,https://www.sec.gov/Archives/edgar/data/1687932/000095017024041871/jill-20240203.htm,downloaded_not_uploaded
55,SFIX,0001576942,0001628280-25-042782,10-K,2025-09-25,2025,https://www.sec.gov/Archives/edgar/data/1576942/000162828025042782/sfix-20250802.htm,downloaded_not_uploaded
55,SFIX,0001576942,0001576942-24-000099,10-K,2024-09-25,2024,https://www.sec.gov/Archives/edgar/data/1576942/000157694224000099/sfix-20240803.htm,downloaded_not_uploaded
55,SFIX,0001576942,0001576942-23-000114,10-K,2023-09-20,2023,https://www.sec.gov/Archives/edgar/data/1576942/000157694223000114/sfix-20230729.htm,downloaded_not_uploaded
56,RVLV,0001746618,0001193125-26-071307,10-K,2026-02-25,2026,https://www.sec.gov/Archives/edgar/data/1746618/000119312526071307/rvlv-20251231.htm,downloaded_not_uploaded
56,RVLV,0001746618,0000950170-25-026748,10-K,2025-02-25,2025,https://www.sec.gov/Archives/edgar/data/1746618/000095017025026748/rvlv-20241231.htm,downloaded_not_uploaded
56,RVLV,0001746618,0000950170-24-021244,10-K,2024-02-27,2024,https://www.sec.gov/Archives/edgar/data/1746618/000095017024021244/rvlv-20231231.htm,downloaded_not_uploaded
57,URBN,0000912615,0001193125-26-137916,10-K,2026-04-01,2026,https://www.sec.gov/Archives/edgar/data/912615/000119312526137916/urbn-20260131.htm,downloaded_not_uploaded
57,URBN,0000912615,0000950170-25-048506,10-K,2025-04-01,2025,https://www.sec.gov/Archives/edgar/data/912615/000095017025048506/urbn-20250131.htm,downloaded_not_uploaded
57,URBN,0000912615,0000950170-24-039320,10-K,2024-04-01,2024,https://www.sec.gov/Archives/edgar/data/912615/000095017024039320/urbn-20240131.htm,downloaded_not_uploaded
58,DBGI,0001668010,0001493152-26-016851,10-K,2026-04-15,2026,https://www.sec.gov/Archives/edgar/data/1668010/000149315226016851/form10-k.htm,downloaded_not_uploaded
58,DBGI,0001668010,0001641172-25-003320,10-K,2025-04-09,2025,https://www.sec.gov/Archives/edgar/data/1668010/000164117225003320/form10-k.htm,downloaded_not_uploaded
58,DBGI,0001668010,0001104659-24-047365,10-K,2024-04-15,2024,https://www.sec.gov/Archives/edgar/data/1668010/000110465924047365/dbgi-20231231x10k.htm,downloaded_not_uploaded
59,CURV,0001792781,0001792781-26-000007,10-K,2026-03-31,2026,https://www.sec.gov/Archives/edgar/data/1792781/000179278126000007/thi-20260131.htm,downloaded_not_uploaded
59,CURV,0001792781,0001628280-25-015891,10-K,2025-04-01,2025,https://www.sec.gov/Archives/edgar/data/1792781/000162828025015891/thi-20250201.htm,downloaded_not_uploaded
59,CURV,0001792781,0001628280-24-014351,10-K,2024-04-02,2024,https://www.sec.gov/Archives/edgar/data/1792781/000162828024014351/thi-20240203.htm,downloaded_not_uploaded
60,VSXY,0001856437,0001856437-26-000004,10-K,2026-03-20,2026,https://www.sec.gov/Archives/edgar/data/1856437/000185643726000004/vsco-20260131.htm,downloaded_not_uploaded
60,VSXY,0001856437,0001856437-25-000006,10-K,2025-03-21,2025,https://www.sec.gov/Archives/edgar/data/1856437/000185643725000006/vsco-20250201.htm,downloaded_not_uploaded
60,VSXY,0001856437,0001856437-24-000005,10-K,2024-03-22,2024,https://www.sec.gov/Archives/edgar/data/1856437/000185643724000005/vsco-20240203.htm,downloaded_not_uploaded
61,AKA,0001865107,0001865107-26-000008,10-K,2026-03-05,2026,https://www.sec.gov/Archives/edgar/data/1865107/000186510726000008/aka-20251231.htm,downloaded_not_uploaded
61,AKA,0001865107,0001865107-25-000016,10-K,2025-03-06,2025,https://www.sec.gov/Archives/edgar/data/1865107/000186510725000016/aka-20241231.htm,downloaded_not_uploaded
61,AKA,0001865107,0001865107-24-000010,10-K,2024-03-07,2024,https://www.sec.gov/Archives/edgar/data/1865107/000186510724000010/aka-20231231.htm,downloaded_not_uploaded
62,LVLU,0001780201,0001104659-26-036884,10-K,2026-03-30,2026,https://www.sec.gov/Archives/edgar/data/1780201/000110465926036884/lvlu-20251228x10k.htm,downloaded_not_uploaded
62,LVLU,0001780201,0001558370-25-003845,10-K,2025-03-27,2025,https://www.sec.gov/Archives/edgar/data/1780201/000155837025003845/tmb-20241229x10k.htm,downloaded_not_uploaded
62,LVLU,0001780201,0001558370-24-002599,10-K,2024-03-06,2024,https://www.sec.gov/Archives/edgar/data/1780201/000155837024002599/tmb-20231231x10k.htm,downloaded_not_uploaded
63,ANF,0001018840,0001018840-26-000012,10-K,2026-03-26,2026,https://www.sec.gov/Archives/edgar/data/1018840/000101884026000012/anf-20260131.htm,downloaded_not_uploaded
63,ANF,0001018840,0001018840-25-000013,10-K,2025-03-31,2025,https://www.sec.gov/Archives/edgar/data/1018840/000101884025000013/anf-20250201.htm,downloaded_not_uploaded
63,ANF,0001018840,0001018840-24-000019,10-K,2024-04-01,2024,https://www.sec.gov/Archives/edgar/data/1018840/000101884024000019/anf-20240203.htm,downloaded_not_uploaded
64,PLCE,0001041859,0001628280-26-024672,10-K,2026-04-10,2026,https://www.sec.gov/Archives/edgar/data/1041859/000162828026024672/plce-20260131.htm,downloaded_not_uploaded
64,PLCE,0001041859,0001628280-25-018195,10-K,2025-04-17,2025,https://www.sec.gov/Archives/edgar/data/1041859/000162828025018195/plce-20250201.htm,downloaded_not_uploaded
64,PLCE,0001041859,0001628280-24-020436,10-K,2024-05-06,2024,https://www.sec.gov/Archives/edgar/data/1041859/000162828024020436/plce-20240203.htm,downloaded_not_uploaded
65,CTRN,0001318484,0001104659-26-043813,10-K,2026-04-15,2026,https://www.sec.gov/Archives/edgar/data/1318484/000110465926043813/ctrn-20260131x10k.htm,downloaded_not_uploaded
65,CTRN,0001318484,0001558370-25-004897,10-K,2025-04-16,2025,https://www.sec.gov/Archives/edgar/data/1318484/000155837025004897/ctrn-20250201x10k.htm,downloaded_not_uploaded
65,CTRN,0001318484,0001558370-24-005294,10-K,2024-04-18,2024,https://www.sec.gov/Archives/edgar/data/1318484/000155837024005294/ctrn-20240203x10k.htm,downloaded_not_uploaded
66,ZUMZ,0001318008,0001193125-26-104063,10-K,2026-03-12,2026,https://www.sec.gov/Archives/edgar/data/1318008/000119312526104063/zumz-20260131.htm,downloaded_not_uploaded
66,ZUMZ,0001318008,0000950170-25-038692,10-K,2025-03-13,2025,https://www.sec.gov/Archives/edgar/data/1318008/000095017025038692/zumz-20250201.htm,downloaded_not_uploaded
66,ZUMZ,0001318008,0000950170-24-031449,10-K,2024-03-14,2024,https://www.sec.gov/Archives/edgar/data/1318008/000095017024031449/zumz-20240203.htm,downloaded_not_uploaded
67,XELB,0001083220,0001104659-26-043348,10-K,2026-04-15,2026,https://www.sec.gov/Archives/edgar/data/1083220/000110465926043348/xelb-20251231x10k.htm,downloaded_not_uploaded
67,XELB,0001083220,0001558370-25-008172,10-K,2025-05-28,2025,https://www.sec.gov/Archives/edgar/data/1083220/000155837025008172/xelb-20241231x10k.htm,downloaded_not_uploaded
67,XELB,0001083220,0001558370-24-005326,10-K,2024-04-19,2024,https://www.sec.gov/Archives/edgar/data/1083220/000155837024005326/xelb-20231231x10k.htm,downloaded_not_uploaded
68,CAL,0000014707,0000014707-26-000053,10-K,2026-04-02,2026,https://www.sec.gov/Archives/edgar/data/14707/000001470726000053/cal-20260131x10k.htm,downloaded_not_uploaded
68,CAL,0000014707,0000014707-25-000017,10-K,2025-04-01,2025,https://www.sec.gov/Archives/edgar/data/14707/000001470725000017/cal-20250201x10k.htm,downloaded_not_uploaded
68,CAL,0000014707,0000014707-24-000012,10-K,2024-04-02,2024,https://www.sec.gov/Archives/edgar/data/14707/000001470724000012/cal-20240203x10k.htm,downloaded_not_uploaded
69,GCO,0000018498,0001193125-26-123492,10-K,2026-03-25,2026,https://www.sec.gov/Archives/edgar/data/18498/000119312526123492/gco-20260131.htm,downloaded_not_uploaded
69,GCO,0000018498,0000950170-25-044864,10-K,2025-03-26,2025,https://www.sec.gov/Archives/edgar/data/18498/000095017025044864/gco-20250201.htm,downloaded_not_uploaded
69,GCO,0000018498,0000950170-24-036902,10-K,2024-03-27,2024,https://www.sec.gov/Archives/edgar/data/18498/000095017024036902/gco-20240203.htm,downloaded_not_uploaded
70,FL,0000850209,0001437749-25-009620,10-K,2025-03-27,2025,https://www.sec.gov/Archives/edgar/data/850209/000143774925009620/floc20241213_10k.htm,downloaded_not_uploaded
70,FL,0000850209,0001437749-24-009866,10-K,2024-03-28,2024,https://www.sec.gov/Archives/edgar/data/850209/000143774924009866/floc20240203_10k.htm,downloaded_not_uploaded
70,FL,0000850209,0000850209-23-000006,10-K,2023-03-27,2023,https://www.sec.gov/Archives/edgar/data/850209/000085020923000006/fl-20230128x10k.htm,downloaded_not_uploaded
71,BOOT,0001610250,0001104659-26-061346,10-K,2026-05-14,2026,https://www.sec.gov/Archives/edgar/data/1610250/000110465926061346/boot-20260328x10k.htm,downloaded_not_uploaded
71,BOOT,0001610250,0001558370-25-007889,10-K,2025-05-15,2025,https://www.sec.gov/Archives/edgar/data/1610250/000155837025007889/boot-20250329x10k.htm,downloaded_not_uploaded
71,BOOT,0001610250,0001558370-24-008176,10-K,2024-05-15,2024,https://www.sec.gov/Archives/edgar/data/1610250/000155837024008176/boot-20240330x10k.htm,downloaded_not_uploaded
72,DBI,0001319947,0001319947-26-000022,10-K,2026-03-30,2026,https://www.sec.gov/Archives/edgar/data/1319947/000131994726000022/dsw-20260131.htm,downloaded_not_uploaded
72,DBI,0001319947,0001319947-25-000012,10-K,2025-03-24,2025,https://www.sec.gov/Archives/edgar/data/1319947/000131994725000012/dsw-20250201.htm,downloaded_not_uploaded
72,DBI,0001319947,0001319947-24-000011,10-K,2024-03-25,2024,https://www.sec.gov/Archives/edgar/data/1319947/000131994724000011/dsw-20240203.htm,downloaded_not_uploaded
73,SHOE,0000895447,0001193125-26-126279,10-K,2026-03-26,2026,https://www.sec.gov/Archives/edgar/data/895447/000119312526126279/scvl-20260131.htm,downloaded_not_uploaded
73,SHOE,0000895447,0000950170-25-043195,10-K,2025-03-21,2025,https://www.sec.gov/Archives/edgar/data/895447/000095017025043195/scvl-20250201.htm,downloaded_not_uploaded
73,SHOE,0000895447,0000950170-24-035337,10-K,2024-03-22,2024,https://www.sec.gov/Archives/edgar/data/895447/000095017024035337/scvl-20240203.htm,downloaded_not_uploaded
140,SGC,0000095574,0001437749-26-006653,10-K,2026-03-03,2026,https://www.sec.gov/Archives/edgar/data/95574/000143774926006653/sgc20251231_10k.htm,downloaded_not_uploaded
140,SGC,0000095574,0001437749-25-007055,10-K,2025-03-11,2025,https://www.sec.gov/Archives/edgar/data/95574/000143774925007055/sgc20241231_10k.htm,downloaded_not_uploaded
140,SGC,0000095574,0001437749-24-007685,10-K,2024-03-14,2024,https://www.sec.gov/Archives/edgar/data/95574/000143774924007685/sgc20231231_10k.htm,downloaded_not_uploaded
141,VFC,0000103379,0000103379-26-000030,10-K,2026-05-20,2026,https://www.sec.gov/Archives/edgar/data/103379/000010337926000030/vfc-20260328.htm,downloaded_not_uploaded
141,VFC,0000103379,0000103379-25-000023,10-K,2025-05-22,2025,https://www.sec.gov/Archives/edgar/data/103379/000010337925000023/vfc-20250329.htm,downloaded_not_uploaded
141,VFC,0000103379,0000103379-24-000008,10-K,2024-05-23,2024,https://www.sec.gov/Archives/edgar/data/103379/000010337924000008/vfc-20240330.htm,downloaded_not_uploaded
142,OXM,0000075288,0000075288-26-000026,10-K,2026-03-27,2026,https://www.sec.gov/Archives/edgar/data/75288/000007528826000026/oxm-20260131.htm,downloaded_not_uploaded
142,OXM,0000075288,0000075288-25-000033,10-K,2025-03-31,2025,https://www.sec.gov/Archives/edgar/data/75288/000007528825000033/oxm-20250201.htm,downloaded_not_uploaded
142,OXM,0000075288,0000075288-24-000003,10-K,2024-04-01,2024,https://www.sec.gov/Archives/edgar/data/75288/000007528824000003/oxm-20240203x10k.htm,downloaded_not_uploaded
143,PVH,0000078239,0000078239-26-000021,10-K,2026-03-31,2026,https://www.sec.gov/Archives/edgar/data/78239/000007823926000021/pvh-20260201.htm,downloaded_not_uploaded
143,PVH,0000078239,0000078239-25-000018,10-K,2025-04-01,2025,https://www.sec.gov/Archives/edgar/data/78239/000007823925000018/pvh-20250202.htm,downloaded_not_uploaded
143,PVH,0000078239,0000078239-24-000013,10-K,2024-04-02,2024,https://www.sec.gov/Archives/edgar/data/78239/000007823924000013/pvh-20240204.htm,downloaded_not_uploaded
144,LEVI,0000094845,0000094845-26-000008,10-K,2026-01-28,2026,https://www.sec.gov/Archives/edgar/data/94845/000009484526000008/lvis-20251130.htm,downloaded_not_uploaded
144,LEVI,0000094845,0000094845-25-000005,10-K,2025-01-29,2025,https://www.sec.gov/Archives/edgar/data/94845/000009484525000005/lvis-20241201.htm,downloaded_not_uploaded
144,LEVI,0000094845,0000094845-24-000010,10-K,2024-01-25,2024,https://www.sec.gov/Archives/edgar/data/94845/000009484524000010/lvis-20231126.htm,downloaded_not_uploaded
145,VNCE,0001579157,0001193125-26-158986,10-K,2026-04-16,2026,https://www.sec.gov/Archives/edgar/data/1579157/000119312526158986/vnce-20260131.htm,downloaded_not_uploaded
145,VNCE,0001579157,0000950170-25-062847,10-K,2025-05-02,2025,https://www.sec.gov/Archives/edgar/data/1579157/000095017025062847/vnce-20250201.htm,downloaded_not_uploaded
145,VNCE,0001579157,0000950170-24-052254,10-K,2024-05-02,2024,https://www.sec.gov/Archives/edgar/data/1579157/000095017024052254/vnce-20240203.htm,downloaded_not_uploaded
146,JRSH,0001696558,0001213900-26-070227,10-K,2026-06-18,2026,https://www.sec.gov/Archives/edgar/data/1696558/000121390026070227/ea0292859-10k_jerash.htm,downloaded_not_uploaded
146,JRSH,0001696558,0001213900-25-057935,10-K,2025-06-26,2025,https://www.sec.gov/Archives/edgar/data/1696558/000121390025057935/ea0245883-10k_jerash.htm,downloaded_not_uploaded
146,JRSH,0001696558,0001213900-24-057324,10-K,2024-06-28,2024,https://www.sec.gov/Archives/edgar/data/1696558/000121390024057324/ea0207691-10k_jerash.htm,downloaded_not_uploaded
147,KTB,0001760965,0001760965-26-000014,10-K,2026-03-04,2026,https://www.sec.gov/Archives/edgar/data/1760965/000176096526000014/ktb-20260103.htm,downloaded_not_uploaded
147,KTB,0001760965,0001760965-25-000011,10-K,2025-02-25,2025,https://www.sec.gov/Archives/edgar/data/1760965/000176096525000011/ktb-20241228.htm,downloaded_not_uploaded
147,KTB,0001760965,0001760965-24-000013,10-K,2024-02-28,2024,https://www.sec.gov/Archives/edgar/data/1760965/000176096524000013/ktb-20231230.htm,downloaded_not_uploaded
148,PLBY,0001803914,0001628280-26-018238,10-K,2026-03-16,2026,https://www.sec.gov/Archives/edgar/data/1803914/000162828026018238/ply-20251231.htm,downloaded_not_uploaded
148,PLBY,0001803914,0001803914-25-000030,10-K,2025-03-13,2025,https://www.sec.gov/Archives/edgar/data/1803914/000180391425000030/ply-20241231.htm,downloaded_not_uploaded
148,PLBY,0001803914,0001803914-24-000022,10-K,2024-03-29,2024,https://www.sec.gov/Archives/edgar/data/1803914/000180391424000022/ply-20231231.htm,downloaded_not_uploaded
149,FIGS,0001846576,0001628280-26-012333,10-K,2026-02-26,2026,https://www.sec.gov/Archives/edgar/data/1846576/000162828026012333/figs-20251231.htm,downloaded_not_uploaded
149,FIGS,0001846576,0001628280-25-008688,10-K,2025-02-27,2025,https://www.sec.gov/Archives/edgar/data/1846576/000162828025008688/figs-20241231.htm,downloaded_not_uploaded
149,FIGS,0001846576,0001628280-24-007659,10-K,2024-02-28,2024,https://www.sec.gov/Archives/edgar/data/1846576/000162828024007659/figs-20231231.htm,downloaded_not_uploaded
150,RL,0001037038,0001628280-26-037074,10-K,2026-05-21,2026,https://www.sec.gov/Archives/edgar/data/1037038/000162828026037074/rl-20260328.htm,downloaded_not_uploaded
150,RL,0001037038,0001037038-25-000011,10-K,2025-05-22,2025,https://www.sec.gov/Archives/edgar/data/1037038/000103703825000011/rl-20250329.htm,downloaded_not_uploaded
150,RL,0001037038,0001037038-24-000014,10-K,2024-05-23,2024,https://www.sec.gov/Archives/edgar/data/1037038/000103703824000014/rl-20240330.htm,downloaded_not_uploaded
151,COLM,0001050797,0001050797-26-000028,10-K,2026-02-25,2026,https://www.sec.gov/Archives/edgar/data/1050797/000105079726000028/colm-20251231.htm,downloaded_not_uploaded
151,COLM,0001050797,0001050797-25-000023,10-K,2025-02-27,2025,https://www.sec.gov/Archives/edgar/data/1050797/000105079725000023/colm-20241231.htm,downloaded_not_uploaded
151,COLM,0001050797,0001050797-24-000032,10-K,2024-02-26,2024,https://www.sec.gov/Archives/edgar/data/1050797/000105079724000032/colm-20231231.htm,downloaded_not_uploaded
152,CRI,0001060822,0001060822-26-000016,10-K,2026-02-27,2026,https://www.sec.gov/Archives/edgar/data/1060822/000106082226000016/cri-20260103.htm,downloaded_not_uploaded
152,CRI,0001060822,0001060822-25-000030,10-K,2025-02-25,2025,https://www.sec.gov/Archives/edgar/data/1060822/000106082225000030/cri-20241228.htm,downloaded_not_uploaded
152,CRI,0001060822,0001060822-24-000062,10-K,2024-02-27,2024,https://www.sec.gov/Archives/edgar/data/1060822/000106082224000062/cri-20231230.htm,downloaded_not_uploaded
153,UAA,0001336917,0001336917-26-000073,10-K,2026-05-19,2026,https://www.sec.gov/Archives/edgar/data/1336917/000133691726000073/ua-20260331.htm,downloaded_not_uploaded
153,UAA,0001336917,0001336917-25-000078,10-K,2025-05-22,2025,https://www.sec.gov/Archives/edgar/data/1336917/000133691725000078/ua-20250331.htm,downloaded_not_uploaded
153,UAA,0001336917,0001336917-24-000073,10-K,2024-05-29,2024,https://www.sec.gov/Archives/edgar/data/1336917/000133691724000073/ua-20240331.htm,downloaded_not_uploaded
154,LULU,0001397187,0001397187-26-000020,10-K,2026-03-17,2026,https://www.sec.gov/Archives/edgar/data/1397187/000139718726000020/lulu-20260201.htm,downloaded_not_uploaded
154,LULU,0001397187,0001397187-25-000013,10-K,2025-03-27,2025,https://www.sec.gov/Archives/edgar/data/1397187/000139718725000013/lulu-20250202.htm,downloaded_not_uploaded
154,LULU,0001397187,0001397187-24-000010,10-K,2024-03-21,2024,https://www.sec.gov/Archives/edgar/data/1397187/000139718724000010/lulu-20240128.htm,downloaded_not_uploaded
155,GIII,0000821002,0001104659-26-033891,10-K,2026-03-24,2026,https://www.sec.gov/Archives/edgar/data/821002/000110465926033891/giii-20260131x10k.htm,downloaded_not_uploaded
155,GIII,0000821002,0001558370-25-003540,10-K,2025-03-24,2025,https://www.sec.gov/Archives/edgar/data/821002/000155837025003540/giii-20250131x10k.htm,downloaded_not_uploaded
155,GIII,0000821002,0001558370-24-003856,10-K,2024-03-25,2024,https://www.sec.gov/Archives/edgar/data/821002/000155837024003856/giii-20240131x10k.htm,downloaded_not_uploaded
156,TPR,0001116132,0001116132-25-000019,10-K,2025-08-14,2025,https://www.sec.gov/Archives/edgar/data/1116132/000111613225000019/tpr-20250628.htm,downloaded_not_uploaded
156,TPR,0001116132,0001116132-24-000018,10-K,2024-08-15,2024,https://www.sec.gov/Archives/edgar/data/1116132/000111613224000018/tpr-20240629.htm,downloaded_not_uploaded
156,TPR,0001116132,0001116132-23-000020,10-K,2023-08-17,2023,https://www.sec.gov/Archives/edgar/data/1116132/000111613223000020/tpr-20230701.htm,downloaded_not_uploaded
157,VRA,0001495320,0001628280-26-021640,10-K,2026-03-27,2026,https://www.sec.gov/Archives/edgar/data/1495320/000162828026021640/vra-20260131.htm,downloaded_not_uploaded
157,VRA,0001495320,0001495320-25-000019,10-K,2025-03-28,2025,https://www.sec.gov/Archives/edgar/data/1495320/000149532025000019/vra-20250201.htm,downloaded_not_uploaded
157,VRA,0001495320,0001495320-24-000026,10-K,2024-03-29,2024,https://www.sec.gov/Archives/edgar/data/1495320/000149532024000026/vra-20240203.htm,downloaded_not_uploaded
158,MOV,0000072573,0001193125-26-115298,10-K,2026-03-19,2026,https://www.sec.gov/Archives/edgar/data/72573/000119312526115298/mov-20260131.htm,downloaded_not_uploaded
158,MOV,0000072573,0000950170-25-054522,10-K,2025-04-16,2025,https://www.sec.gov/Archives/edgar/data/72573/000095017025054522/mov-20250131.htm,downloaded_not_uploaded
158,MOV,0000072573,0000950170-24-036181,10-K,2024-03-26,2024,https://www.sec.gov/Archives/edgar/data/72573/000095017024036181/mov-20240131.htm,downloaded_not_uploaded
159,FOSL,0000883569,0000883569-26-000017,10-K,2026-03-12,2026,https://www.sec.gov/Archives/edgar/data/883569/000088356926000017/fosl-20260103.htm,downloaded_not_uploaded
159,FOSL,0000883569,0000883569-25-000010,10-K,2025-03-12,2025,https://www.sec.gov/Archives/edgar/data/883569/000088356925000010/fosl-20241228.htm,downloaded_not_uploaded
159,FOSL,0000883569,0000883569-24-000007,10-K,2024-03-13,2024,https://www.sec.gov/Archives/edgar/data/883569/000088356924000007/fosl-20231230.htm,downloaded_not_uploaded
160,LAKE,0000798081,0001193125-26-159176,10-K,2026-04-16,2026,https://www.sec.gov/Archives/edgar/data/798081/000119312526159176/lake-20260131.htm,downloaded_not_uploaded
160,LAKE,0000798081,0001654954-25-004352,10-K,2025-04-17,2025,https://www.sec.gov/Archives/edgar/data/798081/000165495425004352/lake_10k.htm,downloaded_not_uploaded
160,LAKE,0000798081,0001654954-24-004465,10-K,2024-04-11,2024,https://www.sec.gov/Archives/edgar/data/798081/000165495424004465/lake_10k.htm,downloaded_not_uploaded
161,WWW,0000110471,0001628280-26-012614,10-K,2026-02-27,2026,https://www.sec.gov/Archives/edgar/data/110471/000162828026012614/www-20260103.htm,downloaded_not_uploaded
161,WWW,0000110471,0000110471-25-000046,10-K,2025-02-20,2025,https://www.sec.gov/Archives/edgar/data/110471/000011047125000046/www-20241228.htm,downloaded_not_uploaded
161,WWW,0000110471,0000110471-24-000057,10-K,2024-02-22,2024,https://www.sec.gov/Archives/edgar/data/110471/000011047124000057/www-20231230.htm,downloaded_not_uploaded
162,DECK,0000910521,0001628280-26-037664,10-K,2026-05-22,2026,https://www.sec.gov/Archives/edgar/data/910521/000162828026037664/deck-20260331.htm,downloaded_not_uploaded
162,DECK,0000910521,0000910521-25-000017,10-K,2025-05-23,2025,https://www.sec.gov/Archives/edgar/data/910521/000091052125000017/deck-20250331.htm,downloaded_not_uploaded
162,DECK,0000910521,0000910521-24-000017,10-K,2024-05-24,2024,https://www.sec.gov/Archives/edgar/data/910521/000091052124000017/deck-20240331.htm,downloaded_not_uploaded
163,NKE,0000320187,0000320187-25-000047,10-K,2025-07-17,2025,https://www.sec.gov/Archives/edgar/data/320187/000032018725000047/nke-20250531.htm,downloaded_not_uploaded
163,NKE,0000320187,0000320187-24-000044,10-K,2024-07-25,2024,https://www.sec.gov/Archives/edgar/data/320187/000032018724000044/nke-20240531.htm,downloaded_not_uploaded
163,NKE,0000320187,0000320187-23-000039,10-K,2023-07-20,2023,https://www.sec.gov/Archives/edgar/data/320187/000032018723000039/nke-20230531.htm,downloaded_not_uploaded
164,RCKY,0000895456,0001437749-26-007634,10-K,2026-03-11,2026,https://www.sec.gov/Archives/edgar/data/895456/000143774926007634/rcky20251231_10k.htm,downloaded_not_uploaded
164,RCKY,0000895456,0001437749-25-008025,10-K,2025-03-17,2025,https://www.sec.gov/Archives/edgar/data/895456/000143774925008025/rcky20241231_10k.htm,downloaded_not_uploaded
164,RCKY,0000895456,0001437749-24-007987,10-K,2024-03-15,2024,https://www.sec.gov/Archives/edgar/data/895456/000143774924007987/rcky20231231_10k.htm,downloaded_not_uploaded
165,SHOO,0000913241,0001628280-26-012995,10-K,2026-03-02,2026,https://www.sec.gov/Archives/edgar/data/913241/000162828026012995/shoo-20251231.htm,downloaded_not_uploaded
165,SHOO,0000913241,0001628280-25-009503,10-K,2025-03-03,2025,https://www.sec.gov/Archives/edgar/data/913241/000162828025009503/shoo-20241231.htm,downloaded_not_uploaded
165,SHOO,0000913241,0001628280-24-008331,10-K,2024-03-04,2024,https://www.sec.gov/Archives/edgar/data/913241/000162828024008331/shoo-20231231.htm,downloaded_not_uploaded
166,BIRD,0001653909,0001628280-26-022192,10-K,2026-03-31,2026,https://www.sec.gov/Archives/edgar/data/1653909/000162828026022192/bird-20251231.htm,downloaded_not_uploaded
166,BIRD,0001653909,0001628280-25-012130,10-K,2025-03-12,2025,https://www.sec.gov/Archives/edgar/data/1653909/000162828025012130/bird-20241231.htm,downloaded_not_uploaded
166,BIRD,0001653909,0001653909-24-000015,10-K,2024-03-13,2024,https://www.sec.gov/Archives/edgar/data/1653909/000165390924000015/bird-20231231.htm,downloaded_not_uploaded
167,CROX,0001334036,0001334036-26-000006,10-K,2026-02-12,2026,https://www.sec.gov/Archives/edgar/data/1334036/000133403626000006/crox-20251231.htm,downloaded_not_uploaded
167,CROX,0001334036,0001334036-25-000009,10-K,2025-02-13,2025,https://www.sec.gov/Archives/edgar/data/1334036/000133403625000009/crox-20241231.htm,downloaded_not_uploaded
167,CROX,0001334036,0001334036-24-000025,10-K,2024-02-15,2024,https://www.sec.gov/Archives/edgar/data/1334036/000133403624000025/crox-20231231.htm,downloaded_not_uploaded
7,ORBS,0001892492,0001493152-26-016664,10-K,2026-04-15,2026,https://www.sec.gov/Archives/edgar/data/1892492/000149315226016664/form10-k.htm,downloaded_not_uploaded
7,ORBS,0001892492,0001641172-25-004802,10-K,2025-04-15,2025,https://www.sec.gov/Archives/edgar/data/1892492/000164117225004802/form10-k.htm,downloaded_not_uploaded
7,ORBS,0001892492,0001493152-24-012608,10-K,2024-04-02,2024,https://www.sec.gov/Archives/edgar/data/1892492/000149315224012608/form10-k.htm,downloaded_not_uploaded
17,GPRO,0001500435,0001500435-26-000006,10-K,2026-03-12,2026,https://www.sec.gov/Archives/edgar/data/1500435/000150043526000006/gpro-20251231.htm,downloaded_not_uploaded
17,GPRO,0001500435,0001628280-25-013046,10-K,2025-03-17,2025,https://www.sec.gov/Archives/edgar/data/1500435/000162828025013046/gpro-20241231.htm,downloaded_not_uploaded
17,GPRO,0001500435,0001500435-24-000021,10-K,2024-02-09,2024,https://www.sec.gov/Archives/edgar/data/1500435/000150043524000021/gpro-20231231.htm,downloaded_not_uploaded
18,KOSS,0000056701,0000056701-25-000044,10-K,2025-08-29,2025,https://www.sec.gov/Archives/edgar/data/56701/000005670125000044/koss-20250630x10k.htm,downloaded_not_uploaded
18,KOSS,0000056701,0000056701-24-000028,10-K,2024-08-30,2024,https://www.sec.gov/Archives/edgar/data/56701/000005670124000028/koss-20240630x10k.htm,downloaded_not_uploaded
18,KOSS,0000056701,0000056701-23-000026,10-K,2023-08-25,2023,https://www.sec.gov/Archives/edgar/data/56701/000005670123000026/koss-20230630x10k.htm,downloaded_not_uploaded
19,UEIC,0000101984,0000101984-26-000039,10-K,2026-03-12,2026,https://www.sec.gov/Archives/edgar/data/101984/000010198426000039/ueic-20251231.htm,downloaded_not_uploaded
19,UEIC,0000101984,0000101984-25-000038,10-K,2025-03-11,2025,https://www.sec.gov/Archives/edgar/data/101984/000010198425000038/ueic-20241231.htm,downloaded_not_uploaded
19,UEIC,0000101984,0000101984-24-000048,10-K,2024-03-14,2024,https://www.sec.gov/Archives/edgar/data/101984/000010198424000048/ueic-20231231.htm,downloaded_not_uploaded
20,SONO,0001314727,0001314727-25-000090,10-K,2025-11-14,2025,https://www.sec.gov/Archives/edgar/data/1314727/000131472725000090/sono-20250927.htm,downloaded_not_uploaded
20,SONO,0001314727,0001314727-24-000026,10-K,2024-11-15,2024,https://www.sec.gov/Archives/edgar/data/1314727/000131472724000026/sono-20240928.htm,downloaded_not_uploaded
20,SONO,0001314727,0000950170-23-065135,10-K,2023-11-20,2023,https://www.sec.gov/Archives/edgar/data/1314727/000095017023065135/sono-20230930.htm,downloaded_not_uploaded
21,RIME,0000923601,0001493152-26-014724,10-K,2026-04-02,2026,https://www.sec.gov/Archives/edgar/data/923601/000149315226014724/form10-k.htm,downloaded_not_uploaded
21,RIME,0000923601,0001641172-25-004792,10-K,2025-04-15,2025,https://www.sec.gov/Archives/edgar/data/923601/000164117225004792/form10-k.htm,downloaded_not_uploaded
21,RIME,0000923601,0001493152-23-024594,10-K,2023-07-14,2023,https://www.sec.gov/Archives/edgar/data/923601/000149315223024594/form10-k.htm,downloaded_not_uploaded
22,LOVE,0001701758,0001628280-26-022929,10-K,2026-04-02,2026,https://www.sec.gov/Archives/edgar/data/1701758/000162828026022929/love-20260201.htm,downloaded_not_uploaded
22,LOVE,0001701758,0001628280-25-017241,10-K,2025-04-10,2025,https://www.sec.gov/Archives/edgar/data/1701758/000162828025017241/love-20250202.htm,downloaded_not_uploaded
22,LOVE,0001701758,0001628280-24-015804,10-K,2024-04-11,2024,https://www.sec.gov/Archives/edgar/data/1701758/000162828024015804/love-20240204.htm,downloaded_not_uploaded
23,ETD,0000896156,0001437749-25-027594,10-K,2025-08-22,2025,https://www.sec.gov/Archives/edgar/data/896156/000143774925027594/eth20250630_10k.htm,downloaded_not_uploaded
23,ETD,0000896156,0001437749-24-027664,10-K,2024-08-23,2024,https://www.sec.gov/Archives/edgar/data/896156/000143774924027664/eth20240630_10k.htm,downloaded_not_uploaded
23,ETD,0000896156,0001437749-23-024609,10-K,2023-08-24,2023,https://www.sec.gov/Archives/edgar/data/896156/000143774923024609/eth20230630_10k.htm,downloaded_not_uploaded
24,HOFT,0001077688,0001185185-26-001420,10-K,2026-04-17,2026,https://www.sec.gov/Archives/edgar/data/1077688/000118518526001420/hoft10k020126.htm,downloaded_not_uploaded
24,HOFT,0001077688,0001185185-25-000321,10-K,2025-04-18,2025,https://www.sec.gov/Archives/edgar/data/1077688/000118518525000321/hoft10k020225.htm,downloaded_not_uploaded
24,HOFT,0001077688,0001185185-24-000378,10-K,2024-04-12,2024,https://www.sec.gov/Archives/edgar/data/1077688/000118518524000378/hoft20240128_10k.htm,downloaded_not_uploaded
25,XMAX,0001473334,0001493152-26-016828,10-K,2026-04-15,2026,https://www.sec.gov/Archives/edgar/data/1473334/000149315226016828/form10-k.htm,downloaded_not_uploaded
25,XMAX,0001473334,0001641172-25-001773,10-K,2025-03-31,2025,https://www.sec.gov/Archives/edgar/data/1473334/000164117225001773/form10-k.htm,downloaded_not_uploaded
25,XMAX,0001473334,0001493152-24-014501,10-K,2024-04-15,2024,https://www.sec.gov/Archives/edgar/data/1473334/000149315224014501/form10-k.htm,downloaded_not_uploaded
26,MHK,0000851968,0000851968-26-000011,10-K,2026-02-24,2026,https://www.sec.gov/Archives/edgar/data/851968/000085196826000011/mhk-20251231.htm,downloaded_not_uploaded
26,MHK,0000851968,0000851968-25-000023,10-K,2025-02-20,2025,https://www.sec.gov/Archives/edgar/data/851968/000085196825000023/mhk-20241231.htm,downloaded_not_uploaded
26,MHK,0000851968,0000851968-24-000027,10-K,2024-02-23,2024,https://www.sec.gov/Archives/edgar/data/851968/000085196824000027/mhk-20231231.htm,downloaded_not_uploaded
27,LZB,0000057131,0000057131-26-000019,10-K,2026-06-16,2026,https://www.sec.gov/Archives/edgar/data/57131/000005713126000019/lzb-20260425.htm,downloaded_not_uploaded
27,LZB,0000057131,0000057131-25-000029,10-K,2025-06-17,2025,https://www.sec.gov/Archives/edgar/data/57131/000005713125000029/lzb-20250426.htm,downloaded_not_uploaded
27,LZB,0000057131,0000057131-24-000028,10-K,2024-06-17,2024,https://www.sec.gov/Archives/edgar/data/57131/000005713124000028/lzb-20240427.htm,downloaded_not_uploaded
28,FLXS,0000037472,0000950170-25-110965,10-K,2025-08-22,2025,https://www.sec.gov/Archives/edgar/data/37472/000095017025110965/flxs-20250630.htm,downloaded_not_uploaded
28,FLXS,0000037472,0000950170-24-102402,10-K,2024-08-30,2024,https://www.sec.gov/Archives/edgar/data/37472/000095017024102402/flxs-20240630.htm,downloaded_not_uploaded
28,FLXS,0000037472,0000037472-23-000024,10-K,2023-08-25,2023,https://www.sec.gov/Archives/edgar/data/37472/000003747223000024/flxs-20230630x10k.htm,downloaded_not_uploaded
29,BSET,0000010329,0001437749-26-003189,10-K,2026-02-05,2026,https://www.sec.gov/Archives/edgar/data/10329/000143774926003189/bset20251129d_10k.htm,downloaded_not_uploaded
29,BSET,0000010329,0001437749-25-003216,10-K,2025-02-10,2025,https://www.sec.gov/Archives/edgar/data/10329/000143774925003216/bset20241130_10k.htm,downloaded_not_uploaded
29,BSET,0000010329,0001437749-24-002203,10-K,2024-01-25,2024,https://www.sec.gov/Archives/edgar/data/10329/000143774924002203/bset20231125_10k.htm,downloaded_not_uploaded
30,LEG,0000058492,0000058492-26-000107,10-K,2026-02-26,2026,https://www.sec.gov/Archives/edgar/data/58492/000005849226000107/leg-20251231.htm,downloaded_not_uploaded
30,LEG,0000058492,0000058492-25-000136,10-K,2025-02-26,2025,https://www.sec.gov/Archives/edgar/data/58492/000005849225000136/leg-20241231.htm,downloaded_not_uploaded
30,LEG,0000058492,0000058492-24-000174,10-K,2024-02-27,2024,https://www.sec.gov/Archives/edgar/data/58492/000005849224000174/leg-20231231.htm,downloaded_not_uploaded
31,PRPL,0001643953,0001213900-26-036974,10-K,2026-03-31,2026,https://www.sec.gov/Archives/edgar/data/1643953/000121390026036974/ea0274767-10k_purple.htm,downloaded_not_uploaded
31,PRPL,0001643953,0001213900-25-023815,10-K,2025-03-14,2025,https://www.sec.gov/Archives/edgar/data/1643953/000121390025023815/ea0230077-10k_purpleinnov.htm,downloaded_not_uploaded
31,PRPL,0001643953,0001213900-24-021861,10-K,2024-03-12,2024,https://www.sec.gov/Archives/edgar/data/1643953/000121390024021861/f10k2023_purpleinnov.htm,downloaded_not_uploaded
32,SGI,0001206264,0001206264-26-000015,10-K,2026-02-27,2026,https://www.sec.gov/Archives/edgar/data/1206264/000120626426000015/sgi-20251231.htm,downloaded_not_uploaded
32,SGI,0001206264,0001206264-25-000058,10-K,2025-02-28,2025,https://www.sec.gov/Archives/edgar/data/1206264/000120626425000058/sgi-20241231.htm,downloaded_not_uploaded
32,SGI,0001206264,0001206264-24-000050,10-K,2024-02-16,2024,https://www.sec.gov/Archives/edgar/data/1206264/000120626424000050/tpx-20231231.htm,downloaded_not_uploaded
33,LIVE,0001045742,0001628280-25-057711,10-K,2025-12-17,2025,https://www.sec.gov/Archives/edgar/data/1045742/000162828025057711/live-20250930.htm,downloaded_not_uploaded
33,LIVE,0001045742,0001628280-24-052099,10-K,2024-12-19,2024,https://www.sec.gov/Archives/edgar/data/1045742/000162828024052099/live-20240930.htm,downloaded_not_uploaded
33,LIVE,0001045742,0001628280-23-042586,10-K,2023-12-22,2023,https://www.sec.gov/Archives/edgar/data/1045742/000162828023042586/live-20230930.htm,downloaded_not_uploaded
34,WHR,0000106640,0000106640-26-000009,10-K,2026-02-11,2026,https://www.sec.gov/Archives/edgar/data/106640/000010664026000009/whr-20251231.htm,downloaded_not_uploaded
34,WHR,0000106640,0000106640-25-000011,10-K,2025-02-13,2025,https://www.sec.gov/Archives/edgar/data/106640/000010664025000011/whr-20241231.htm,downloaded_not_uploaded
34,WHR,0000106640,0000106640-24-000020,10-K,2024-02-14,2024,https://www.sec.gov/Archives/edgar/data/106640/000010664024000020/whr-20231231.htm,downloaded_not_uploaded
35,HBB,0001709164,0001709164-26-000037,10-K,2026-02-25,2026,https://www.sec.gov/Archives/edgar/data/1709164/000170916426000037/hbb-20251231.htm,downloaded_not_uploaded
35,HBB,0001709164,0001709164-25-000008,10-K,2025-02-26,2025,https://www.sec.gov/Archives/edgar/data/1709164/000170916425000008/hbb-20241231.htm,downloaded_not_uploaded
35,HBB,0001709164,0001709164-24-000011,10-K,2024-03-06,2024,https://www.sec.gov/Archives/edgar/data/1709164/000170916424000011/hbb-20231231.htm,downloaded_not_uploaded
36,CRCT,0001828962,0001828962-26-000010,10-K,2026-03-04,2026,https://www.sec.gov/Archives/edgar/data/1828962/000182896226000010/crct-20251231.htm,downloaded_not_uploaded
36,CRCT,0001828962,0001828962-25-000039,10-K,2025-03-05,2025,https://www.sec.gov/Archives/edgar/data/1828962/000182896225000039/crct-20241231.htm,downloaded_not_uploaded
36,CRCT,0001828962,0001828962-24-000014,10-K,2024-03-06,2024,https://www.sec.gov/Archives/edgar/data/1828962/000182896224000014/crct-20231231.htm,downloaded_not_uploaded
37,ATER,0001757715,0001437749-26-009285,10-K,2026-03-23,2026,https://www.sec.gov/Archives/edgar/data/1757715/000143774926009285/ater20251231_10k.htm,downloaded_not_uploaded
37,ATER,0001757715,0001437749-25-009139,10-K,2025-03-25,2025,https://www.sec.gov/Archives/edgar/data/1757715/000143774925009139/ater20241231_10k.htm,downloaded_not_uploaded
37,ATER,0001757715,0001437749-24-008398,10-K,2024-03-19,2024,https://www.sec.gov/Archives/edgar/data/1757715/000143774924008398/ater20231231_10k.htm,downloaded_not_uploaded
38,COOK,0001857853,0001628280-26-015450,10-K,2026-03-06,2026,https://www.sec.gov/Archives/edgar/data/1857853/000162828026015450/tra-20251231.htm,downloaded_not_uploaded
38,COOK,0001857853,0001857853-25-000018,10-K,2025-03-07,2025,https://www.sec.gov/Archives/edgar/data/1857853/000185785325000018/tra-20241231.htm,downloaded_not_uploaded
38,COOK,0001857853,0001857853-24-000020,10-K,2024-03-08,2024,https://www.sec.gov/Archives/edgar/data/1857853/000185785324000020/tra-20231231.htm,downloaded_not_uploaded
39,NWL,0000814453,0000814453-26-000008,10-K,2026-02-13,2026,https://www.sec.gov/Archives/edgar/data/814453/000081445326000008/nwl-20251231.htm,downloaded_not_uploaded
39,NWL,0000814453,0000814453-25-000008,10-K,2025-02-14,2025,https://www.sec.gov/Archives/edgar/data/814453/000081445325000008/nwl-20241231.htm,downloaded_not_uploaded
39,NWL,0000814453,0000814453-24-000017,10-K,2024-02-21,2024,https://www.sec.gov/Archives/edgar/data/814453/000081445324000017/nwl-20231231.htm,downloaded_not_uploaded
40,YHGJ,0001042187,0001493152-26-012156,10-K,2026-03-23,2026,https://www.sec.gov/Archives/edgar/data/1042187/000149315226012156/form10-k.htm,downloaded_not_uploaded
40,YHGJ,0001042187,0001641172-25-004622,10-K,2025-04-15,2025,https://www.sec.gov/Archives/edgar/data/1042187/000164117225004622/form10-k.htm,downloaded_not_uploaded
40,YHGJ,0001042187,0001493152-24-011910,10-K,2024-03-29,2024,https://www.sec.gov/Archives/edgar/data/1042187/000149315224011910/form10-k.htm,downloaded_not_uploaded
41,LCUT,0000874396,0000874396-26-000008,10-K,2026-03-12,2026,https://www.sec.gov/Archives/edgar/data/874396/000087439626000008/lcut-20251231.htm,downloaded_not_uploaded
41,LCUT,0000874396,0001628280-25-012650,10-K,2025-03-13,2025,https://www.sec.gov/Archives/edgar/data/874396/000162828025012650/lcut-20241231.htm,downloaded_not_uploaded
41,LCUT,0000874396,0001628280-24-010568,10-K,2024-03-12,2024,https://www.sec.gov/Archives/edgar/data/874396/000162828024010568/lcut-20231231.htm,downloaded_not_uploaded
74,TDUP,0001484778,0001484778-26-000007,10-K,2026-03-02,2026,https://www.sec.gov/Archives/edgar/data/1484778/000148477826000007/tdup-20251231.htm,downloaded_not_uploaded
74,TDUP,0001484778,0001484778-25-000023,10-K,2025-03-03,2025,https://www.sec.gov/Archives/edgar/data/1484778/000148477825000023/tdup-20241231.htm,downloaded_not_uploaded
74,TDUP,0001484778,0001484778-24-000035,10-K,2024-03-05,2024,https://www.sec.gov/Archives/edgar/data/1484778/000148477824000035/tdup-20231231.htm,downloaded_not_uploaded
75,TLF,0000909724,0001140361-26-006550,10-K,2026-02-24,2026,https://www.sec.gov/Archives/edgar/data/909724/000114036126006550/ef20060825_10k.htm,downloaded_not_uploaded
75,TLF,0000909724,0001140361-25-006103,10-K,2025-02-26,2025,https://www.sec.gov/Archives/edgar/data/909724/000114036125006103/ef20039035_10k.htm,downloaded_not_uploaded
75,TLF,0000909724,0001140361-24-014799,10-K,2024-03-22,2024,https://www.sec.gov/Archives/edgar/data/909724/000114036124014799/ef20015300_10k.htm,downloaded_not_uploaded
76,REAL,0001573221,0001573221-26-000010,10-K,2026-02-26,2026,https://www.sec.gov/Archives/edgar/data/1573221/000157322126000010/real-20251231.htm,downloaded_not_uploaded
76,REAL,0001573221,0001573221-25-000013,10-K,2025-02-21,2025,https://www.sec.gov/Archives/edgar/data/1573221/000157322125000013/real-20241231.htm,downloaded_not_uploaded
76,REAL,0001573221,0001573221-24-000030,10-K,2024-03-01,2024,https://www.sec.gov/Archives/edgar/data/1573221/000157322124000030/real-20231231.htm,downloaded_not_uploaded
77,BBY,0000764478,0000764478-26-000009,10-K,2026-03-18,2026,https://www.sec.gov/Archives/edgar/data/764478/000076447826000009/bby-20260131.htm,downloaded_not_uploaded
77,BBY,0000764478,0000764478-25-000007,10-K,2025-03-19,2025,https://www.sec.gov/Archives/edgar/data/764478/000076447825000007/bby-20250201x10k.htm,downloaded_not_uploaded
77,BBY,0000764478,0000764478-24-000010,10-K,2024-03-15,2024,https://www.sec.gov/Archives/edgar/data/764478/000076447824000010/bby-20240203x10k.htm,downloaded_not_uploaded
78,GME,0001326380,0001326380-26-000013,10-K,2026-03-24,2026,https://www.sec.gov/Archives/edgar/data/1326380/000132638026000013/gme-20260131.htm,downloaded_not_uploaded
78,GME,0001326380,0001628280-25-014731,10-K,2025-03-25,2025,https://www.sec.gov/Archives/edgar/data/1326380/000162828025014731/gme-20250201.htm,downloaded_not_uploaded
78,GME,0001326380,0001326380-24-000012,10-K,2024-03-26,2024,https://www.sec.gov/Archives/edgar/data/1326380/000132638024000012/gme-20240203.htm,downloaded_not_uploaded
79,HD,0000354950,0001628280-26-019436,10-K,2026-03-18,2026,https://www.sec.gov/Archives/edgar/data/354950/000162828026019436/hd-20260201.htm,downloaded_not_uploaded
79,HD,0000354950,0000354950-25-000085,10-K,2025-03-21,2025,https://www.sec.gov/Archives/edgar/data/354950/000035495025000085/hd-20250202.htm,downloaded_not_uploaded
79,HD,0000354950,0000354950-24-000062,10-K,2024-03-13,2024,https://www.sec.gov/Archives/edgar/data/354950/000035495024000062/hd-20240128.htm,downloaded_not_uploaded
80,LOW,0000060667,0000060667-26-000029,10-K,2026-03-23,2026,https://www.sec.gov/Archives/edgar/data/60667/000006066726000029/low-20260130.htm,downloaded_not_uploaded
80,LOW,0000060667,0000060667-25-000049,10-K,2025-03-24,2025,https://www.sec.gov/Archives/edgar/data/60667/000006066725000049/low-20250131.htm,downloaded_not_uploaded
80,LOW,0000060667,0000060667-24-000033,10-K,2024-03-25,2024,https://www.sec.gov/Archives/edgar/data/60667/000006066724000033/low-20240202.htm,downloaded_not_uploaded
81,FND,0001507079,0001628280-26-009770,10-K,2026-02-19,2026,https://www.sec.gov/Archives/edgar/data/1507079/000162828026009770/fnd-20251225.htm,downloaded_not_uploaded
81,FND,0001507079,0001507079-25-000013,10-K,2025-02-20,2025,https://www.sec.gov/Archives/edgar/data/1507079/000150707925000013/fnd-20241226.htm,downloaded_not_uploaded
81,FND,0001507079,0001507079-24-000010,10-K,2024-02-22,2024,https://www.sec.gov/Archives/edgar/data/1507079/000150707924000010/fnd-20231228.htm,downloaded_not_uploaded
82,GRWG,0001604868,0001604868-26-000004,10-K,2026-03-20,2026,https://www.sec.gov/Archives/edgar/data/1604868/000160486826000004/grwg-20251231.htm,downloaded_not_uploaded
82,GRWG,0001604868,0001628280-25-012661,10-K,2025-03-13,2025,https://www.sec.gov/Archives/edgar/data/1604868/000162828025012661/grwg-20241231.htm,downloaded_not_uploaded
82,GRWG,0001604868,0001628280-24-010996,10-K,2024-03-13,2024,https://www.sec.gov/Archives/edgar/data/1604868/000162828024010996/grwg-20231231.htm,downloaded_not_uploaded
83,POWW,0001015383,0001193125-26-276653,10-K,2026-06-22,2026,https://www.sec.gov/Archives/edgar/data/1015383/000119312526276653/poww-20260331.htm,downloaded_not_uploaded
83,POWW,0001015383,0000950170-25-086893,10-K,2025-06-16,2025,https://www.sec.gov/Archives/edgar/data/1015383/000095017025086893/poww-20250331.htm,downloaded_not_uploaded
83,POWW,0001015383,0001493152-24-023731,10-K,2024-06-13,2024,https://www.sec.gov/Archives/edgar/data/1015383/000149315224023731/form10-k.htm,downloaded_not_uploaded
84,HZO,0001057060,0001193125-25-284680,10-K,2025-11-17,2025,https://www.sec.gov/Archives/edgar/data/1057060/000119312525284680/hzo-20250930.htm,downloaded_not_uploaded
84,HZO,0001057060,0000950170-24-127036,10-K,2024-11-14,2024,https://www.sec.gov/Archives/edgar/data/1057060/000095017024127036/hzo-20240930.htm,downloaded_not_uploaded
84,HZO,0001057060,0000950170-23-064785,10-K,2023-11-17,2023,https://www.sec.gov/Archives/edgar/data/1057060/000095017023064785/hzo-20230930.htm,downloaded_not_uploaded
85,FLWS,0001084869,0001084869-25-000017,10-K,2025-09-05,2025,https://www.sec.gov/Archives/edgar/data/1084869/000108486925000017/flws-20250629.htm,downloaded_not_uploaded
85,FLWS,0001084869,0001437749-24-028591,10-K,2024-09-06,2024,https://www.sec.gov/Archives/edgar/data/1084869/000143774924028591/flws20240630_10k.htm,downloaded_not_uploaded
85,FLWS,0001084869,0001437749-23-025967,10-K,2023-09-15,2023,https://www.sec.gov/Archives/edgar/data/1084869/000143774923025967/flws20230702_10k.htm,downloaded_not_uploaded
86,GROV,0001841761,0001841761-26-000010,10-K,2026-03-05,2026,https://www.sec.gov/Archives/edgar/data/1841761/000184176126000010/grov-20251231.htm,downloaded_not_uploaded
86,GROV,0001841761,0001628280-25-013839,10-K,2025-03-19,2025,https://www.sec.gov/Archives/edgar/data/1841761/000162828025013839/grov-20241231.htm,downloaded_not_uploaded
86,GROV,0001841761,0001628280-24-012257,10-K,2024-03-20,2024,https://www.sec.gov/Archives/edgar/data/1841761/000162828024012257/grov-20231231.htm,downloaded_not_uploaded
87,FIVE,0001177609,0001177609-26-000010,10-K,2026-03-19,2026,https://www.sec.gov/Archives/edgar/data/1177609/000117760926000010/five-20260131.htm,downloaded_not_uploaded
87,FIVE,0001177609,0001177609-25-000009,10-K,2025-03-20,2025,https://www.sec.gov/Archives/edgar/data/1177609/000117760925000009/five-20250201.htm,downloaded_not_uploaded
87,FIVE,0001177609,0001177609-24-000008,10-K,2024-03-21,2024,https://www.sec.gov/Archives/edgar/data/1177609/000117760924000008/five-20240203.htm,downloaded_not_uploaded
88,PETS,0001040130,0001040130-26-000019,10-K,2026-06-02,2026,https://www.sec.gov/Archives/edgar/data/1040130/000104013026000019/pets-20260331.htm,downloaded_not_uploaded
88,PETS,0001040130,0001040130-25-000072,10-K,2025-10-14,2025,https://www.sec.gov/Archives/edgar/data/1040130/000104013025000072/pets-20250331.htm,downloaded_not_uploaded
88,PETS,0001040130,0001040130-24-000046,10-K,2024-06-14,2024,https://www.sec.gov/Archives/edgar/data/1040130/000104013024000046/pets-20240331.htm,downloaded_not_uploaded
89,BBWI,0000701985,0000701985-26-000008,10-K,2026-03-12,2026,https://www.sec.gov/Archives/edgar/data/701985/000070198526000008/bbwi-20260131.htm,downloaded_not_uploaded
89,BBWI,0000701985,0000701985-25-000011,10-K,2025-03-14,2025,https://www.sec.gov/Archives/edgar/data/701985/000070198525000011/bbwi-20250201.htm,downloaded_not_uploaded
89,BBWI,0000701985,0000701985-24-000010,10-K,2024-03-22,2024,https://www.sec.gov/Archives/edgar/data/701985/000070198524000010/bbwi-20240203.htm,downloaded_not_uploaded
90,SBH,0001368458,0001193125-25-280122,10-K,2025-11-13,2025,https://www.sec.gov/Archives/edgar/data/1368458/000119312525280122/sbh-20250930.htm,downloaded_not_uploaded
90,SBH,0001368458,0000950170-24-127217,10-K,2024-11-14,2024,https://www.sec.gov/Archives/edgar/data/1368458/000095017024127217/sbh-20240930.htm,downloaded_not_uploaded
90,SBH,0001368458,0000950170-23-064558,10-K,2023-11-16,2023,https://www.sec.gov/Archives/edgar/data/1368458/000095017023064558/sbh-20230930.htm,downloaded_not_uploaded
91,ULTA,0001403568,0001104659-26-035243,10-K,2026-03-26,2026,https://www.sec.gov/Archives/edgar/data/1403568/000110465926035243/ulta-20260131x10k.htm,downloaded_not_uploaded
91,ULTA,0001403568,0001558370-25-003810,10-K,2025-03-27,2025,https://www.sec.gov/Archives/edgar/data/1403568/000155837025003810/ulta-20250201x10k.htm,downloaded_not_uploaded
91,ULTA,0001403568,0001558370-24-003941,10-K,2024-03-26,2024,https://www.sec.gov/Archives/edgar/data/1403568/000155837024003941/ulta-20240203x10k.htm,downloaded_not_uploaded
92,EYE,0001710155,0001628280-26-014379,10-K,2026-03-04,2026,https://www.sec.gov/Archives/edgar/data/1710155/000162828026014379/eye-20260103.htm,downloaded_not_uploaded
92,EYE,0001710155,0001710155-25-000011,10-K,2025-02-26,2025,https://www.sec.gov/Archives/edgar/data/1710155/000171015525000011/eye-20241228.htm,downloaded_not_uploaded
92,EYE,0001710155,0001710155-24-000018,10-K,2024-02-27,2024,https://www.sec.gov/Archives/edgar/data/1710155/000171015524000018/eye-20231230.htm,downloaded_not_uploaded
93,WRBY,0001504776,0001504776-26-000006,10-K,2026-02-26,2026,https://www.sec.gov/Archives/edgar/data/1504776/000150477626000006/wrby-20251231.htm,downloaded_not_uploaded
93,WRBY,0001504776,0001504776-25-000010,10-K,2025-02-27,2025,https://www.sec.gov/Archives/edgar/data/1504776/000150477625000010/wrby-20241231.htm,downloaded_not_uploaded
93,WRBY,0001504776,0001504776-24-000006,10-K,2024-02-29,2024,https://www.sec.gov/Archives/edgar/data/1504776/000150477624000006/wrby-20231231.htm,downloaded_not_uploaded
94,BRLT,0001866757,0001628280-26-018794,10-K,2026-03-17,2026,https://www.sec.gov/Archives/edgar/data/1866757/000162828026018794/brlt-20251231.htm,downloaded_not_uploaded
94,BRLT,0001866757,0001866757-25-000038,10-K,2025-03-13,2025,https://www.sec.gov/Archives/edgar/data/1866757/000186675725000038/brlt-20241231.htm,downloaded_not_uploaded
94,BRLT,0001866757,0001866757-24-000040,10-K,2024-03-28,2024,https://www.sec.gov/Archives/edgar/data/1866757/000186675724000040/brlt-20231231.htm,downloaded_not_uploaded
95,SPWH,0001132105,0001193125-26-134702,10-K,2026-03-31,2026,https://www.sec.gov/Archives/edgar/data/1132105/000119312526134702/spwh-20260131.htm,downloaded_not_uploaded
95,SPWH,0001132105,0000950170-25-048890,10-K,2025-04-02,2025,https://www.sec.gov/Archives/edgar/data/1132105/000095017025048890/spwh-20250201.htm,downloaded_not_uploaded
95,SPWH,0001132105,0000950170-24-041618,10-K,2024-04-04,2024,https://www.sec.gov/Archives/edgar/data/1132105/000095017024041618/spwh-20240203.htm,downloaded_not_uploaded
96,ASO,0001817358,0001817358-26-000031,10-K,2026-03-17,2026,https://www.sec.gov/Archives/edgar/data/1817358/000181735826000031/aso-20260131.htm,downloaded_not_uploaded
96,ASO,0001817358,0001817358-25-000027,10-K,2025-03-20,2025,https://www.sec.gov/Archives/edgar/data/1817358/000181735825000027/aso-20250201.htm,downloaded_not_uploaded
96,ASO,0001817358,0001817358-24-000042,10-K,2024-03-21,2024,https://www.sec.gov/Archives/edgar/data/1817358/000181735824000042/aso-20240203.htm,downloaded_not_uploaded
97,DKS,0001089063,0001089063-26-000007,10-K,2026-03-27,2026,https://www.sec.gov/Archives/edgar/data/1089063/000108906326000007/dks-20260131.htm,downloaded_not_uploaded
97,DKS,0001089063,0001089063-25-000012,10-K,2025-03-27,2025,https://www.sec.gov/Archives/edgar/data/1089063/000108906325000012/dks-20250201.htm,downloaded_not_uploaded
97,DKS,0001089063,0001089063-24-000037,10-K,2024-03-28,2024,https://www.sec.gov/Archives/edgar/data/1089063/000108906324000037/dks-20240203.htm,downloaded_not_uploaded
98,BARK,0001819574,0001628280-26-042242,10-K,2026-06-10,2026,https://www.sec.gov/Archives/edgar/data/1819574/000162828026042242/bark-20260331.htm,downloaded_not_uploaded
98,BARK,0001819574,0001819574-25-000024,10-K,2025-06-04,2025,https://www.sec.gov/Archives/edgar/data/1819574/000181957425000024/bark-20250331.htm,downloaded_not_uploaded
98,BARK,0001819574,0001819574-24-000025,10-K,2024-06-03,2024,https://www.sec.gov/Archives/edgar/data/1819574/000181957424000025/bark-20240331.htm,downloaded_not_uploaded
99,BBW,0001113809,0001437749-26-012501,10-K,2026-04-16,2026,https://www.sec.gov/Archives/edgar/data/1113809/000143774926012501/bbw20251218c_10k.htm,downloaded_not_uploaded
99,BBW,0001113809,0001437749-25-012234,10-K,2025-04-17,2025,https://www.sec.gov/Archives/edgar/data/1113809/000143774925012234/bbw20241216_10k.htm,downloaded_not_uploaded
99,BBW,0001113809,0001437749-24-012440,10-K,2024-04-18,2024,https://www.sec.gov/Archives/edgar/data/1113809/000143774924012440/bbw20240123_10k.htm,downloaded_not_uploaded
100,BNED,0001634117,0001634117-25-000038,10-K,2025-12-23,2025,https://www.sec.gov/Archives/edgar/data/1634117/000163411725000038/bned-20250503.htm,downloaded_not_uploaded
100,BNED,0001634117,0001634117-24-000048,10-K,2024-07-01,2024,https://www.sec.gov/Archives/edgar/data/1634117/000163411724000048/bned-20240427.htm,downloaded_not_uploaded
100,BNED,0001634117,0001634117-23-000032,10-K,2023-07-31,2023,https://www.sec.gov/Archives/edgar/data/1634117/000163411723000032/bned-20230429.htm,downloaded_not_uploaded
101,CHWY,0001766502,0001766502-26-000034,10-K,2026-03-25,2026,https://www.sec.gov/Archives/edgar/data/1766502/000176650226000034/chwy-20260201.htm,downloaded_not_uploaded
101,CHWY,0001766502,0001766502-25-000014,10-K,2025-03-26,2025,https://www.sec.gov/Archives/edgar/data/1766502/000176650225000014/chwy-20250202.htm,downloaded_not_uploaded
101,CHWY,0001766502,0001766502-24-000014,10-K,2024-03-20,2024,https://www.sec.gov/Archives/edgar/data/1766502/000176650224000014/chwy-20240128.htm,downloaded_not_uploaded
102,WOOF,0001826470,0001193125-26-106114,10-K,2026-03-13,2026,https://www.sec.gov/Archives/edgar/data/1826470/000119312526106114/woof-20260131.htm,downloaded_not_uploaded
102,WOOF,0001826470,0000950170-25-047693,10-K,2025-03-31,2025,https://www.sec.gov/Archives/edgar/data/1826470/000095017025047693/woof-20250201.htm,downloaded_not_uploaded
102,WOOF,0001826470,0000950170-24-040516,10-K,2024-04-03,2024,https://www.sec.gov/Archives/edgar/data/1826470/000095017024040516/woof-20240203.htm,downloaded_not_uploaded
103,PEW,0002051380,0001193125-26-104172,10-K,2026-03-12,2026,https://www.sec.gov/Archives/edgar/data/2051380/000119312526104172/pew-20251231.htm,downloaded_not_uploaded
104,TSCO,0000916365,0000916365-26-000014,10-K,2026-02-19,2026,https://www.sec.gov/Archives/edgar/data/916365/000091636526000014/tsco-20251227.htm,downloaded_not_uploaded
104,TSCO,0000916365,0000916365-25-000076,10-K,2025-02-20,2025,https://www.sec.gov/Archives/edgar/data/916365/000091636525000076/tsco-20241228.htm,downloaded_not_uploaded
104,TSCO,0000916365,0000916365-24-000046,10-K,2024-02-23,2024,https://www.sec.gov/Archives/edgar/data/916365/000091636524000046/tsco-20231230.htm,downloaded_not_uploaded
105,LESL,0001821806,0001193125-25-323811,10-K,2025-12-18,2025,https://www.sec.gov/Archives/edgar/data/1821806/000119312525323811/lesl-20251004.htm,downloaded_not_uploaded
105,LESL,0001821806,0000950170-24-131476,10-K,2024-11-27,2024,https://www.sec.gov/Archives/edgar/data/1821806/000095017024131476/lesl-20240928.htm,downloaded_not_uploaded
105,LESL,0001821806,0000950170-23-066773,10-K,2023-11-29,2023,https://www.sec.gov/Archives/edgar/data/1821806/000095017023066773/lesl-20230930.htm,downloaded_not_uploaded
106,UPBD,0000933036,0000933036-26-000008,10-K,2026-02-23,2026,https://www.sec.gov/Archives/edgar/data/933036/000093303626000008/upbd-20251231.htm,downloaded_not_uploaded
106,UPBD,0000933036,0000933036-25-000042,10-K,2025-02-25,2025,https://www.sec.gov/Archives/edgar/data/933036/000093303625000042/upbd-20241231.htm,downloaded_not_uploaded
106,UPBD,0000933036,0000933036-24-000048,10-K,2024-02-27,2024,https://www.sec.gov/Archives/edgar/data/933036/000093303624000048/upbd-20231231.htm,downloaded_not_uploaded
107,RENT,0001468327,0001468327-26-000020,10-K,2026-04-14,2026,https://www.sec.gov/Archives/edgar/data/1468327/000146832726000020/wdq-20260131.htm,downloaded_not_uploaded
107,RENT,0001468327,0001468327-25-000056,10-K,2025-04-15,2025,https://www.sec.gov/Archives/edgar/data/1468327/000146832725000056/wdq-20250131.htm,downloaded_not_uploaded
107,RENT,0001468327,0001468327-24-000114,10-K,2024-04-11,2024,https://www.sec.gov/Archives/edgar/data/1468327/000146832724000114/wdq-20240131.htm,downloaded_not_uploaded
108,WINA,0000908315,0000908315-26-000007,10-K,2026-02-25,2026,https://www.sec.gov/Archives/edgar/data/908315/000090831526000007/wina-20251227x10k.htm,downloaded_not_uploaded
108,WINA,0000908315,0000908315-25-000010,10-K,2025-02-26,2025,https://www.sec.gov/Archives/edgar/data/908315/000090831525000010/wina-20241228x10k.htm,downloaded_not_uploaded
108,WINA,0000908315,0000908315-24-000010,10-K,2024-02-28,2024,https://www.sec.gov/Archives/edgar/data/908315/000090831524000010/wina-20231230x10k.htm,downloaded_not_uploaded
109,MNRO,0000876427,0000876427-26-000007,10-K,2026-05-27,2026,https://www.sec.gov/Archives/edgar/data/876427/000087642726000007/mnro-20260328x10k.htm,downloaded_not_uploaded
109,MNRO,0000876427,0001562762-25-000146,10-K,2025-05-28,2025,https://www.sec.gov/Archives/edgar/data/876427/000156276225000146/mnro-20250329x10k.htm,downloaded_not_uploaded
109,MNRO,0000876427,0001562762-24-000155,10-K,2024-05-28,2024,https://www.sec.gov/Archives/edgar/data/876427/000156276224000155/mnro-20240330x10k.htm,downloaded_not_uploaded
110,APC,0002080921,0001193125-26-131747,10-K,2026-03-30,2026,https://www.sec.gov/Archives/edgar/data/2080921/000119312526131747/apc_10k_12312025.htm,downloaded_not_uploaded
111,AN,0000350698,0001628280-26-007800,10-K,2026-02-12,2026,https://www.sec.gov/Archives/edgar/data/350698/000162828026007800/an-20251231.htm,downloaded_not_uploaded
111,AN,0000350698,0000350698-25-000029,10-K,2025-02-14,2025,https://www.sec.gov/Archives/edgar/data/350698/000035069825000029/an-20241231.htm,downloaded_not_uploaded
111,AN,0000350698,0000350698-24-000021,10-K,2024-02-16,2024,https://www.sec.gov/Archives/edgar/data/350698/000035069824000021/an-20231231.htm,downloaded_not_uploaded
112,PAG,0001019849,0001628280-26-012830,10-K,2026-02-27,2026,https://www.sec.gov/Archives/edgar/data/1019849/000162828026012830/pag-20251231.htm,downloaded_not_uploaded
112,PAG,0001019849,0001019849-25-000022,10-K,2025-02-21,2025,https://www.sec.gov/Archives/edgar/data/1019849/000101984925000022/pag-20241231.htm,downloaded_not_uploaded
112,PAG,0001019849,0001019849-24-000033,10-K,2024-02-16,2024,https://www.sec.gov/Archives/edgar/data/1019849/000101984924000033/pag-20231231.htm,downloaded_not_uploaded
113,LAD,0001023128,0001023128-26-000015,10-K,2026-02-25,2026,https://www.sec.gov/Archives/edgar/data/1023128/000102312826000015/lad-20251231.htm,downloaded_not_uploaded
113,LAD,0001023128,0001023128-25-000026,10-K,2025-02-24,2025,https://www.sec.gov/Archives/edgar/data/1023128/000102312825000026/lad-20241231.htm,downloaded_not_uploaded
113,LAD,0001023128,0001023128-24-000032,10-K,2024-02-23,2024,https://www.sec.gov/Archives/edgar/data/1023128/000102312824000032/lad-20231231.htm,downloaded_not_uploaded
114,SAH,0001043509,0001628280-26-010570,10-K,2026-02-23,2026,https://www.sec.gov/Archives/edgar/data/1043509/000162828026010570/sah-20251231.htm,downloaded_not_uploaded
114,SAH,0001043509,0001043509-25-000003,10-K,2025-02-19,2025,https://www.sec.gov/Archives/edgar/data/1043509/000104350925000003/sah-20241231.htm,downloaded_not_uploaded
114,SAH,0001043509,0001043509-24-000022,10-K,2024-02-22,2024,https://www.sec.gov/Archives/edgar/data/1043509/000104350924000022/sah-20231231.htm,downloaded_not_uploaded
115,GPI,0001031203,0001031203-26-000064,10-K,2026-02-13,2026,https://www.sec.gov/Archives/edgar/data/1031203/000103120326000064/gpi-20251231.htm,downloaded_not_uploaded
115,GPI,0001031203,0001031203-25-000013,10-K,2025-02-14,2025,https://www.sec.gov/Archives/edgar/data/1031203/000103120325000013/gpi-20241231.htm,downloaded_not_uploaded
115,GPI,0001031203,0001031203-24-000013,10-K,2024-02-14,2024,https://www.sec.gov/Archives/edgar/data/1031203/000103120324000013/gpi-20231231.htm,downloaded_not_uploaded
116,ABG,0001144980,0001144980-26-000051,10-K,2026-02-20,2026,https://www.sec.gov/Archives/edgar/data/1144980/000114498026000051/abg-20251231.htm,downloaded_not_uploaded
116,ABG,0001144980,0001144980-25-000077,10-K,2025-02-26,2025,https://www.sec.gov/Archives/edgar/data/1144980/000114498025000077/abg-20241231.htm,downloaded_not_uploaded
116,ABG,0001144980,0001144980-24-000076,10-K,2024-02-29,2024,https://www.sec.gov/Archives/edgar/data/1144980/000114498024000076/abg-20231231.htm,downloaded_not_uploaded
117,CRMT,0000799850,0001628280-25-039026,10-K,2025-08-08,2025,https://www.sec.gov/Archives/edgar/data/799850/000162828025039026/crmt-20250430.htm,downloaded_not_uploaded
117,CRMT,0000799850,0001171843-24-003950,10-K,2024-07-15,2024,https://www.sec.gov/Archives/edgar/data/799850/000117184324003950/crmt20240430_10k.htm,downloaded_not_uploaded
117,CRMT,0000799850,0001171843-23-004114,10-K,2023-06-26,2023,https://www.sec.gov/Archives/edgar/data/799850/000117184323004114/crmt20230430_10k.htm,downloaded_not_uploaded
118,CVNA,0001690820,0001690820-26-000009,10-K,2026-02-18,2026,https://www.sec.gov/Archives/edgar/data/1690820/000169082026000009/cvna-20251231.htm,downloaded_not_uploaded
118,CVNA,0001690820,0001690820-25-000074,10-K,2025-02-19,2025,https://www.sec.gov/Archives/edgar/data/1690820/000169082025000074/cvna-20241231.htm,downloaded_not_uploaded
118,CVNA,0001690820,0001690820-24-000093,10-K,2024-02-22,2024,https://www.sec.gov/Archives/edgar/data/1690820/000169082024000093/cvna-20231231.htm,downloaded_not_uploaded
119,KMX,0001170010,0001170010-26-000021,10-K,2026-04-15,2026,https://www.sec.gov/Archives/edgar/data/1170010/000117001026000021/kmx-20260228.htm,downloaded_not_uploaded
119,KMX,0001170010,0001170010-25-000024,10-K,2025-04-11,2025,https://www.sec.gov/Archives/edgar/data/1170010/000117001025000024/kmx-20250228.htm,downloaded_not_uploaded
119,KMX,0001170010,0001170010-24-000034,10-K,2024-04-15,2024,https://www.sec.gov/Archives/edgar/data/1170010/000117001024000034/kmx-20240229.htm,downloaded_not_uploaded
120,CWH,0001669779,0001104659-26-021548,10-K,2026-02-27,2026,https://www.sec.gov/Archives/edgar/data/1669779/000110465926021548/cwh-20251231x10k.htm,downloaded_not_uploaded
120,CWH,0001669779,0001558370-25-001939,10-K,2025-02-28,2025,https://www.sec.gov/Archives/edgar/data/1669779/000155837025001939/cwh-20241231x10k.htm,downloaded_not_uploaded
120,CWH,0001669779,0001558370-24-001703,10-K,2024-02-26,2024,https://www.sec.gov/Archives/edgar/data/1669779/000155837024001703/cwh-20231231x10k.htm,downloaded_not_uploaded
121,ONEW,0001772921,0001772921-25-000085,10-K,2025-12-15,2025,https://www.sec.gov/Archives/edgar/data/1772921/000177292125000085/onew-20250930.htm,downloaded_not_uploaded
121,ONEW,0001772921,0001772921-24-000101,10-K,2024-12-10,2024,https://www.sec.gov/Archives/edgar/data/1772921/000177292124000101/onew-20240930.htm,downloaded_not_uploaded
121,ONEW,0001772921,0001772921-23-000087,10-K,2023-12-14,2023,https://www.sec.gov/Archives/edgar/data/1772921/000177292123000087/onew-20230930.htm,downloaded_not_uploaded
122,RDNW,0001596961,0001596961-26-000015,10-K,2026-03-13,2026,https://www.sec.gov/Archives/edgar/data/1596961/000159696126000015/rdnw-20251231.htm,downloaded_not_uploaded
122,RDNW,0001596961,0001596961-25-000024,10-K,2025-03-14,2025,https://www.sec.gov/Archives/edgar/data/1596961/000159696125000024/rmbl-20241231.htm,downloaded_not_uploaded
122,RDNW,0001596961,0001596961-24-000021,10-K,2024-03-28,2024,https://www.sec.gov/Archives/edgar/data/1596961/000159696124000021/rmbl-20231231.htm,downloaded_not_uploaded
123,AZO,0000866787,0001104659-25-102611,10-K,2025-10-27,2025,https://www.sec.gov/Archives/edgar/data/866787/000110465925102611/azo-20250830x10k.htm,downloaded_not_uploaded
123,AZO,0000866787,0001558370-24-013758,10-K,2024-10-28,2024,https://www.sec.gov/Archives/edgar/data/866787/000155837024013758/azo-20240831x10k.htm,downloaded_not_uploaded
123,AZO,0000866787,0001558370-23-016668,10-K,2023-10-24,2023,https://www.sec.gov/Archives/edgar/data/866787/000155837023016668/azo-20230826x10k.htm,downloaded_not_uploaded
124,ORLY,0000898173,0000898173-26-000009,10-K,2026-02-27,2026,https://www.sec.gov/Archives/edgar/data/898173/000089817326000009/orly-20251231x10k.htm,downloaded_not_uploaded
124,ORLY,0000898173,0000898173-25-000008,10-K,2025-02-28,2025,https://www.sec.gov/Archives/edgar/data/898173/000089817325000008/orly-20241231x10k.htm,downloaded_not_uploaded
124,ORLY,0000898173,0000898173-24-000009,10-K,2024-02-28,2024,https://www.sec.gov/Archives/edgar/data/898173/000089817324000009/orly-20231231x10k.htm,downloaded_not_uploaded
125,AAP,0001158449,0001193125-26-051305,10-K,2026-02-13,2026,https://www.sec.gov/Archives/edgar/data/1158449/000119312526051305/aap-20260103.htm,downloaded_not_uploaded
125,AAP,0001158449,0001158449-25-000064,10-K,2025-02-26,2025,https://www.sec.gov/Archives/edgar/data/1158449/000115844925000064/aap-20241228.htm,downloaded_not_uploaded
125,AAP,0001158449,0001158449-24-000048,10-K,2024-03-12,2024,https://www.sec.gov/Archives/edgar/data/1158449/000115844924000048/aap-20231230.htm,downloaded_not_uploaded
126,PRTS,0001378950,0001378950-26-000035,10-K,2026-03-05,2026,https://www.sec.gov/Archives/edgar/data/1378950/000137895026000035/prts-20260103x10k.htm,downloaded_not_uploaded
126,PRTS,0001378950,0001378950-25-000036,10-K,2025-03-26,2025,https://www.sec.gov/Archives/edgar/data/1378950/000137895025000036/prts-20241228x10k.htm,downloaded_not_uploaded
126,PRTS,0001378950,0001378950-24-000034,10-K,2024-03-08,2024,https://www.sec.gov/Archives/edgar/data/1378950/000137895024000034/prts-20231230x10k.htm,downloaded_not_uploaded
127,MUSA,0001573516,0001573516-26-000090,10-K,2026-02-18,2026,https://www.sec.gov/Archives/edgar/data/1573516/000157351626000090/musa-20251231.htm,downloaded_not_uploaded
127,MUSA,0001573516,0001573516-25-000010,10-K,2025-02-20,2025,https://www.sec.gov/Archives/edgar/data/1573516/000157351625000010/musa-20241231.htm,downloaded_not_uploaded
127,MUSA,0001573516,0001573516-24-000007,10-K,2024-02-16,2024,https://www.sec.gov/Archives/edgar/data/1573516/000157351624000007/musa-20231231.htm,downloaded_not_uploaded
128,ARKO,0001823794,0001193125-26-071464,10-K,2026-02-25,2026,https://www.sec.gov/Archives/edgar/data/1823794/000119312526071464/arko-20251231.htm,downloaded_not_uploaded
128,ARKO,0001823794,0000950170-25-027737,10-K,2025-02-26,2025,https://www.sec.gov/Archives/edgar/data/1823794/000095017025027737/arko-20241231.htm,downloaded_not_uploaded
128,ARKO,0001823794,0000950170-24-021416,10-K,2024-02-27,2024,https://www.sec.gov/Archives/edgar/data/1823794/000095017024021416/arko-20231231.htm,downloaded_not_uploaded
129,VVV,0001674910,0001674910-25-000135,10-K,2025-11-21,2025,https://www.sec.gov/Archives/edgar/data/1674910/000167491025000135/vvv-20250930.htm,downloaded_not_uploaded
129,VVV,0001674910,0001674910-24-000152,10-K,2024-11-22,2024,https://www.sec.gov/Archives/edgar/data/1674910/000167491024000152/vvv-20240930.htm,downloaded_not_uploaded
129,VVV,0001674910,0001674910-23-000125,10-K,2023-11-20,2023,https://www.sec.gov/Archives/edgar/data/1674910/000167491023000125/vvv-20230930.htm,downloaded_not_uploaded
130,EVGO,0001821159,0001104659-26-024827,10-K,2026-03-09,2026,https://www.sec.gov/Archives/edgar/data/1821159/000110465926024827/evgo-20251231x10k.htm,downloaded_not_uploaded
130,EVGO,0001821159,0001558370-25-002400,10-K,2025-03-06,2025,https://www.sec.gov/Archives/edgar/data/1821159/000155837025002400/evgo-20241231x10k.htm,downloaded_not_uploaded
130,EVGO,0001821159,0001558370-24-002608,10-K,2024-03-06,2024,https://www.sec.gov/Archives/edgar/data/1821159/000155837024002608/evgo-20231231x10k.htm,downloaded_not_uploaded
131,SNBR,0000827187,0000827187-26-000014,10-K,2026-03-12,2026,https://www.sec.gov/Archives/edgar/data/827187/000082718726000014/snbr-20260103.htm,downloaded_not_uploaded
131,SNBR,0000827187,0000827187-25-000018,10-K,2025-03-07,2025,https://www.sec.gov/Archives/edgar/data/827187/000082718725000018/snbr-20241228.htm,downloaded_not_uploaded
131,SNBR,0000827187,0000827187-24-000011,10-K,2024-02-23,2024,https://www.sec.gov/Archives/edgar/data/827187/000082718724000011/snbr-20231230.htm,downloaded_not_uploaded
132,HVT,0000216085,0001628280-26-012199,10-K,2026-02-26,2026,https://www.sec.gov/Archives/edgar/data/216085/000162828026012199/hvt-20251231.htm,downloaded_not_uploaded
132,HVT,0000216085,0001628280-25-010869,10-K,2025-03-06,2025,https://www.sec.gov/Archives/edgar/data/216085/000162828025010869/hvt-20241231.htm,downloaded_not_uploaded
132,HVT,0000216085,0001628280-24-009586,10-K,2024-03-07,2024,https://www.sec.gov/Archives/edgar/data/216085/000162828024009586/hvt-20231231.htm,downloaded_not_uploaded
133,WSM,0000719955,0000719955-26-000059,10-K,2026-03-26,2026,https://www.sec.gov/Archives/edgar/data/719955/000071995526000059/wsm-20260201.htm,downloaded_not_uploaded
133,WSM,0000719955,0001628280-25-015037,10-K,2025-03-27,2025,https://www.sec.gov/Archives/edgar/data/719955/000162828025015037/wsm-20250202.htm,downloaded_not_uploaded
133,WSM,0000719955,0001628280-24-012221,10-K,2024-03-20,2024,https://www.sec.gov/Archives/edgar/data/719955/000162828024012221/wsm-20240128.htm,downloaded_not_uploaded
134,ARHS,0001875444,0001875444-26-000010,10-K,2026-02-26,2026,https://www.sec.gov/Archives/edgar/data/1875444/000187544426000010/arhs-20251231.htm,downloaded_not_uploaded
134,ARHS,0001875444,0001875444-25-000021,10-K,2025-02-26,2025,https://www.sec.gov/Archives/edgar/data/1875444/000187544425000021/arhs-20241231.htm,downloaded_not_uploaded
134,ARHS,0001875444,0001875444-24-000024,10-K,2024-03-11,2024,https://www.sec.gov/Archives/edgar/data/1875444/000187544424000024/arhs-20231231.htm,downloaded_not_uploaded
135,BOBS,0002085187,0001628280-26-019015,10-K,2026-03-18,2026,https://www.sec.gov/Archives/edgar/data/2085187/000162828026019015/a2025bdfannualfinancialsta.htm,downloaded_not_uploaded
136,RH,0001528849,0001104659-26-037992,10-K,2026-04-01,2026,https://www.sec.gov/Archives/edgar/data/1528849/000110465926037992/rh-20260131x10k.htm,downloaded_not_uploaded
136,RH,0001528849,0001558370-25-004329,10-K,2025-04-02,2025,https://www.sec.gov/Archives/edgar/data/1528849/000155837025004329/rh-20250201x10k.htm,downloaded_not_uploaded
136,RH,0001528849,0001558370-24-004248,10-K,2024-03-28,2024,https://www.sec.gov/Archives/edgar/data/1528849/000155837024004248/rh-20240203x10k.htm,downloaded_not_uploaded
137,BBBY,0001130713,0001130713-26-000018,10-K,2026-02-24,2026,https://www.sec.gov/Archives/edgar/data/1130713/000113071326000018/bbby-20251231.htm,downloaded_not_uploaded
137,BBBY,0001130713,0001130713-25-000024,10-K,2025-02-25,2025,https://www.sec.gov/Archives/edgar/data/1130713/000113071325000024/byon-20241231.htm,downloaded_not_uploaded
137,BBBY,0001130713,0001130713-24-000013,10-K,2024-02-23,2024,https://www.sec.gov/Archives/edgar/data/1130713/000113071324000013/byon-20231231.htm,downloaded_not_uploaded
138,W,0001616707,0001616707-26-000027,10-K,2026-02-19,2026,https://www.sec.gov/Archives/edgar/data/1616707/000161670726000027/w-20251231.htm,downloaded_not_uploaded
138,W,0001616707,0001616707-25-000022,10-K,2025-02-20,2025,https://www.sec.gov/Archives/edgar/data/1616707/000161670725000022/w-20241231.htm,downloaded_not_uploaded
138,W,0001616707,0001616707-24-000014,10-K,2024-02-22,2024,https://www.sec.gov/Archives/edgar/data/1616707/000161670724000014/w-20231231.htm,downloaded_not_uploaded
168,MGRX,0001938046,0001493152-26-014478,10-K,2026-04-01,2026,https://www.sec.gov/Archives/edgar/data/1938046/000149315226014478/form10-k.htm,downloaded_not_uploaded
168,MGRX,0001938046,0001641172-25-000085,10-K,2025-03-20,2025,https://www.sec.gov/Archives/edgar/data/1938046/000164117225000085/form10-k.htm,downloaded_not_uploaded
168,MGRX,0001938046,0001493152-24-012508,10-K,2024-04-01,2024,https://www.sec.gov/Archives/edgar/data/1938046/000149315224012508/form10-k.htm,downloaded_not_uploaded
169,CART,0001579091,0001579091-26-000018,10-K,2026-02-26,2026,https://www.sec.gov/Archives/edgar/data/1579091/000157909126000018/cart-20251231.htm,downloaded_not_uploaded
169,CART,0001579091,0001579091-25-000015,10-K,2025-02-28,2025,https://www.sec.gov/Archives/edgar/data/1579091/000157909125000015/cart-20241231.htm,downloaded_not_uploaded
169,CART,0001579091,0001579091-24-000027,10-K,2024-03-05,2024,https://www.sec.gov/Archives/edgar/data/1579091/000157909124000027/cart-20231231.htm,downloaded_not_uploaded
170,VLGEA,0000103595,0000103595-25-000015,10-K,2025-10-09,2025,https://www.sec.gov/Archives/edgar/data/103595/000010359525000015/vlgea-20250726.htm,downloaded_not_uploaded
170,VLGEA,0000103595,0000103595-24-000019,10-K,2024-10-10,2024,https://www.sec.gov/Archives/edgar/data/103595/000010359524000019/vlgea-20240727.htm,downloaded_not_uploaded
170,VLGEA,0000103595,0000103595-23-000014,10-K,2023-10-11,2023,https://www.sec.gov/Archives/edgar/data/103595/000010359523000014/vlgea-20230729.htm,downloaded_not_uploaded
171,WMK,0000105418,0000105418-26-000024,10-K,2026-03-12,2026,https://www.sec.gov/Archives/edgar/data/105418/000010541826000024/wmk-20251227x10k.htm,downloaded_not_uploaded
171,WMK,0000105418,0000105418-25-000014,10-K,2025-02-26,2025,https://www.sec.gov/Archives/edgar/data/105418/000010541825000014/wmk-20241228x10k.htm,downloaded_not_uploaded
171,WMK,0000105418,0000105418-24-000015,10-K,2024-02-28,2024,https://www.sec.gov/Archives/edgar/data/105418/000010541824000015/wmk-20231230x10k.htm,downloaded_not_uploaded
172,KR,0000056873,0001104659-26-037723,10-K,2026-03-31,2026,https://www.sec.gov/Archives/edgar/data/56873/000110465926037723/kr-20260131x10k.htm,downloaded_not_uploaded
172,KR,0000056873,0001558370-25-004267,10-K,2025-04-01,2025,https://www.sec.gov/Archives/edgar/data/56873/000155837025004267/kr-20250201x10k.htm,downloaded_not_uploaded
172,KR,0000056873,0001558370-24-004603,10-K,2024-04-02,2024,https://www.sec.gov/Archives/edgar/data/56873/000155837024004603/kr-20240203x10k.htm,downloaded_not_uploaded
173,IMKTA,0000050493,0000050493-25-000019,10-K,2025-11-26,2025,https://www.sec.gov/Archives/edgar/data/50493/000005049325000019/imkt-20250927x10k.htm,downloaded_not_uploaded
173,IMKTA,0000050493,0000050493-24-000018,10-K,2024-12-27,2024,https://www.sec.gov/Archives/edgar/data/50493/000005049324000018/imkt-20240928x10k.htm,downloaded_not_uploaded
173,IMKTA,0000050493,0000050493-23-000021,10-K,2023-11-29,2023,https://www.sec.gov/Archives/edgar/data/50493/000005049323000021/imkt-20230930x10k.htm,downloaded_not_uploaded
174,SFM,0001575515,0001575515-26-000008,10-K,2026-02-19,2026,https://www.sec.gov/Archives/edgar/data/1575515/000157551526000008/sfm-20251228.htm,downloaded_not_uploaded
174,SFM,0001575515,0001575515-25-000011,10-K,2025-02-20,2025,https://www.sec.gov/Archives/edgar/data/1575515/000157551525000011/sfm-20241229.htm,downloaded_not_uploaded
174,SFM,0001575515,0000950170-24-018768,10-K,2024-02-22,2024,https://www.sec.gov/Archives/edgar/data/1575515/000095017024018768/sfm-20231231.htm,downloaded_not_uploaded
175,ACI,0001646972,0001646972-26-000032,10-K,2026-04-27,2026,https://www.sec.gov/Archives/edgar/data/1646972/000164697226000032/aci-20260228.htm,downloaded_not_uploaded
175,ACI,0001646972,0001646972-25-000052,10-K,2025-04-21,2025,https://www.sec.gov/Archives/edgar/data/1646972/000164697225000052/aci-20250222.htm,downloaded_not_uploaded
175,ACI,0001646972,0001646972-24-000060,10-K,2024-04-22,2024,https://www.sec.gov/Archives/edgar/data/1646972/000164697224000060/aci-20240224.htm,downloaded_not_uploaded
176,MSS,0001892292,0001213900-25-075991,10-K,2025-08-14,2025,https://www.sec.gov/Archives/edgar/data/1892292/000121390025075991/ea0252603-10k_maison.htm,downloaded_not_uploaded
176,MSS,0001892292,0001213900-24-068336,10-K,2024-08-13,2024,https://www.sec.gov/Archives/edgar/data/1892292/000121390024068336/ea0210140-10k_maison.htm,downloaded_not_uploaded
176,MSS,0001892292,0001213900-23-061379,10-K,2023-07-31,2023,https://www.sec.gov/Archives/edgar/data/1892292/000121390023061379/f10k2023_maison.htm,downloaded_not_uploaded
177,GO,0001771515,0001771515-26-000015,10-K,2026-03-04,2026,https://www.sec.gov/Archives/edgar/data/1771515/000177151526000015/go-20260103.htm,downloaded_not_uploaded
177,GO,0001771515,0001771515-25-000017,10-K,2025-02-26,2025,https://www.sec.gov/Archives/edgar/data/1771515/000177151525000017/go-20241228.htm,downloaded_not_uploaded
177,GO,0001771515,0001771515-24-000016,10-K,2024-02-28,2024,https://www.sec.gov/Archives/edgar/data/1771515/000177151524000016/go-20231230.htm,downloaded_not_uploaded
178,NGVC,0001547459,0001437749-25-037556,10-K,2025-12-11,2025,https://www.sec.gov/Archives/edgar/data/1547459/000143774925037556/ngvc20250930_10k.htm,downloaded_not_uploaded
178,NGVC,0001547459,0001437749-24-037351,10-K,2024-12-12,2024,https://www.sec.gov/Archives/edgar/data/1547459/000143774924037351/ngvc20240930_10k.htm,downloaded_not_uploaded
178,NGVC,0001547459,0001437749-23-033880,10-K,2023-12-07,2023,https://www.sec.gov/Archives/edgar/data/1547459/000143774923033880/ngvc20230930_10k.htm,downloaded_not_uploaded
179,CASY,0000726958,0000726958-26-000046,10-K,2026-06-22,2026,https://www.sec.gov/Archives/edgar/data/726958/000072695826000046/casy-20260430.htm,downloaded_not_uploaded
179,CASY,0000726958,0000726958-25-000065,10-K,2025-06-23,2025,https://www.sec.gov/Archives/edgar/data/726958/000072695825000065/casy-20250430.htm,downloaded_not_uploaded
179,CASY,0000726958,0000726958-24-000046,10-K,2024-06-24,2024,https://www.sec.gov/Archives/edgar/data/726958/000072695824000046/casy-20240430.htm,downloaded_not_uploaded
181,REBN,0001707910,0001213900-26-046490,10-K,2026-04-22,2026,https://www.sec.gov/Archives/edgar/data/1707910/000121390026046490/ea0285633-10k_reborn.htm,downloaded_not_uploaded
181,REBN,0001707910,0001213900-25-026307,10-K,2025-03-31,2025,https://www.sec.gov/Archives/edgar/data/1707910/000121390025026307/ea0236048-10k_reborn.htm,downloaded_not_uploaded
181,REBN,0001707910,0001213900-24-026917,10-K,2024-03-28,2024,https://www.sec.gov/Archives/edgar/data/1707910/000121390024026917/ea0201973-10k_reborn.htm,downloaded_not_uploaded
182,COST,0000909832,0000909832-25-000101,10-K,2025-10-08,2025,https://www.sec.gov/Archives/edgar/data/909832/000090983225000101/cost-20250831.htm,downloaded_not_uploaded
182,COST,0000909832,0000909832-24-000049,10-K,2024-10-09,2024,https://www.sec.gov/Archives/edgar/data/909832/000090983224000049/cost-20240901.htm,downloaded_not_uploaded
182,COST,0000909832,0000909832-23-000042,10-K,2023-10-11,2023,https://www.sec.gov/Archives/edgar/data/909832/000090983223000042/cost-20230903.htm,downloaded_not_uploaded
183,BJ,0001531152,0001531152-26-000007,10-K,2026-03-12,2026,https://www.sec.gov/Archives/edgar/data/1531152/000153115226000007/bj-20260131.htm,downloaded_not_uploaded
183,BJ,0001531152,0001531152-25-000013,10-K,2025-03-14,2025,https://www.sec.gov/Archives/edgar/data/1531152/000153115225000013/bj-20250201.htm,downloaded_not_uploaded
183,BJ,0001531152,0001531152-24-000026,10-K,2024-03-18,2024,https://www.sec.gov/Archives/edgar/data/1531152/000153115224000026/bj-20240203.htm,downloaded_not_uploaded
184,DG,0000029534,0001104659-26-032325,10-K,2026-03-20,2026,https://www.sec.gov/Archives/edgar/data/29534/000110465926032325/dg-20260130x10k.htm,downloaded_not_uploaded
184,DG,0000029534,0001558370-25-003413,10-K,2025-03-21,2025,https://www.sec.gov/Archives/edgar/data/29534/000155837025003413/dg-20250131x10k.htm,downloaded_not_uploaded
184,DG,0000029534,0001558370-24-003813,10-K,2024-03-25,2024,https://www.sec.gov/Archives/edgar/data/29534/000155837024003813/dg-20240202x10k.htm,downloaded_not_uploaded
185,TGT,0000027419,0000027419-26-000016,10-K,2026-03-11,2026,https://www.sec.gov/Archives/edgar/data/27419/000002741926000016/tgt-20260131.htm,downloaded_not_uploaded
185,TGT,0000027419,0000027419-25-000018,10-K,2025-03-12,2025,https://www.sec.gov/Archives/edgar/data/27419/000002741925000018/tgt-20250201.htm,downloaded_not_uploaded
185,TGT,0000027419,0000027419-24-000032,10-K,2024-03-13,2024,https://www.sec.gov/Archives/edgar/data/27419/000002741924000032/tgt-20240203.htm,downloaded_not_uploaded
186,WMT,0000104169,0000104169-26-000055,10-K,2026-03-13,2026,https://www.sec.gov/Archives/edgar/data/104169/000010416926000055/wmt-20260131.htm,downloaded_not_uploaded
186,WMT,0000104169,0000104169-25-000021,10-K,2025-03-14,2025,https://www.sec.gov/Archives/edgar/data/104169/000010416925000021/wmt-20250131.htm,downloaded_not_uploaded
186,WMT,0000104169,0000104169-24-000056,10-K,2024-03-15,2024,https://www.sec.gov/Archives/edgar/data/104169/000010416924000056/wmt-20240131.htm,downloaded_not_uploaded
187,DLTR,0000935703,0000935703-26-000025,10-K,2026-03-16,2026,https://www.sec.gov/Archives/edgar/data/935703/000093570326000025/dltr-20260131.htm,downloaded_not_uploaded
187,DLTR,0000935703,0000935703-25-000015,10-K,2025-03-26,2025,https://www.sec.gov/Archives/edgar/data/935703/000093570325000015/dltr-20250201.htm,downloaded_not_uploaded
187,DLTR,0000935703,0000935703-24-000011,10-K,2024-03-20,2024,https://www.sec.gov/Archives/edgar/data/935703/000093570324000011/dltr-20240203.htm,downloaded_not_uploaded
188,PSMT,0001041803,0001041803-25-000060,10-K,2025-10-30,2025,https://www.sec.gov/Archives/edgar/data/1041803/000104180325000060/psmt-20250831.htm,downloaded_not_uploaded
188,PSMT,0001041803,0001041803-24-000044,10-K,2024-10-30,2024,https://www.sec.gov/Archives/edgar/data/1041803/000104180324000044/psmt-20240831.htm,downloaded_not_uploaded
188,PSMT,0001041803,0001041803-23-000054,10-K,2023-10-30,2023,https://www.sec.gov/Archives/edgar/data/1041803/000104180323000054/psmt-20230831.htm,downloaded_not_uploaded
189,AAPL,0000320193,0000320193-25-000079,10-K,2025-10-31,2025,https://www.sec.gov/Archives/edgar/data/320193/000032019325000079/aapl-20250927.htm,downloaded_not_uploaded
189,AAPL,0000320193,0000320193-24-000123,10-K,2024-11-01,2024,https://www.sec.gov/Archives/edgar/data/320193/000032019324000123/aapl-20240928.htm,downloaded_not_uploaded
189,AAPL,0000320193,0000320193-23-000106,10-K,2023-11-03,2023,https://www.sec.gov/Archives/edgar/data/320193/000032019323000106/aapl-20230930.htm,downloaded_not_uploaded
190,CVS,0000064803,0000064803-26-000010,10-K,2026-02-10,2026,https://www.sec.gov/Archives/edgar/data/64803/000006480326000010/cvs-20251231.htm,downloaded_not_uploaded
190,CVS,0000064803,0000064803-25-000007,10-K,2025-02-12,2025,https://www.sec.gov/Archives/edgar/data/64803/000006480325000007/cvs-20241231.htm,downloaded_not_uploaded
190,CVS,0000064803,0000064803-24-000007,10-K,2024-02-07,2024,https://www.sec.gov/Archives/edgar/data/64803/000006480324000007/cvs-20231231.htm,downloaded_not_uploaded
191,DELL,0001571996,0001571996-26-000008,10-K,2026-03-16,2026,https://www.sec.gov/Archives/edgar/data/1571996/000157199626000008/dell-20260130.htm,downloaded_not_uploaded
191,DELL,0001571996,0001571996-25-000034,10-K,2025-03-25,2025,https://www.sec.gov/Archives/edgar/data/1571996/000157199625000034/dell-20250131.htm,downloaded_not_uploaded
191,DELL,0001571996,0001571996-24-000036,10-K,2024-03-25,2024,https://www.sec.gov/Archives/edgar/data/1571996/000157199624000036/dell-20240202.htm,downloaded_not_uploaded
192,T,0000732717,0000732717-26-000120,10-K,2026-02-09,2026,https://www.sec.gov/Archives/edgar/data/732717/000073271726000120/t-20251231.htm,downloaded_not_uploaded
192,T,0000732717,0000732717-25-000013,10-K,2025-02-12,2025,https://www.sec.gov/Archives/edgar/data/732717/000073271725000013/t-20241231.htm,downloaded_not_uploaded
192,T,0000732717,0000732717-24-000009,10-K,2024-02-23,2024,https://www.sec.gov/Archives/edgar/data/732717/000073271724000009/t-20231231.htm,downloaded_not_uploaded
193,VZ,0000732712,0000732712-26-000007,10-K,2026-02-17,2026,https://www.sec.gov/Archives/edgar/data/732712/000073271226000007/vz-20251231.htm,downloaded_not_uploaded
193,VZ,0000732712,0000732712-25-000006,10-K,2025-02-12,2025,https://www.sec.gov/Archives/edgar/data/732712/000073271225000006/vz-20241231.htm,downloaded_not_uploaded
193,VZ,0000732712,0000732712-24-000010,10-K,2024-02-09,2024,https://www.sec.gov/Archives/edgar/data/732712/000073271224000010/vz-20231231.htm,downloaded_not_uploaded
194,XOM,0000034088,0000034088-26-000045,10-K,2026-02-18,2026,https://www.sec.gov/Archives/edgar/data/34088/000003408826000045/xom-20251231.htm,downloaded_not_uploaded
194,XOM,0000034088,0000034088-25-000010,10-K,2025-02-19,2025,https://www.sec.gov/Archives/edgar/data/34088/000003408825000010/xom-20241231.htm,downloaded_not_uploaded
194,XOM,0000034088,0000034088-24-000018,10-K,2024-02-28,2024,https://www.sec.gov/Archives/edgar/data/34088/000003408824000018/xom-20231231.htm,downloaded_not_uploaded
